version 2
JvmtiExport can_access_local_variables 0
JvmtiExport can_hotswap_or_post_breakpoint 0
JvmtiExport can_post_on_exceptions 0
# 251 ciObject found
instanceKlass jdk/internal/org/objectweb/asm/ClassWriter
ciInstanceKlass java/lang/Cloneable 1 0 7 100 1 100 1 1 1
# instanceKlass org/gradle/internal/resource/cached/AbstractCachedIndex$$Lambda+0x000001af817629b8
instanceKlass org/gradle/api/internal/artifacts/ivyservice/modulecache/artifacts/ArtifactAtRepositoryKey
# instanceKlass org/gradle/api/internal/artifacts/ivyservice/ivyresolve/ErrorHandlingModuleComponentRepository$ErrorHandlingModuleComponentRepositoryAccess$$Lambda+0x000001af81762570
# instanceKlass org/gradle/api/internal/artifacts/ivyservice/ivyresolve/ErrorHandlingModuleComponentRepository$ErrorHandlingModuleComponentRepositoryAccess$$Lambda+0x000001af81762348
# instanceKlass org/gradle/api/internal/artifacts/ivyservice/ivyresolve/ErrorHandlingModuleComponentRepository$ErrorHandlingModuleComponentRepositoryAccess$$Lambda+0x000001af81762120
instanceKlass org/gradle/api/internal/artifacts/DefaultResolvedArtifact
# instanceKlass org/gradle/api/internal/artifacts/ivyservice/ivyresolve/RepositoryChainArtifactResolver$$Lambda+0x000001af817618e0
instanceKlass org/gradle/api/artifacts/ResolvedArtifact
instanceKlass org/gradle/api/internal/artifacts/DefaultResolvableArtifact
# instanceKlass org/gradle/api/internal/artifacts/ivyservice/ivyresolve/RepositoryChainArtifactResolver$$Lambda+0x000001af81761408
# instanceKlass org/gradle/api/internal/artifacts/ivyservice/ivyresolve/RepositoryChainArtifactResolver$$Lambda+0x000001af817611c0
# instanceKlass org/gradle/api/internal/artifacts/ivyservice/ivyresolve/RepositoryChainArtifactResolver$$Lambda+0x000001af81760fa0
instanceKlass  @bci org/gradle/api/internal/attributes/matching/DefaultAttributeMatcher doIsMatchingCandidate (Lorg/gradle/api/internal/attributes/matching/DefaultAttributeMatcher$MatchingCandidateCacheKey;)Z 18 <appendix> member <vmtarget> ; # org/gradle/api/internal/attributes/matching/DefaultAttributeMatcher$$Lambda+0x000001af81760488
instanceKlass  @cpi org/gradle/api/internal/attributes/matching/DefaultAttributeMatcher 358 form vmentry <vmtarget> ; # java/lang/invoke/LambdaForm$DMH+0x000001af81764000
instanceKlass org/gradle/api/internal/attributes/matching/DefaultAttributeMatcher$CoercingAttributeValuePredicate
instanceKlass org/gradle/api/internal/artifacts/ivyservice/resolveengine/artifact/DefaultResolvedVariantSet
instanceKlass org/gradle/internal/resolve/result/BuildableArtifactResolveResult
instanceKlass org/gradle/internal/resolve/resolver/DefaultComponentArtifactResolver
instanceKlass org/gradle/api/internal/artifacts/ivyservice/resolveengine/artifact/ArtifactBackedResolvedVariant
instanceKlass org/gradle/api/artifacts/type/ArtifactTypeDefinition
instanceKlass org/gradle/internal/component/model/DefaultExternalModuleComponentGraphResolveState$ExternalArtifactResolveMetadata
instanceKlass org/gradle/api/internal/artifacts/configurations/ResolveConfigurationResolutionBuildOperationResult
instanceKlass org/gradle/api/internal/artifacts/configurations/ResolveConfigurationDependenciesBuildOperationType$Result
instanceKlass org/gradle/api/internal/artifacts/DefaultResolverResults
instanceKlass org/gradle/api/internal/artifacts/DefaultResolverResults$DefaultLegacyResolverResults
instanceKlass org/gradle/api/internal/artifacts/ResolverResults$LegacyResolverResults
instanceKlass org/gradle/api/internal/artifacts/ivyservice/DefaultResolvedConfiguration
instanceKlass org/gradle/api/internal/artifacts/ivyservice/resolveengine/artifact/ArtifactSelectionSpec
instanceKlass org/gradle/api/internal/artifacts/ivyservice/DefaultLenientConfiguration
instanceKlass org/gradle/api/internal/artifacts/ivyservice/resolveengine/oldresult/TransientConfigurationResultsLoader
instanceKlass org/gradle/api/internal/artifacts/transform/ResolvedVariantTransformer
instanceKlass org/gradle/api/internal/artifacts/ivyservice/resolveengine/artifact/ResolvedVariant
instanceKlass org/gradle/internal/resolve/resolver/ComponentArtifactResolver
instanceKlass org/gradle/internal/resolve/resolver/DefaultVariantArtifactResolver
instanceKlass  @bci org/gradle/api/internal/artifacts/transform/DefaultTransformUpstreamDependenciesResolver <init> (Lorg/gradle/api/internal/artifacts/configurations/ResolutionHost;Lorg/gradle/operations/dependencies/configurations/ConfigurationIdentity;Lorg/gradle/api/internal/attributes/ImmutableAttributes;Lorg/gradle/api/artifacts/ResolutionStrategy$SortOrder;Lorg/gradle/api/internal/artifacts/ivyservice/resolveengine/graph/results/VisitedGraphResults;Lorg/gradle/api/internal/artifacts/ivyservice/resolveengine/artifact/VisitedArtifactSet;Lorg/gradle/api/internal/DomainObjectContext;Lorg/gradle/internal/model/CalculatedValueContainerFactory;Lorg/gradle/api/internal/attributes/AttributesFactory;Lorg/gradle/api/internal/tasks/TaskDependencyFactory;)V 80 <appendix> member <vmtarget> ; # org/gradle/api/internal/artifacts/transform/DefaultTransformUpstreamDependenciesResolver$$Lambda+0x000001af8175f428
instanceKlass  @bci org/gradle/api/internal/artifacts/transform/DefaultTransformUpstreamDependenciesResolver <init> (Lorg/gradle/api/internal/artifacts/configurations/ResolutionHost;Lorg/gradle/operations/dependencies/configurations/ConfigurationIdentity;Lorg/gradle/api/internal/attributes/ImmutableAttributes;Lorg/gradle/api/artifacts/ResolutionStrategy$SortOrder;Lorg/gradle/api/internal/artifacts/ivyservice/resolveengine/graph/results/VisitedGraphResults;Lorg/gradle/api/internal/artifacts/ivyservice/resolveengine/artifact/VisitedArtifactSet;Lorg/gradle/api/internal/DomainObjectContext;Lorg/gradle/internal/model/CalculatedValueContainerFactory;Lorg/gradle/api/internal/attributes/AttributesFactory;Lorg/gradle/api/internal/tasks/TaskDependencyFactory;)V 53 <appendix> member <vmtarget> ; # org/gradle/api/internal/artifacts/transform/DefaultTransformUpstreamDependenciesResolver$$Lambda+0x000001af8175f1a8
instanceKlass org/gradle/api/internal/artifacts/transform/DefaultTransformUpstreamDependenciesResolver$2
instanceKlass org/gradle/api/internal/artifacts/transform/DefaultTransformUpstreamDependenciesResolver$1
instanceKlass org/gradle/api/internal/artifacts/transform/TransformUpstreamDependencies
instanceKlass org/gradle/api/internal/artifacts/transform/TransformDependencies
instanceKlass org/gradle/api/internal/artifacts/transform/DefaultTransformUpstreamDependenciesResolver
instanceKlass org/gradle/api/internal/artifacts/ivyservice/resolveengine/artifact/ArtifactSelectionServices
instanceKlass org/gradle/api/internal/artifacts/transform/TransformationChainSelector
instanceKlass org/gradle/api/internal/artifacts/transform/AttributeMatchingArtifactVariantSelector
instanceKlass org/gradle/api/internal/artifacts/transform/ArtifactVariantSelector
instanceKlass org/gradle/internal/resolve/resolver/VariantArtifactResolver
instanceKlass org/gradle/api/internal/artifacts/ivyservice/resolveengine/artifact/DefaultVisitedArtifactSet
instanceKlass  @bci org/gradle/api/internal/artifacts/ivyservice/ResolutionExecutor resolveGraph (Lorg/gradle/api/internal/artifacts/LegacyResolutionParameters;Lorg/gradle/api/internal/artifacts/ivyservice/ResolutionParameters;Ljava/util/List;)Lorg/gradle/api/internal/artifacts/ResolverResults; 431 <appendix> member <vmtarget> ; # org/gradle/api/internal/artifacts/ivyservice/ResolutionExecutor$$Lambda+0x000001af8175d7f0
instanceKlass org/gradle/api/internal/artifacts/transform/TransformUpstreamDependenciesResolver$Factory
instanceKlass org/gradle/api/internal/artifacts/ivyservice/resolveengine/graph/results/DefaultVisitedGraphResults
instanceKlass  @bci org/gradle/api/internal/artifacts/ivyservice/resolveengine/result/StreamingResolutionResultBuilder getResolutionResult (Ljava/util/Set;)Lorg/gradle/api/internal/artifacts/result/MinimalResolutionResult; 50 <appendix> member <vmtarget> ; # org/gradle/api/internal/artifacts/ivyservice/resolveengine/result/StreamingResolutionResultBuilder$$Lambda+0x000001af8175d168
instanceKlass org/gradle/api/internal/artifacts/result/ResolvedComponentResultInternal
instanceKlass org/gradle/api/internal/artifacts/result/MinimalResolutionResult
instanceKlass org/gradle/api/internal/artifacts/ivyservice/resolveengine/result/ResolvedComponentVisitor
instanceKlass org/gradle/api/internal/artifacts/ivyservice/resolveengine/result/StreamingResolutionResultBuilder$RootFactory
instanceKlass org/gradle/api/internal/artifacts/ivyservice/resolveengine/oldresult/DefaultResolvedGraphResults
instanceKlass org/gradle/api/internal/artifacts/ivyservice/resolveengine/result/DefaultVisitedFileDependencyResults
instanceKlass org/gradle/api/internal/artifacts/ivyservice/resolveengine/artifact/SelectedArtifactResults
instanceKlass org/gradle/api/internal/artifacts/ivyservice/resolveengine/artifact/DefaultVisitedArtifactResults
instanceKlass org/gradle/api/internal/artifacts/ivyservice/resolveengine/store/DefaultBinaryStore$SimpleBinaryData
instanceKlass  @bci org/gradle/api/internal/artifacts/ivyservice/resolveengine/oldresult/TransientConfigurationResultsBuilder done (Ljava/lang/Long;)V 5 <appendix> member <vmtarget> ; # org/gradle/api/internal/artifacts/ivyservice/resolveengine/oldresult/TransientConfigurationResultsBuilder$$Lambda+0x000001af81757bc0
instanceKlass  @bci org/gradle/api/internal/artifacts/ivyservice/resolveengine/result/StreamingResolutionResultBuilder finish (Lorg/gradle/api/internal/artifacts/ivyservice/resolveengine/graph/RootGraphNode;)V 5 <appendix> member <vmtarget> ; # org/gradle/api/internal/artifacts/ivyservice/resolveengine/result/StreamingResolutionResultBuilder$$Lambda+0x000001af81757998
instanceKlass  @bci org/gradle/api/internal/artifacts/ivyservice/resolveengine/oldresult/TransientConfigurationResultsBuilder parentChildMapping (Ljava/lang/Long;Ljava/lang/Long;I)V 7 <appendix> member <vmtarget> ; # org/gradle/api/internal/artifacts/ivyservice/resolveengine/oldresult/TransientConfigurationResultsBuilder$$Lambda+0x000001af81757770
instanceKlass  @cpi org/gradle/api/internal/artifacts/ivyservice/resolveengine/oldresult/TransientConfigurationResultsBuilder 402 form vmentry <vmtarget> ; # java/lang/invoke/LambdaForm$DMH+0x000001af81759c00
instanceKlass org/gradle/api/internal/artifacts/ivyservice/resolveengine/artifact/ResolvedVariantSet
instanceKlass org/gradle/api/internal/artifacts/ivyservice/resolveengine/artifact/VariantResolvingArtifactSet
instanceKlass  @bci org/gradle/api/internal/artifacts/ivyservice/resolveengine/result/StreamingResolutionResultBuilder visitEdges (Lorg/gradle/api/internal/artifacts/ivyservice/resolveengine/graph/DependencyGraphNode;)V 80 <adapter> ; # java/lang/invoke/LambdaForm$MH+0x000001af81759800
# instanceKlass java/lang/invoke/LambdaForm$DMH+0x000001af81759400
instanceKlass  @bci org/gradle/api/internal/artifacts/ivyservice/resolveengine/result/StreamingResolutionResultBuilder visitEdges (Lorg/gradle/api/internal/artifacts/ivyservice/resolveengine/graph/DependencyGraphNode;)V 80 <appendix> form vmentry <vmtarget> ; # java/lang/invoke/LambdaForm$DMH+0x000001af81759000
instanceKlass  @bci org/gradle/api/internal/artifacts/ivyservice/resolveengine/result/StreamingResolutionResultBuilder visitEdges (Lorg/gradle/api/internal/artifacts/ivyservice/resolveengine/graph/DependencyGraphNode;)V 80 <appendix> member <vmtarget> ; # org/gradle/api/internal/artifacts/ivyservice/resolveengine/result/StreamingResolutionResultBuilder$$Lambda+0x000001af81756cc8
instanceKlass  @cpi org/gradle/api/internal/artifacts/ivyservice/resolveengine/result/StreamingResolutionResultBuilder 379 form vmentry <vmtarget> ; # java/lang/invoke/LambdaForm$DMH+0x000001af81758c00
instanceKlass  @bci org/gradle/api/internal/artifacts/ivyservice/resolveengine/oldresult/TransientConfigurationResultsBuilder firstLevelDependency (Ljava/lang/Long;)V 5 <appendix> member <vmtarget> ; # org/gradle/api/internal/artifacts/ivyservice/resolveengine/oldresult/TransientConfigurationResultsBuilder$$Lambda+0x000001af81756aa0
instanceKlass org/gradle/api/internal/artifacts/ivyservice/resolveengine/graph/conflicts/VersionConflictResolutionDetails
instanceKlass  @bci org/gradle/api/internal/artifacts/ivyservice/resolveengine/oldresult/TransientConfigurationResultsBuilder resolvedDependency (Ljava/lang/Long;Lorg/gradle/api/artifacts/ModuleVersionIdentifier;Ljava/lang/String;)V 8 <appendix> member <vmtarget> ; # org/gradle/api/internal/artifacts/ivyservice/resolveengine/oldresult/TransientConfigurationResultsBuilder$$Lambda+0x000001af81756640
instanceKlass  @bci org/gradle/internal/component/model/AbstractComponentGraphResolveState getPublicViewFor (Lorg/gradle/internal/component/model/VariantGraphResolveState;Lorg/gradle/api/artifacts/result/ResolvedVariantResult;)Lorg/gradle/api/artifacts/result/ResolvedVariantResult; 26 <appendix> member <vmtarget> ; # org/gradle/internal/component/model/AbstractComponentGraphResolveState$$Lambda+0x000001af817563f8
instanceKlass  @bci org/gradle/api/internal/artifacts/ivyservice/resolveengine/graph/builder/ComponentState getSelectedVariants ()Ljava/util/List; 11 <appendix> member <vmtarget> ; # org/gradle/api/internal/artifacts/ivyservice/resolveengine/graph/builder/ComponentState$$Lambda+0x000001af817561c0
instanceKlass org/gradle/api/internal/artifacts/ivyservice/resolveengine/result/ComponentSelectionReasons$DefaultComponentSelectionReason
instanceKlass  @bci org/gradle/api/internal/artifacts/ivyservice/resolveengine/result/StreamingResolutionResultBuilder visitNode (Lorg/gradle/api/internal/artifacts/ivyservice/resolveengine/graph/DependencyGraphNode;)V 34 <appendix> member <vmtarget> ; # org/gradle/api/internal/artifacts/ivyservice/resolveengine/result/StreamingResolutionResultBuilder$$Lambda+0x000001af81755cb8
instanceKlass org/gradle/cache/internal/BinaryStore$WriteAction
instanceKlass org/gradle/internal/component/external/model/ExternalModuleDependencyMetadata
instanceKlass org/gradle/api/internal/artifacts/ivyservice/resolveengine/excludes/factories/Optimizations
instanceKlass  @bci org/gradle/api/internal/artifacts/ivyservice/resolveengine/excludes/factories/OptimizingExcludeFactory anyOf (Lorg/gradle/api/internal/artifacts/ivyservice/resolveengine/excludes/specs/ExcludeSpec;Lorg/gradle/api/internal/artifacts/ivyservice/resolveengine/excludes/specs/ExcludeSpec;)Lorg/gradle/api/internal/artifacts/ivyservice/resolveengine/excludes/specs/ExcludeSpec; 3 <appendix> member <vmtarget> ; # org/gradle/api/internal/artifacts/ivyservice/resolveengine/excludes/factories/OptimizingExcludeFactory$$Lambda+0x000001af81754d20
instanceKlass  @bci org/gradle/api/internal/artifacts/ivyservice/resolveengine/graph/builder/ResolveState getNode (Lorg/gradle/api/internal/artifacts/ivyservice/resolveengine/graph/builder/ComponentState;Lorg/gradle/internal/component/model/VariantGraphResolveState;Z)Lorg/gradle/api/internal/artifacts/ivyservice/resolveengine/graph/builder/NodeState; 29 <appendix> member <vmtarget> ; # org/gradle/api/internal/artifacts/ivyservice/resolveengine/graph/builder/ResolveState$$Lambda+0x000001af81754ad8
instanceKlass org/gradle/internal/component/model/GraphVariantSelectionResult
# instanceKlass java/lang/invoke/LambdaForm$MH+0x000001af81758800
# instanceKlass java/lang/invoke/LambdaForm$MH+0x000001af81758400
# instanceKlass java/lang/invoke/LambdaForm$MH+0x000001af81758000
instanceKlass org/gradle/internal/component/model/DefaultMultipleCandidateResult
instanceKlass  @bci org/gradle/api/internal/attributes/matching/MultipleCandidateMatcher disambiguateExtraAttribute (Lorg/gradle/api/attributes/Attribute;Ljava/util/BitSet;)V 3 <appendix> member <vmtarget> ; # org/gradle/api/internal/attributes/matching/MultipleCandidateMatcher$$Lambda+0x000001af81754410
instanceKlass org/gradle/api/internal/attributes/matching/AttributeSelectionSchema$PrecedenceResult
instanceKlass org/gradle/api/internal/attributes/matching/MultipleCandidateMatcher
instanceKlass org/gradle/internal/component/model/LoggingAttributeMatchingExplanationBuilder
instanceKlass org/gradle/internal/component/model/AttributeMatchingExplanationBuilder$1
instanceKlass org/gradle/internal/component/model/AttributeMatchingExplanationBuilder
instanceKlass  @bci org/gradle/api/internal/attributes/matching/DefaultAttributeMatcher <init> (Lorg/gradle/api/internal/attributes/matching/AttributeSelectionSchema;Lorg/gradle/internal/model/InMemoryCacheFactory;)V 26 <appendix> member <vmtarget> ; # org/gradle/api/internal/attributes/matching/DefaultAttributeMatcher$$Lambda+0x000001af81753698
instanceKlass org/gradle/api/internal/attributes/matching/DefaultAttributeMatcher$MatchingCandidateCacheKey
instanceKlass  @bci org/gradle/api/internal/attributes/matching/DefaultAttributeMatcher <init> (Lorg/gradle/api/internal/attributes/matching/AttributeSelectionSchema;Lorg/gradle/internal/model/InMemoryCacheFactory;)V 12 <appendix> member <vmtarget> ; # org/gradle/api/internal/attributes/matching/DefaultAttributeMatcher$$Lambda+0x000001af81753240
instanceKlass org/gradle/api/internal/attributes/matching/DefaultAttributeMatcher$CachedQuery
instanceKlass  @bci org/gradle/api/internal/attributes/matching/CachingAttributeSelectionSchema <init> (Lorg/gradle/api/internal/attributes/matching/AttributeSelectionSchema;Lorg/gradle/internal/model/InMemoryCacheFactory;)V 26 <appendix> member <vmtarget> ; # org/gradle/api/internal/attributes/matching/CachingAttributeSelectionSchema$$Lambda+0x000001af81752de8
instanceKlass org/gradle/api/internal/attributes/matching/CachingAttributeSelectionSchema$MatchValueKey
instanceKlass  @bci org/gradle/api/internal/attributes/matching/CachingAttributeSelectionSchema <init> (Lorg/gradle/api/internal/attributes/matching/AttributeSelectionSchema;Lorg/gradle/internal/model/InMemoryCacheFactory;)V 12 <appendix> member <vmtarget> ; # org/gradle/api/internal/attributes/matching/CachingAttributeSelectionSchema$$Lambda+0x000001af81752990
instanceKlass org/gradle/api/internal/attributes/matching/CachingAttributeSelectionSchema$ExtraAttributesKey
instanceKlass org/gradle/api/internal/attributes/MultipleCandidatesResult
instanceKlass org/gradle/api/attributes/MultipleCandidatesDetails
instanceKlass org/gradle/api/internal/attributes/CompatibilityCheckResult
instanceKlass org/gradle/api/attributes/CompatibilityCheckDetails
instanceKlass org/gradle/api/internal/attributes/matching/DefaultAttributeSelectionSchema
instanceKlass org/gradle/api/internal/attributes/matching/CachingAttributeSelectionSchema
instanceKlass org/gradle/internal/component/model/DefaultExternalModuleComponentGraphResolveState$DefaultConfigurationArtifactResolveState
instanceKlass  @bci org/gradle/internal/component/model/DefaultExternalModuleComponentGraphResolveState resolveStateFor (Lorg/gradle/internal/component/model/ModuleConfigurationMetadata;)Lorg/gradle/internal/component/model/ConfigurationGraphResolveState; 7 <appendix> member <vmtarget> ; # org/gradle/internal/component/model/DefaultExternalModuleComponentGraphResolveState$$Lambda+0x000001af817519b8
instanceKlass org/gradle/internal/component/model/DefaultExternalModuleComponentGraphResolveState$DefaultConfigurationGraphResolveState
instanceKlass org/gradle/internal/component/model/ConfigurationGraphResolveState
instanceKlass  @bci org/gradle/internal/component/model/DefaultExternalModuleComponentGraphResolveState lambda$new$1 (Lorg/gradle/internal/component/external/model/ExternalModuleComponentGraphResolveMetadata;)Ljava/util/List; 29 <appendix> member <vmtarget> ; # org/gradle/internal/component/model/DefaultExternalModuleComponentGraphResolveState$$Lambda+0x000001af81751260
instanceKlass  @bci org/gradle/internal/component/model/DefaultExternalModuleComponentGraphResolveState lambda$new$1 (Lorg/gradle/internal/component/external/model/ExternalModuleComponentGraphResolveMetadata;)Ljava/util/List; 18 <appendix> member <vmtarget> ; # org/gradle/internal/component/model/DefaultExternalModuleComponentGraphResolveState$$Lambda+0x000001af81751018
instanceKlass org/gradle/internal/component/model/DefaultExternalModuleComponentGraphResolveState$ExternalGraphSelectionCandidates
instanceKlass org/gradle/api/internal/artifacts/ivyservice/ivyresolve/ModuleComponentGraphSpecificResolveState
instanceKlass org/gradle/api/internal/artifacts/ivyservice/ivyresolve/RepositoryChainModuleResolution
instanceKlass org/gradle/api/internal/artifacts/ivyservice/ivyresolve/RepositoryChainComponentMetaDataResolver$2
instanceKlass org/gradle/api/internal/artifacts/DefaultComponentSelection
instanceKlass org/gradle/api/internal/artifacts/repositories/resolver/ComponentMetadataAdapter
instanceKlass org/gradle/api/internal/artifacts/ivyservice/ivyresolve/CachedMetadataProvider
instanceKlass  @bci org/gradle/api/internal/artifacts/ivyservice/ivyresolve/ErrorHandlingModuleComponentRepository$ErrorHandlingModuleComponentRepositoryAccess tryResolveAndMaybeDisable (Lorg/gradle/internal/resolve/result/ErroringResolveResult;Ljava/lang/Runnable;Lorg/gradle/api/Transformer;)V 3 <appendix> member <vmtarget> ; # org/gradle/api/internal/artifacts/ivyservice/ivyresolve/ErrorHandlingModuleComponentRepository$ErrorHandlingModuleComponentRepositoryAccess$$Lambda+0x000001af8174bdd0
instanceKlass  @bci org/gradle/api/internal/artifacts/ivyservice/ivyresolve/ErrorHandlingModuleComponentRepository$ErrorHandlingModuleComponentRepositoryAccess resolveComponentMetaData (Lorg/gradle/api/artifacts/component/ModuleComponentIdentifier;Lorg/gradle/internal/component/model/ComponentOverrideMetadata;Lorg/gradle/internal/resolve/result/BuildableModuleComponentMetaDataResolveResult;)V 19 <appendix> member <vmtarget> ; # org/gradle/api/internal/artifacts/ivyservice/ivyresolve/ErrorHandlingModuleComponentRepository$ErrorHandlingModuleComponentRepositoryAccess$$Lambda+0x000001af8174bba8
instanceKlass  @bci org/gradle/api/internal/artifacts/ivyservice/ivyresolve/ErrorHandlingModuleComponentRepository$ErrorHandlingModuleComponentRepositoryAccess resolveComponentMetaData (Lorg/gradle/api/artifacts/component/ModuleComponentIdentifier;Lorg/gradle/internal/component/model/ComponentOverrideMetadata;Lorg/gradle/internal/resolve/result/BuildableModuleComponentMetaDataResolveResult;)V 13 <appendix> member <vmtarget> ; # org/gradle/api/internal/artifacts/ivyservice/ivyresolve/ErrorHandlingModuleComponentRepository$ErrorHandlingModuleComponentRepositoryAccess$$Lambda+0x000001af8174b980
instanceKlass  @bci org/gradle/api/internal/artifacts/ivyservice/ivyresolve/ErrorHandlingModuleComponentRepository$ErrorHandlingModuleComponentRepositoryAccess resolveComponentMetaData (Lorg/gradle/api/artifacts/component/ModuleComponentIdentifier;Lorg/gradle/internal/component/model/ComponentOverrideMetadata;Lorg/gradle/internal/resolve/result/BuildableModuleComponentMetaDataResolveResult;)V 6 <appendix> member <vmtarget> ; # org/gradle/api/internal/artifacts/ivyservice/ivyresolve/ErrorHandlingModuleComponentRepository$ErrorHandlingModuleComponentRepositoryAccess$$Lambda+0x000001af8174b758
instanceKlass org/gradle/api/internal/artifacts/ivyservice/ivyresolve/ComponentMetaDataResolveState
instanceKlass org/gradle/api/internal/artifacts/ivyservice/ivyresolve/RepositoryFailureCollector
instanceKlass  @bci org/gradle/api/internal/artifacts/ivyservice/ivyresolve/RepositoryChainComponentMetaDataResolver createValueContainerFor (Lorg/gradle/api/artifacts/component/ComponentIdentifier;Lorg/gradle/internal/component/model/ComponentOverrideMetadata;)Lorg/gradle/internal/model/CalculatedValue; 11 <appendix> member <vmtarget> ; # org/gradle/api/internal/artifacts/ivyservice/ivyresolve/RepositoryChainComponentMetaDataResolver$$Lambda+0x000001af8174a8b8
instanceKlass  @bci org/gradle/api/internal/artifacts/ivyservice/ivyresolve/RepositoryChainComponentMetaDataResolver resolve (Lorg/gradle/api/artifacts/component/ComponentIdentifier;Lorg/gradle/internal/component/model/ComponentOverrideMetadata;Lorg/gradle/internal/resolve/result/BuildableComponentResolveResult;)V 28 <appendix> member <vmtarget> ; # org/gradle/api/internal/artifacts/ivyservice/ivyresolve/RepositoryChainComponentMetaDataResolver$$Lambda+0x000001af8174a690
instanceKlass org/gradle/api/internal/artifacts/ivyservice/DefaultCacheExpirationControl$AbstractResolutionControl
instanceKlass org/gradle/api/internal/artifacts/ivyservice/modulecache/dynamicversions/DefaultResolvedModuleVersion
instanceKlass  @bci org/gradle/api/internal/attributes/AttributeDesugaring desugar (Lorg/gradle/api/internal/attributes/ImmutableAttributes;)Lorg/gradle/api/internal/attributes/ImmutableAttributes; 17 <appendix> member <vmtarget> ; # org/gradle/api/internal/attributes/AttributeDesugaring$$Lambda+0x000001af817494a8
instanceKlass  @bci org/gradle/internal/component/external/model/VariantMetadataRules getAttributes (Ljava/lang/String;)Lorg/gradle/api/internal/attributes/AttributeContainerInternal; 15 <appendix> member <vmtarget> ; # org/gradle/internal/component/external/model/VariantMetadataRules$$Lambda+0x000001af81749260
instanceKlass  @bci org/gradle/internal/component/model/DefaultExternalModuleComponentGraphResolveState <init> (JLorg/gradle/internal/component/external/model/ExternalModuleComponentGraphResolveMetadata;Lorg/gradle/internal/component/external/model/ExternalComponentResolveMetadata;Lorg/gradle/api/internal/attributes/AttributeDesugaring;Lorg/gradle/internal/component/model/ComponentIdGenerator;)V 92 <appendix> member <vmtarget> ; # org/gradle/internal/component/model/DefaultExternalModuleComponentGraphResolveState$$Lambda+0x000001af81749018
instanceKlass org/gradle/api/internal/artifacts/result/DefaultResolvedVariantResult
instanceKlass  @bci org/gradle/internal/component/model/DefaultExternalModuleComponentGraphResolveState <init> (JLorg/gradle/internal/component/external/model/ExternalModuleComponentGraphResolveMetadata;Lorg/gradle/internal/component/external/model/ExternalComponentResolveMetadata;Lorg/gradle/api/internal/attributes/AttributeDesugaring;Lorg/gradle/internal/component/model/ComponentIdGenerator;)V 79 <appendix> argL0 ; # org/gradle/internal/component/model/DefaultExternalModuleComponentGraphResolveState$$Lambda+0x000001af81748b68
instanceKlass  @bci org/gradle/internal/component/model/DefaultExternalModuleComponentGraphResolveState <init> (JLorg/gradle/internal/component/external/model/ExternalModuleComponentGraphResolveMetadata;Lorg/gradle/internal/component/external/model/ExternalComponentResolveMetadata;Lorg/gradle/api/internal/attributes/AttributeDesugaring;Lorg/gradle/internal/component/model/ComponentIdGenerator;)V 69 <appendix> member <vmtarget> ; # org/gradle/internal/component/model/DefaultExternalModuleComponentGraphResolveState$$Lambda+0x000001af81748920
instanceKlass  @bci org/gradle/api/internal/artifacts/repositories/metadata/DefaultMavenAttributesFactory platformWithUsage (Lorg/gradle/api/internal/attributes/ImmutableAttributes;Ljava/lang/String;Z)Lorg/gradle/api/internal/attributes/ImmutableAttributes; 33 <appendix> member <vmtarget> ; # org/gradle/api/internal/artifacts/repositories/metadata/DefaultMavenAttributesFactory$$Lambda+0x000001af817486d8
instanceKlass  @bci org/gradle/api/internal/artifacts/repositories/metadata/DefaultMavenAttributesFactory javadocVariant (Lorg/gradle/api/internal/attributes/ImmutableAttributes;)Lorg/gradle/api/internal/attributes/ImmutableAttributes; 18 <appendix> member <vmtarget> ; # org/gradle/api/internal/artifacts/repositories/metadata/DefaultMavenAttributesFactory$$Lambda+0x000001af81748490
instanceKlass org/gradle/api/attributes/DocsType$Impl
instanceKlass org/gradle/api/attributes/Bundling$Impl
instanceKlass  @bci org/gradle/api/internal/artifacts/repositories/metadata/DefaultMavenAttributesFactory sourcesVariant (Lorg/gradle/api/internal/attributes/ImmutableAttributes;)Lorg/gradle/api/internal/attributes/ImmutableAttributes; 18 <appendix> member <vmtarget> ; # org/gradle/api/internal/artifacts/repositories/metadata/DefaultMavenAttributesFactory$$Lambda+0x000001af81748248
instanceKlass  @bci org/gradle/api/internal/artifacts/repositories/metadata/DefaultMavenAttributesFactory runtimeScope (Lorg/gradle/api/internal/attributes/ImmutableAttributes;)Lorg/gradle/api/internal/attributes/ImmutableAttributes; 14 <appendix> member <vmtarget> ; # org/gradle/api/internal/artifacts/repositories/metadata/DefaultMavenAttributesFactory$$Lambda+0x000001af81748000
instanceKlass org/gradle/internal/component/external/model/DefaultConfigurationMetadata$1
instanceKlass org/gradle/internal/component/external/model/DefaultConfigurationMetadata$2
instanceKlass org/gradle/internal/component/external/model/DefaultConfigurationMetadata$Builder
instanceKlass  @bci org/gradle/api/internal/artifacts/repositories/metadata/DefaultMavenAttributesFactory compileScope (Lorg/gradle/api/internal/attributes/ImmutableAttributes;)Lorg/gradle/api/internal/attributes/ImmutableAttributes; 14 <appendix> member <vmtarget> ; # org/gradle/api/internal/artifacts/repositories/metadata/DefaultMavenAttributesFactory$$Lambda+0x000001af81740800
instanceKlass org/gradle/internal/component/external/model/ShadowedImmutableCapability
instanceKlass org/gradle/api/internal/capabilities/ShadowedCapability
instanceKlass  @bci org/gradle/internal/component/external/model/maven/DefaultMavenModuleResolveMetadata createConfiguration (Lorg/gradle/api/artifacts/component/ModuleComponentIdentifier;Ljava/lang/String;ZZLcom/google/common/collect/ImmutableSet;Lorg/gradle/internal/component/external/model/VariantMetadataRules;)Lorg/gradle/internal/component/external/model/DefaultConfigurationMetadata; 39 <appendix> member <vmtarget> ; # org/gradle/internal/component/external/model/maven/DefaultMavenModuleResolveMetadata$$Lambda+0x000001af81741a80
instanceKlass org/gradle/internal/component/external/model/AbstractConfigurationMetadata
instanceKlass org/gradle/internal/component/external/model/DefaultModuleComponentArtifactMetadata
instanceKlass org/gradle/internal/component/model/DefaultIvyArtifactName
instanceKlass  @bci org/gradle/internal/component/model/DefaultExternalModuleComponentGraphResolveState <init> (JLorg/gradle/internal/component/external/model/ExternalModuleComponentGraphResolveMetadata;Lorg/gradle/internal/component/external/model/ExternalComponentResolveMetadata;Lorg/gradle/api/internal/attributes/AttributeDesugaring;Lorg/gradle/internal/component/model/ComponentIdGenerator;)V 31 <appendix> member <vmtarget> ; # org/gradle/internal/component/model/DefaultExternalModuleComponentGraphResolveState$$Lambda+0x000001af81742590
instanceKlass org/gradle/internal/component/external/model/ivy/IvyModuleResolveMetadata
instanceKlass org/gradle/api/internal/artifacts/ivyservice/ivyresolve/RepositoryChainModuleSource
instanceKlass org/gradle/internal/component/model/ImmutableModuleSources
instanceKlass org/gradle/internal/component/external/model/AbstractModuleComponentResolveMetadata
instanceKlass org/gradle/api/internal/artifacts/repositories/metadata/DefaultMetadataFileSource
instanceKlass org/gradle/api/internal/artifacts/ivyservice/ivyresolve/ModuleDescriptorHashModuleSource
instanceKlass com/google/common/collect/NullnessCasts
instanceKlass org/gradle/api/internal/artifacts/ivyservice/ivyresolve/parser/data/PomDependencyMgt
instanceKlass org/gradle/api/internal/artifacts/ivyservice/ivyresolve/parser/GradlePomModuleDescriptorBuilder
instanceKlass org/gradle/internal/component/model/MutableModuleSources
instanceKlass org/gradle/internal/component/external/model/VariantMetadataRules
instanceKlass org/gradle/internal/component/external/model/maven/MavenModuleResolveMetadata
instanceKlass org/gradle/internal/component/external/model/MutableComponentVariant
instanceKlass org/gradle/internal/component/external/model/AbstractMutableModuleComponentResolveMetadata
instanceKlass org/gradle/internal/component/external/model/ExternalDependencyDescriptor
instanceKlass  @bci org/gradle/api/internal/attributes/DefaultAttributesFactory doConcatIsolatable (Lorg/gradle/api/internal/attributes/ImmutableAttributes;Lorg/gradle/api/attributes/Attribute;Lorg/gradle/internal/isolation/Isolatable;)Lorg/gradle/api/internal/attributes/ImmutableAttributes; 51 <appendix> member <vmtarget> ; # org/gradle/api/internal/attributes/DefaultAttributesFactory$$Lambda+0x000001af8171b828
instanceKlass org/gradle/api/internal/artifacts/ivyservice/modulecache/ModuleMetadataSerializer$Reader
instanceKlass org/gradle/api/internal/artifacts/ivyservice/modulecache/StringDeduplicatingDecoder
instanceKlass  @bci org/gradle/internal/resource/local/DefaultLocallyAvailableResource <init> (Ljava/io/File;Lorg/gradle/internal/hash/ChecksumService;)V 3 <appendix> member <vmtarget> ; # org/gradle/internal/resource/local/DefaultLocallyAvailableResource$$Lambda+0x000001af8171b368
instanceKlass org/gradle/internal/resource/local/AbstractLocallyAvailableResource
instanceKlass org/gradle/internal/file/PathTraversalChecker
instanceKlass  @bci java/util/function/Predicate negate ()Ljava/util/function/Predicate; 1 <appendix> member <vmtarget> ; # java/util/function/Predicate$$Lambda+0x000001af814f0808
instanceKlass  @cpi java/util/function/Predicate 75 form vmentry <vmtarget> ; # java/lang/invoke/LambdaForm$DMH+0x000001af81740000
instanceKlass  @bci org/gradle/internal/resource/local/DefaultPathKeyFileStore getFile ([Ljava/lang/String;)Ljava/io/File; 17 <appendix> argL0 ; # org/gradle/internal/resource/local/DefaultPathKeyFileStore$$Lambda+0x000001af8171a9e0
instanceKlass org/gradle/api/internal/artifacts/ivyservice/resolveengine/result/ComponentIdentifierSerializer$1
instanceKlass  @bci org/gradle/api/internal/artifacts/ivyservice/WritableArtifactCacheLockingAccessCoordinator$CacheLockingIndexedCache getIfPresent (Ljava/lang/Object;)Ljava/lang/Object; 9 <appendix> member <vmtarget> ; # org/gradle/api/internal/artifacts/ivyservice/WritableArtifactCacheLockingAccessCoordinator$CacheLockingIndexedCache$$Lambda+0x000001af8173e878
instanceKlass  @bci org/gradle/api/internal/artifacts/ivyservice/modulecache/PersistentModuleMetadataCache get (Lorg/gradle/api/internal/artifacts/ivyservice/modulecache/ModuleComponentAtRepositoryKey;)Lorg/gradle/api/internal/artifacts/ivyservice/modulecache/ModuleMetadataCache$CachedMetadata; 12 <appendix> member <vmtarget> ; # org/gradle/api/internal/artifacts/ivyservice/modulecache/PersistentModuleMetadataCache$$Lambda+0x000001af8173e650
instanceKlass org/gradle/api/internal/artifacts/ivyservice/modulecache/DefaultCachedMetadata
instanceKlass org/gradle/api/internal/artifacts/ivyservice/WritableArtifactCacheLockingAccessCoordinator$CacheLockingIndexedCache
instanceKlass  @bci org/gradle/api/internal/artifacts/ivyservice/WritableArtifactCacheLockingAccessCoordinator <init> (Lorg/gradle/cache/UnscopedCacheBuilderFactory;Lorg/gradle/api/internal/artifacts/ivyservice/ArtifactCacheMetadata;Lorg/gradle/internal/file/FileAccessTimeJournal;Lorg/gradle/internal/versionedcache/UsedGradleVersions;Lorg/gradle/api/internal/cache/CacheConfigurationsInternal;Lorg/gradle/cache/CacheCleanupStrategyFactory;)V 56 <appendix> member <vmtarget> ; # org/gradle/api/internal/artifacts/ivyservice/WritableArtifactCacheLockingAccessCoordinator$$Lambda+0x000001af8173dee8
instanceKlass org/gradle/cache/internal/CompositeCleanupAction$ScopedCleanupAction
instanceKlass org/gradle/api/internal/artifacts/ivyservice/modulecache/ModuleMetadataCacheEntry
instanceKlass org/gradle/api/internal/artifacts/ivyservice/modulecache/ModuleComponentAtRepositoryKey
instanceKlass org/gradle/api/internal/artifacts/ivyservice/resolveengine/graph/selectors/SelectorStateResolverResults
instanceKlass org/gradle/internal/component/local/model/DefaultProjectComponentSelector
instanceKlass org/gradle/internal/component/local/model/ProjectComponentSelectorInternal
instanceKlass org/gradle/internal/resolve/result/DefaultResourceAwareResolveResult
instanceKlass  @bci java/util/regex/CharPredicates ASCII_SPACE ()Ljava/util/regex/Pattern$BmpCharPredicate; 0 <appendix> argL0 ; # java/util/regex/CharPredicates$$Lambda+0x800000025
instanceKlass org/gradle/api/internal/artifacts/ivyservice/ivyresolve/strategy/AbstractVersionSelector
instanceKlass org/gradle/api/internal/artifacts/dependencies/DefaultResolvedVersionConstraint
instanceKlass  @bci org/gradle/api/internal/artifacts/ivyservice/resolveengine/graph/builder/ResolveState resolveVersionConstraint (Lorg/gradle/api/artifacts/VersionConstraint;)Lorg/gradle/api/internal/artifacts/ResolvedVersionConstraint; 6 <appendix> member <vmtarget> ; # org/gradle/api/internal/artifacts/ivyservice/resolveengine/graph/builder/ResolveState$$Lambda+0x000001af8173b3b8
instanceKlass org/gradle/internal/component/model/DefaultComponentOverrideMetadata
instanceKlass org/gradle/internal/component/model/ComponentOverrideMetadata
instanceKlass org/gradle/internal/resolve/result/BuildableComponentIdResolveResult
instanceKlass org/gradle/internal/resolve/result/ComponentIdResolveResult
instanceKlass  @bci org/gradle/api/internal/artifacts/ivyservice/resolveengine/graph/builder/ResolveState computeSelectorFor (Lorg/gradle/api/internal/artifacts/ivyservice/resolveengine/graph/builder/DependencyState;Z)Lorg/gradle/api/internal/artifacts/ivyservice/resolveengine/graph/builder/SelectorState; 29 <appendix> member <vmtarget> ; # org/gradle/api/internal/artifacts/ivyservice/resolveengine/graph/builder/ResolveState$$Lambda+0x000001af8173a910
instanceKlass org/gradle/api/internal/artifacts/ivyservice/resolveengine/graph/builder/SelectorState
instanceKlass org/gradle/api/internal/artifacts/ivyservice/resolveengine/graph/builder/ResolveState$SelectorCacheKey
instanceKlass org/gradle/api/internal/artifacts/ivyservice/resolveengine/graph/builder/LenientPlatformDependencyMetadata
instanceKlass org/gradle/api/internal/artifacts/ivyservice/resolveengine/graph/DependencyGraphSelector
instanceKlass  @bci org/gradle/api/internal/artifacts/ivyservice/resolveengine/graph/builder/NodeState createAndLinkEdgeState (Lorg/gradle/api/internal/artifacts/ivyservice/resolveengine/graph/builder/DependencyState;Ljava/util/Collection;Lorg/gradle/api/internal/artifacts/ivyservice/resolveengine/excludes/specs/ExcludeSpec;Lorg/gradle/api/internal/artifacts/ivyservice/resolveengine/strict/StrictVersionConstraints;Z)V 6 <appendix> member <vmtarget> ; # org/gradle/api/internal/artifacts/ivyservice/resolveengine/graph/builder/NodeState$$Lambda+0x000001af81739b88
instanceKlass org/gradle/api/internal/artifacts/ivyservice/resolveengine/graph/builder/EdgeState
instanceKlass org/gradle/api/internal/artifacts/ivyservice/resolveengine/graph/DependencyGraphEdge
instanceKlass  @bci org/gradle/api/internal/artifacts/ivyservice/resolveengine/graph/builder/NodeState cacheDependencyStates (Ljava/util/List;)Ljava/util/List; 78 <appendix> member <vmtarget> ; # org/gradle/api/internal/artifacts/ivyservice/resolveengine/graph/builder/NodeState$$Lambda+0x000001af81738f20
instanceKlass org/gradle/api/internal/artifacts/ivyservice/resolveengine/graph/builder/DefaultPendingDependenciesVisitor
instanceKlass org/gradle/api/internal/artifacts/ComponentVariantNodeIdentifier
instanceKlass org/gradle/api/internal/artifacts/NodeIdentifier
instanceKlass org/gradle/api/internal/artifacts/ivyservice/resolveengine/strict/StrictVersionConstraints
instanceKlass org/gradle/api/internal/artifacts/ivyservice/resolveengine/graph/selectors/SelectorStateResolver
instanceKlass org/gradle/internal/component/model/ComponentGraphSpecificResolveState$1
instanceKlass  @bci org/gradle/api/internal/artifacts/ivyservice/resolveengine/graph/builder/ModuleResolveState getVersion (Lorg/gradle/api/artifacts/ModuleVersionIdentifier;Lorg/gradle/api/artifacts/component/ComponentIdentifier;)Lorg/gradle/api/internal/artifacts/ivyservice/resolveengine/graph/builder/ComponentState; 38 <appendix> member <vmtarget> ; # org/gradle/api/internal/artifacts/ivyservice/resolveengine/graph/builder/ModuleResolveState$$Lambda+0x000001af817373f8
instanceKlass org/gradle/api/internal/artifacts/ivyservice/resolveengine/graph/builder/ComponentState
instanceKlass org/gradle/api/internal/artifacts/ivyservice/resolveengine/graph/DependencyGraphComponent
instanceKlass org/gradle/api/internal/artifacts/ivyservice/resolveengine/graph/builder/ModuleSelectors$SelectorComparator
instanceKlass org/gradle/api/internal/artifacts/ivyservice/ivyresolve/strategy/VersionParser$DefaultVersion
instanceKlass  @bci org/gradle/api/internal/artifacts/ivyservice/ivyresolve/strategy/VersionParser transform (Ljava/lang/String;)Lorg/gradle/api/internal/artifacts/ivyservice/ivyresolve/strategy/Version; 6 <appendix> member <vmtarget> ; # org/gradle/api/internal/artifacts/ivyservice/ivyresolve/strategy/VersionParser$$Lambda+0x000001af81736668
instanceKlass org/gradle/api/internal/artifacts/ivyservice/resolveengine/graph/builder/ModuleSelectors
instanceKlass org/gradle/api/internal/artifacts/ivyservice/resolveengine/graph/builder/PendingDependencies
instanceKlass org/gradle/api/internal/artifacts/ivyservice/resolveengine/graph/selectors/ResolvableSelectorState
instanceKlass  @bci org/gradle/api/internal/artifacts/ivyservice/resolveengine/graph/builder/ResolveState getModule (Lorg/gradle/api/artifacts/ModuleIdentifier;Z)Lorg/gradle/api/internal/artifacts/ivyservice/resolveengine/graph/builder/ModuleResolveState; 8 <appendix> member <vmtarget> ; # org/gradle/api/internal/artifacts/ivyservice/resolveengine/graph/builder/ResolveState$$Lambda+0x000001af81735d48
instanceKlass org/gradle/api/internal/artifacts/ivyservice/resolveengine/graph/builder/ModuleResolveState
instanceKlass org/gradle/api/internal/artifacts/ivyservice/resolveengine/graph/conflicts/CapabilityConflictResolver
instanceKlass org/gradle/api/internal/artifacts/ivyservice/resolveengine/graph/conflicts/DefaultCapabilitiesConflictHandler
instanceKlass org/gradle/api/internal/artifacts/ivyservice/resolveengine/graph/conflicts/ConflictContainer
instanceKlass org/gradle/api/internal/artifacts/ivyservice/resolveengine/ConflictResolverDetails
instanceKlass org/gradle/api/internal/artifacts/ivyservice/resolveengine/graph/conflicts/DefaultModuleConflictHandler
instanceKlass org/gradle/api/internal/artifacts/ivyservice/resolveengine/graph/builder/ResolveOptimizations
instanceKlass org/gradle/api/internal/artifacts/ivyservice/resolveengine/graph/builder/PendingDependenciesVisitor
instanceKlass org/gradle/api/internal/artifacts/ResolvedVersionConstraint
instanceKlass org/gradle/api/internal/artifacts/ivyservice/resolveengine/ComponentResolutionState
instanceKlass org/gradle/api/internal/artifacts/ivyservice/ivyresolve/StringVersioned
instanceKlass org/gradle/api/internal/artifacts/ivyservice/resolveengine/graph/conflicts/CapabilitiesConflictHandler
instanceKlass org/gradle/api/internal/artifacts/ivyservice/resolveengine/graph/conflicts/ModuleConflictHandler
instanceKlass org/gradle/api/internal/artifacts/ivyservice/resolveengine/graph/builder/ResolveState
instanceKlass org/gradle/api/internal/artifacts/ivyservice/resolveengine/graph/selectors/ComponentStateFactory
instanceKlass org/gradle/api/internal/artifacts/ivyservice/resolveengine/LatestModuleConflictResolver
instanceKlass  @bci org/gradle/api/internal/artifacts/ivyservice/dependencysubstitution/DependencySubstitutionApplicator <clinit> ()V 0 <appendix> argL0 ; # org/gradle/api/internal/artifacts/ivyservice/dependencysubstitution/DependencySubstitutionApplicator$$Lambda+0x000001af81733760
instanceKlass org/gradle/api/internal/artifacts/ivyservice/resolveengine/graph/builder/DependencyState
instanceKlass org/gradle/api/internal/artifacts/ivyservice/clientmodule/ClientModuleResolver
instanceKlass org/gradle/api/internal/artifacts/ivyservice/resolveengine/graph/CompositeDependencyGraphVisitor
instanceKlass  @bci org/gradle/api/internal/artifacts/GlobalDependencyResolutionRules$CompositeSubstitutionRules getRuleAction ()Lorg/gradle/api/Action; 4 <appendix> argL0 ; # org/gradle/api/internal/artifacts/GlobalDependencyResolutionRules$CompositeSubstitutionRules$$Lambda+0x000001af81732e58
instanceKlass org/gradle/api/internal/artifacts/ivyservice/resolveengine/artifact/ResolvedArtifactsGraphVisitor
instanceKlass org/gradle/api/internal/artifacts/ivyservice/resolveengine/graph/CompositeDependencyArtifactsVisitor
instanceKlass org/gradle/api/internal/artifacts/ivyservice/resolveengine/ComponentResolversChain$ArtifactResolverChain
instanceKlass org/gradle/api/internal/artifacts/ivyservice/ivyresolve/ErrorHandlingArtifactResolver
instanceKlass org/gradle/api/internal/artifacts/ivyservice/resolveengine/ComponentResolversChain$ComponentMetaDataResolverChain
instanceKlass org/gradle/api/internal/artifacts/ivyservice/resolveengine/ComponentResolversChain$DependencyToComponentIdResolverChain
instanceKlass org/gradle/api/internal/artifacts/ivyservice/resolveengine/VirtualComponentMetadataResolver
instanceKlass org/gradle/api/internal/artifacts/ivyservice/resolveengine/ComponentResolversChain
instanceKlass org/gradle/api/internal/artifacts/ivyservice/ivyresolve/ErrorHandlingModuleComponentRepository$ErrorHandlingModuleComponentRepositoryAccess
instanceKlass org/gradle/api/internal/artifacts/ivyservice/ivyresolve/ErrorHandlingModuleComponentRepository
instanceKlass org/gradle/api/internal/artifacts/ivyservice/ivyresolve/BaseModuleComponentRepository
instanceKlass org/gradle/api/internal/artifacts/ivyservice/ivyresolve/CachingModuleComponentRepository$ResolveAndCacheRepositoryAccess
instanceKlass org/gradle/internal/resolve/result/BuildableModuleComponentMetaDataResolveResult
instanceKlass org/gradle/api/internal/artifacts/ivyservice/ivyresolve/CachingModuleComponentRepository$LocateInCacheRepositoryAccess
instanceKlass org/gradle/api/internal/artifacts/ivyservice/ivyresolve/CachingModuleComponentRepository
instanceKlass  @bci org/gradle/api/internal/artifacts/dsl/DefaultComponentMetadataProcessor <clinit> ()V 9 <appendix> argL0 ; # org/gradle/api/internal/artifacts/dsl/DefaultComponentMetadataProcessor$$Lambda+0x000001af81730000
instanceKlass org/gradle/api/internal/artifacts/dsl/WrappingComponentMetadataContext
instanceKlass org/gradle/api/artifacts/ComponentMetadataContext
instanceKlass org/gradle/api/artifacts/ComponentMetadataDetails
instanceKlass org/gradle/api/internal/artifacts/dsl/DefaultComponentMetadataProcessor
instanceKlass org/gradle/api/internal/artifacts/ivyservice/ivyresolve/ExternalModuleComponentResolverFactory$DefaultMetadataResolutionContext
instanceKlass org/gradle/api/internal/artifacts/repositories/resolver/ExternalResourceResolver$AbstractRepositoryAccess
instanceKlass org/gradle/api/internal/artifacts/ivyservice/ivyresolve/ModuleComponentRepositoryAccess
instanceKlass org/gradle/api/internal/artifacts/repositories/resolver/VersionLister
instanceKlass  @bci org/gradle/api/internal/artifacts/repositories/AbstractArtifactRepository createInjectorForMetadataSuppliers (Lorg/gradle/api/internal/artifacts/repositories/transport/RepositoryTransport;Lorg/gradle/internal/instantiation/InstantiatorFactory;Ljava/net/URI;Lorg/gradle/internal/resource/local/FileStore;)Lorg/gradle/internal/resolve/caching/ImplicitInputsCapturingInstantiator; 24 <appendix> member <vmtarget> ; # org/gradle/api/internal/artifacts/repositories/AbstractArtifactRepository$$Lambda+0x000001af8172e1e8
instanceKlass org/gradle/api/internal/artifacts/repositories/AbstractArtifactRepository$1
instanceKlass org/gradle/api/internal/artifacts/repositories/metadata/DefaultImmutableMetadataSources
instanceKlass org/gradle/api/internal/artifacts/repositories/metadata/RedirectingGradleMetadataModuleMetadataSource
instanceKlass org/gradle/api/internal/artifacts/repositories/metadata/MavenMetadataArtifactProvider
instanceKlass org/gradle/api/internal/artifacts/ivyservice/ivyresolve/parser/DescriptorParseContext
instanceKlass org/gradle/internal/component/model/ModuleDescriptorArtifactMetadata
instanceKlass org/gradle/api/internal/artifacts/repositories/metadata/GradleModuleMetadataCompatibilityConverter
instanceKlass org/gradle/api/internal/artifacts/repositories/metadata/DefaultGradleModuleMetadataSource
instanceKlass org/gradle/api/internal/artifacts/repositories/DefaultMavenArtifactRepository$MavenSnapshotDecoratingSource
instanceKlass  @bci org/gradle/api/internal/artifacts/repositories/DefaultUrlArtifactRepository createRedirectVerifier ()Lorg/gradle/internal/verifier/HttpRedirectVerifier; 18 <appendix> member <vmtarget> ; # org/gradle/api/internal/artifacts/repositories/DefaultUrlArtifactRepository$$Lambda+0x000001af8172cc68
instanceKlass  @bci org/gradle/api/internal/artifacts/repositories/DefaultUrlArtifactRepository createRedirectVerifier ()Lorg/gradle/internal/verifier/HttpRedirectVerifier; 11 <appendix> member <vmtarget> ; # org/gradle/api/internal/artifacts/repositories/DefaultUrlArtifactRepository$$Lambda+0x000001af8172ca40
instanceKlass org/gradle/api/internal/artifacts/ivyservice/ivyresolve/ExternalModuleComponentResolverFactory$ParentModuleLookupResolver
instanceKlass org/gradle/internal/resolve/result/BuildableArtifactFileResolveResult
instanceKlass org/gradle/internal/resolve/result/BuildableTypedResolveResult
instanceKlass org/gradle/internal/resolve/result/ErroringResolveResult
instanceKlass org/gradle/api/internal/artifacts/ivyservice/ivyresolve/RepositoryChainArtifactResolver
instanceKlass org/gradle/internal/resolve/result/BuildableComponentResolveResult
instanceKlass org/gradle/internal/resolve/result/ResourceAwareResolveResult
instanceKlass org/gradle/internal/resolve/result/ComponentResolveResult
instanceKlass org/gradle/internal/resolve/result/ResolveResult
instanceKlass org/gradle/api/internal/artifacts/ivyservice/ivyresolve/RepositoryChainComponentMetaDataResolver
instanceKlass org/gradle/internal/component/model/ComponentGraphSpecificResolveState
instanceKlass org/gradle/api/internal/artifacts/ivyservice/ivyresolve/DynamicVersionResolver
instanceKlass org/gradle/api/internal/artifacts/ivyservice/ivyresolve/RepositoryChainDependencyToComponentIdResolver
instanceKlass org/gradle/api/specs/NotSpec
instanceKlass  @bci org/gradle/api/internal/artifacts/ivyservice/ivyresolve/ComponentSelectionRulesProcessor <init> ()V 5 <appendix> argL0 ; # org/gradle/api/internal/artifacts/ivyservice/ivyresolve/ComponentSelectionRulesProcessor$$Lambda+0x000001af8172a980
instanceKlass org/gradle/api/internal/artifacts/ivyservice/ivyresolve/ComponentSelectionRulesProcessor
instanceKlass org/gradle/api/internal/artifacts/ivyservice/ivyresolve/Versioned
instanceKlass org/gradle/api/internal/artifacts/ComponentSelectionInternal
instanceKlass org/gradle/api/artifacts/ComponentSelection
instanceKlass org/gradle/api/internal/artifacts/ivyservice/ivyresolve/MetadataProvider
instanceKlass org/gradle/api/internal/artifacts/ivyservice/ivyresolve/DefaultVersionedComponentChooser
instanceKlass org/gradle/api/internal/artifacts/ivyservice/ivyresolve/VersionedComponentChooser
instanceKlass org/gradle/api/internal/artifacts/ivyservice/ivyresolve/UserResolverChain
instanceKlass org/gradle/api/internal/artifacts/ivyservice/resolveengine/oldresult/ResolutionFailureCollector
instanceKlass org/gradle/api/internal/artifacts/ivyservice/resolveengine/artifact/VisitedFileDependencyResults
instanceKlass org/gradle/api/internal/artifacts/ivyservice/resolveengine/result/FileDependencyCollectingGraphVisitor
instanceKlass org/gradle/api/internal/artifacts/ivyservice/resolveengine/artifact/VisitedArtifactResults
instanceKlass org/gradle/api/internal/artifacts/ivyservice/resolveengine/artifact/DefaultResolvedArtifactsBuilder
instanceKlass org/gradle/api/internal/artifacts/ivyservice/resolveengine/projectresult/ResolvedLocalComponentsResultGraphVisitor
instanceKlass org/gradle/api/internal/artifacts/ivyservice/resolveengine/result/DeduplicatingAttributeContainerSerializer
instanceKlass org/gradle/api/internal/artifacts/ivyservice/resolveengine/result/DeduplicatingComponentSelectorSerializer
instanceKlass org/gradle/api/internal/artifacts/ivyservice/resolveengine/graph/ResolvedGraphDependency
instanceKlass  @bci org/gradle/api/internal/artifacts/ivyservice/resolveengine/result/StreamingResolutionResultBuilder <init> (Lorg/gradle/cache/internal/BinaryStore;Lorg/gradle/cache/internal/Store;Lorg/gradle/api/internal/artifacts/ivyservice/resolveengine/result/AttributeContainerSerializer;Lorg/gradle/api/internal/artifacts/capability/CapabilitySelectorSerializer;Lorg/gradle/api/internal/artifacts/ivyservice/resolveengine/result/AdhocHandlingComponentResultSerializer;Lorg/gradle/api/internal/artifacts/ivyservice/resolveengine/result/ComponentSelectionDescriptorFactory;Z)V 54 <appendix> member <vmtarget> ; # org/gradle/api/internal/artifacts/ivyservice/resolveengine/result/StreamingResolutionResultBuilder$$Lambda+0x000001af81728420
instanceKlass org/gradle/api/internal/artifacts/ivyservice/resolveengine/result/DependencyResultSerializer
instanceKlass org/gradle/api/internal/artifacts/ivyservice/resolveengine/graph/ResolvedGraphComponent
instanceKlass org/gradle/api/internal/artifacts/ivyservice/resolveengine/result/StreamingResolutionResultBuilder
instanceKlass org/gradle/api/internal/artifacts/ivyservice/resolveengine/oldresult/ResolvedConfigurationDependencyGraphVisitor
instanceKlass org/gradle/api/internal/artifacts/ivyservice/resolveengine/oldresult/ResolvedGraphResults
instanceKlass org/gradle/api/internal/artifacts/ivyservice/resolveengine/oldresult/DefaultResolvedConfigurationBuilder
instanceKlass org/gradle/api/artifacts/ResolvedDependency
instanceKlass org/gradle/api/internal/artifacts/ivyservice/resolveengine/oldresult/TransientConfigurationResults
instanceKlass org/gradle/api/internal/artifacts/ivyservice/resolveengine/oldresult/TransientConfigurationResultsBuilder
instanceKlass org/gradle/api/internal/artifacts/ivyservice/resolveengine/store/CachedStoreFactory$SimpleStore
instanceKlass org/gradle/api/internal/artifacts/ivyservice/resolveengine/store/CachedStoreFactory$Stats
instanceKlass org/gradle/cache/internal/Store
instanceKlass org/gradle/api/internal/artifacts/ivyservice/resolveengine/store/CachedStoreFactory
instanceKlass org/gradle/cache/internal/BinaryStore$BinaryData
instanceKlass org/gradle/api/internal/artifacts/ivyservice/resolveengine/store/DefaultBinaryStore
instanceKlass java/io/DeleteOnExitHook$1
instanceKlass java/io/DeleteOnExitHook
instanceKlass org/gradle/cache/internal/BinaryStore
instanceKlass org/gradle/api/internal/artifacts/ivyservice/resolveengine/store/ResolutionResultsStoreFactory$1
instanceKlass org/gradle/api/internal/attributes/AttributeValue$1
instanceKlass org/gradle/internal/component/model/DelegatingDependencyMetadata
instanceKlass org/gradle/internal/component/local/model/DslOriginDependencyMetadata
instanceKlass org/gradle/internal/component/model/LocalComponentDependencyMetadata
instanceKlass  @bci org/gradle/api/internal/artifacts/ivyservice/moduleconverter/dependencies/AbstractDependencyMetadataConverter convertExcludeRules (Ljava/util/Set;)Ljava/util/List; 10 <appendix> member <vmtarget> ; # org/gradle/api/internal/artifacts/ivyservice/moduleconverter/dependencies/AbstractDependencyMetadataConverter$$Lambda+0x000001af81722d50
instanceKlass org/gradle/internal/component/external/model/DefaultModuleComponentSelector
instanceKlass  @bci org/gradle/api/internal/artifacts/ivyservice/moduleconverter/dependencies/DefaultLocalVariantGraphResolveStateBuilder getDefinedState (Lorg/gradle/api/internal/artifacts/configurations/ConfigurationInternal;Lorg/gradle/api/internal/artifacts/ivyservice/moduleconverter/dependencies/LocalVariantGraphResolveStateBuilder$DependencyCache;)Lorg/gradle/api/internal/artifacts/ivyservice/moduleconverter/dependencies/LocalVariantGraphResolveStateBuilder$DependencyState; 3 <appendix> member <vmtarget> ; # org/gradle/api/internal/artifacts/ivyservice/moduleconverter/dependencies/DefaultLocalVariantGraphResolveStateBuilder$$Lambda+0x000001af81722590
instanceKlass org/gradle/api/internal/artifacts/ivyservice/moduleconverter/dependencies/LocalVariantGraphResolveStateBuilder$DependencyState
instanceKlass  @bci org/gradle/api/internal/artifacts/ivyservice/moduleconverter/dependencies/DefaultLocalVariantGraphResolveStateBuilder lambda$getConfigurationDependencyState$3 (Ljava/util/Set;Lorg/gradle/api/internal/artifacts/ivyservice/moduleconverter/dependencies/LocalVariantGraphResolveStateBuilder$DependencyCache;Lorg/gradle/api/internal/attributes/ImmutableAttributes;Ljava/lang/Object;)Lorg/gradle/internal/component/local/model/DefaultLocalVariantGraphResolveState$VariantDependencyMetadata; 48 <appendix> member <vmtarget> ; # org/gradle/api/internal/artifacts/ivyservice/moduleconverter/dependencies/DefaultLocalVariantGraphResolveStateBuilder$$Lambda+0x000001af81722148
instanceKlass  @bci org/gradle/api/internal/artifacts/ivyservice/moduleconverter/dependencies/DefaultLocalVariantGraphResolveStateBuilder lambda$getConfigurationDependencyState$3 (Ljava/util/Set;Lorg/gradle/api/internal/artifacts/ivyservice/moduleconverter/dependencies/LocalVariantGraphResolveStateBuilder$DependencyCache;Lorg/gradle/api/internal/attributes/ImmutableAttributes;Ljava/lang/Object;)Lorg/gradle/internal/component/local/model/DefaultLocalVariantGraphResolveState$VariantDependencyMetadata; 27 <appendix> argL0 ; # org/gradle/api/internal/artifacts/ivyservice/moduleconverter/dependencies/DefaultLocalVariantGraphResolveStateBuilder$$Lambda+0x000001af81721f08
instanceKlass  @bci org/gradle/api/internal/artifacts/ivyservice/moduleconverter/dependencies/DefaultLocalVariantGraphResolveStateBuilder lambda$getConfigurationDependencyState$4 (Lorg/gradle/internal/model/ModelContainer;Ljava/util/Set;Lorg/gradle/api/internal/artifacts/ivyservice/moduleconverter/dependencies/LocalVariantGraphResolveStateBuilder$DependencyCache;Lorg/gradle/api/internal/attributes/ImmutableAttributes;Lorg/gradle/api/internal/tasks/NodeExecutionContext;)Lorg/gradle/internal/component/local/model/DefaultLocalVariantGraphResolveState$VariantDependencyMetadata; 6 <appendix> member <vmtarget> ; # org/gradle/api/internal/artifacts/ivyservice/moduleconverter/dependencies/DefaultLocalVariantGraphResolveStateBuilder$$Lambda+0x000001af81721cc0
instanceKlass org/gradle/api/internal/artifacts/ivyservice/DefaultConfigurationResolver$ConfigurationLegacyResolutionParameters
instanceKlass org/gradle/api/internal/artifacts/ivyservice/DefaultCacheExpirationControl
instanceKlass org/gradle/api/internal/artifacts/configurations/DefaultConfiguration$DefaultConfigurationIdentity
instanceKlass org/gradle/api/internal/artifacts/ivyservice/ResolutionParameters
instanceKlass org/gradle/api/internal/artifacts/ivyservice/DefaultConfigurationResolver$ConfigurationFailureResolutions
instanceKlass org/gradle/api/internal/attributes/immutable/artifact/ImmutableArtifactTypeRegistry
instanceKlass  @bci org/gradle/api/internal/artifacts/ivyservice/resolutionstrategy/DefaultResolutionStrategy_Decorated $gradleInit ()V 1 <appendix> member <vmtarget> ; # org/gradle/api/internal/artifacts/ivyservice/resolutionstrategy/DefaultResolutionStrategy_Decorated$$Lambda+0x000001af81720c68
# instanceKlass java/lang/invoke/LambdaForm$MH+0x000001af81726400
# instanceKlass java/lang/invoke/LambdaForm$MH+0x000001af81726000
# instanceKlass java/lang/invoke/LambdaForm$MH+0x000001af81725c00
# instanceKlass java/lang/invoke/LambdaForm$MH+0x000001af81725800
# instanceKlass java/lang/invoke/LambdaForm$MH+0x000001af81725400
# instanceKlass java/lang/invoke/LambdaForm$MH+0x000001af81725000
# instanceKlass java/lang/invoke/LambdaForm$MH+0x000001af81724c00
# instanceKlass java/lang/invoke/LambdaForm$MH+0x000001af81724800
# instanceKlass java/lang/invoke/LambdaForm$MH+0x000001af81724400
# instanceKlass java/lang/invoke/LambdaForm$MH+0x000001af81724000
instanceKlass org/gradle/internal/typeconversion/FlatteningNotationParser
instanceKlass org/gradle/api/internal/artifacts/DependencySubstitutionInternal
instanceKlass org/gradle/api/internal/artifacts/ivyservice/resolutionstrategy/DefaultComponentSelectionRules
instanceKlass org/gradle/api/internal/artifacts/ComponentSelectionRulesInternal
instanceKlass org/gradle/api/artifacts/ComponentSelectionRules
instanceKlass org/gradle/api/internal/artifacts/ivyservice/resolutionstrategy/DefaultResolutionStrategy
instanceKlass  @bci org/gradle/api/internal/artifacts/ivyservice/resolutionstrategy/DefaultCachePolicy cacheMissingArtifactsFor (ILjava/util/concurrent/TimeUnit;)V 19 <appendix> member <vmtarget> ; # org/gradle/api/internal/artifacts/ivyservice/resolutionstrategy/DefaultCachePolicy$$Lambda+0x000001af8171f550
instanceKlass  @bci org/gradle/api/internal/artifacts/ivyservice/resolutionstrategy/DefaultCachePolicy cacheChangingModulesFor (ILjava/util/concurrent/TimeUnit;)V 46 <appendix> member <vmtarget> ; # org/gradle/api/internal/artifacts/ivyservice/resolutionstrategy/DefaultCachePolicy$$Lambda+0x000001af8171f328
instanceKlass org/gradle/api/internal/artifacts/cache/ArtifactResolutionControl
instanceKlass  @bci org/gradle/api/internal/artifacts/ivyservice/resolutionstrategy/DefaultCachePolicy cacheChangingModulesFor (ILjava/util/concurrent/TimeUnit;)V 29 <appendix> member <vmtarget> ; # org/gradle/api/internal/artifacts/ivyservice/resolutionstrategy/DefaultCachePolicy$$Lambda+0x000001af8171ef00
instanceKlass org/gradle/api/internal/artifacts/cache/ModuleResolutionControl
instanceKlass  @bci org/gradle/api/internal/artifacts/ivyservice/resolutionstrategy/DefaultCachePolicy cacheMissingArtifactsFor (ILjava/util/concurrent/TimeUnit;)V 19 <appendix> form vmentry <vmtarget> ; # java/lang/invoke/LambdaForm$DMH+0x000001af8171d800
instanceKlass  @bci org/gradle/api/internal/artifacts/ivyservice/resolutionstrategy/DefaultCachePolicy cacheDynamicVersionsFor (ILjava/util/concurrent/TimeUnit;)V 29 <appendix> member <vmtarget> ; # org/gradle/api/internal/artifacts/ivyservice/resolutionstrategy/DefaultCachePolicy$$Lambda+0x000001af8171ead8
instanceKlass  @cpi org/gradle/api/internal/artifacts/ivyservice/resolutionstrategy/DefaultCachePolicy 194 form vmentry <vmtarget> ; # java/lang/invoke/LambdaForm$DMH+0x000001af8171d400
instanceKlass org/gradle/api/internal/artifacts/cache/DependencyResolutionControl
instanceKlass org/gradle/api/internal/artifacts/cache/ResolutionControl
instanceKlass org/gradle/api/internal/artifacts/ivyservice/resolutionstrategy/DefaultCachePolicy
instanceKlass  @bci org/gradle/api/internal/artifacts/ivyservice/dependencysubstitution/DefaultDependencySubstitutions_Decorated $gradleInit ()V 1 <appendix> member <vmtarget> ; # org/gradle/api/internal/artifacts/ivyservice/dependencysubstitution/DefaultDependencySubstitutions_Decorated$$Lambda+0x000001af8171e220
instanceKlass  @bci org/gradle/api/internal/artifacts/configurations/MutationValidator <clinit> ()V 0 <appendix> argL0 ; # org/gradle/api/internal/artifacts/configurations/MutationValidator$$Lambda+0x000001af8171e000
# instanceKlass java/lang/invoke/LambdaForm$MH+0x000001af8171d000
# instanceKlass java/lang/invoke/LambdaForm$MH+0x000001af8171cc00
# instanceKlass java/lang/invoke/LambdaForm$MH+0x000001af8171c800
# instanceKlass java/lang/invoke/LambdaForm$MH+0x000001af8171c400
# instanceKlass java/lang/invoke/LambdaForm$MH+0x000001af8171c000
instanceKlass org/gradle/api/artifacts/DependencySubstitution
instanceKlass org/gradle/api/internal/artifacts/ivyservice/resolveengine/result/DefaultComponentSelectionDescriptor
instanceKlass org/gradle/api/internal/artifacts/ivyservice/resolveengine/result/ComponentSelectionReasonInternal
instanceKlass org/gradle/api/internal/artifacts/ivyservice/resolveengine/result/ComponentSelectionDescriptorInternal
instanceKlass org/gradle/api/internal/artifacts/ivyservice/resolveengine/result/ComponentSelectionReasons
instanceKlass org/gradle/api/internal/artifacts/ivyservice/dependencysubstitution/DefaultDependencySubstitutions$ProjectPathConverter
instanceKlass org/gradle/api/artifacts/DependencySubstitutions$Substitution
instanceKlass org/gradle/api/internal/artifacts/ivyservice/dependencysubstitution/DefaultDependencySubstitutions
instanceKlass  @bci org/gradle/api/internal/artifacts/ivyservice/resolutionstrategy/DefaultCapabilitiesResolution_Decorated $gradleInit ()V 1 <appendix> member <vmtarget> ; # org/gradle/api/internal/artifacts/ivyservice/resolutionstrategy/DefaultCapabilitiesResolution_Decorated$$Lambda+0x000001af81716b00
instanceKlass org/gradle/api/internal/artifacts/ivyservice/resolutionstrategy/CapabilitiesResolutionInternal$CapabilityResolutionRule
instanceKlass org/gradle/internal/reflect/MethodSet$1
instanceKlass org/gradle/api/internal/artifacts/ivyservice/resolutionstrategy/DefaultCapabilitiesResolution
instanceKlass org/gradle/api/internal/artifacts/ivyservice/resolutionstrategy/CapabilitiesResolutionInternal
instanceKlass org/gradle/api/artifacts/CapabilitiesResolution
instanceKlass  @bci org/gradle/api/internal/artifacts/ivyservice/DefaultConfigurationResolver resolveGraph (Lorg/gradle/api/internal/artifacts/configurations/ConfigurationInternal;)Lorg/gradle/api/internal/artifacts/ResolverResults; 93 <appendix> member <vmtarget> ; # org/gradle/api/internal/artifacts/ivyservice/DefaultConfigurationResolver$$Lambda+0x000001af81715de0
instanceKlass org/gradle/internal/component/local/model/DefaultLocalVariantGraphResolveState$DefaultLocalVariantArtifactResolveState
instanceKlass org/gradle/internal/component/model/VariantArtifactResolveState
instanceKlass org/gradle/internal/component/local/model/DefaultLocalVariantGraphResolveState
instanceKlass org/gradle/internal/component/local/model/DefaultLocalVariantGraphResolveMetadata
instanceKlass  @bci org/gradle/api/internal/artifacts/ivyservice/moduleconverter/dependencies/DefaultLocalVariantGraphResolveStateBuilder getConfigurationDependencyState (Lorg/gradle/internal/DisplayName;Ljava/util/Set;Lorg/gradle/api/internal/attributes/ImmutableAttributes;Lorg/gradle/api/internal/artifacts/ivyservice/moduleconverter/dependencies/LocalVariantGraphResolveStateBuilder$DependencyCache;Lorg/gradle/internal/model/ModelContainer;Lorg/gradle/internal/model/CalculatedValueContainerFactory;)Lorg/gradle/internal/model/CalculatedValue; 15 <appendix> member <vmtarget> ; # org/gradle/api/internal/artifacts/ivyservice/moduleconverter/dependencies/DefaultLocalVariantGraphResolveStateBuilder$$Lambda+0x000001af81715110
instanceKlass org/gradle/internal/component/local/model/DefaultLocalVariantGraphResolveState$VariantDependencyMetadata
instanceKlass org/gradle/internal/component/model/DefaultVariantMetadata
instanceKlass  @bci org/gradle/api/internal/artifacts/ivyservice/moduleconverter/dependencies/DefaultLocalVariantGraphResolveStateBuilder getVariantArtifacts (Lorg/gradle/internal/DisplayName;Lorg/gradle/api/artifacts/component/ComponentIdentifier;Ljava/util/Collection;Lorg/gradle/internal/model/ModelContainer;Lorg/gradle/internal/model/CalculatedValueContainerFactory;)Lorg/gradle/internal/model/CalculatedValue; 11 <appendix> member <vmtarget> ; # org/gradle/api/internal/artifacts/ivyservice/moduleconverter/dependencies/DefaultLocalVariantGraphResolveStateBuilder$$Lambda+0x000001af81714740
instanceKlass org/gradle/api/internal/artifacts/ivyservice/moduleconverter/dependencies/DefaultLocalVariantGraphResolveStateBuilder$1
instanceKlass org/gradle/internal/component/external/model/ImmutableCapabilities
instanceKlass org/gradle/api/internal/artifacts/configurations/Configurations
instanceKlass org/gradle/internal/component/model/ComponentConfigurationIdentifier
instanceKlass org/gradle/internal/component/model/VariantResolveMetadata$Identifier
instanceKlass  @bci org/gradle/api/internal/artifacts/configurations/DefaultConfiguration lambda$markAsObserved$11 (Ljava/lang/String;Lorg/gradle/api/internal/artifacts/configurations/DefaultConfiguration;)V 11 <appendix> member <vmtarget> ; # org/gradle/api/internal/artifacts/configurations/DefaultConfiguration$$Lambda+0x000001af81713a58
instanceKlass  @bci org/gradle/api/internal/artifacts/configurations/DefaultConfiguration markAsObserved (Ljava/lang/String;)V 11 <appendix> member <vmtarget> ; # org/gradle/api/internal/artifacts/configurations/DefaultConfiguration$$Lambda+0x000001af81713830
instanceKlass org/gradle/api/internal/artifacts/ivyservice/moduleconverter/DefaultRootComponentMetadataBuilder$1
instanceKlass  @bci org/gradle/api/internal/artifacts/ivyservice/moduleconverter/DefaultRootComponentMetadataBuilder toRootComponent (Ljava/lang/String;)Lorg/gradle/api/internal/artifacts/ivyservice/moduleconverter/RootComponentMetadataBuilder$RootComponentState; 104 <appendix> member <vmtarget> ; # org/gradle/api/internal/artifacts/ivyservice/moduleconverter/DefaultRootComponentMetadataBuilder$$Lambda+0x000001af817133b8
instanceKlass  @bci org/gradle/internal/component/local/model/DefaultLocalComponentGraphResolveState initCalculatedValues ()V 47 <appendix> member <vmtarget> ; # org/gradle/internal/component/local/model/DefaultLocalComponentGraphResolveState$$Lambda+0x000001af81713138
instanceKlass  @bci org/gradle/internal/component/local/model/DefaultLocalComponentGraphResolveState initCalculatedValues ()V 18 <appendix> member <vmtarget> ; # org/gradle/internal/component/local/model/DefaultLocalComponentGraphResolveState$$Lambda+0x000001af81712eb8
instanceKlass  @bci org/gradle/internal/component/local/model/DefaultLocalComponentGraphResolveState <init> (JLorg/gradle/internal/component/local/model/LocalComponentGraphResolveMetadata;Lorg/gradle/api/internal/attributes/AttributeDesugaring;Lorg/gradle/internal/component/model/ComponentIdGenerator;ZLorg/gradle/internal/component/local/model/LocalVariantGraphResolveStateFactory;Lorg/gradle/internal/model/CalculatedValueContainerFactory;Lorg/gradle/internal/model/InMemoryCacheFactory;Lorg/gradle/api/artifacts/component/ComponentIdentifier;)V 75 <appendix> member <vmtarget> ; # org/gradle/internal/component/local/model/DefaultLocalComponentGraphResolveState$$Lambda+0x000001af81712c70
instanceKlass org/gradle/internal/component/external/model/DefaultImmutableCapability
instanceKlass org/gradle/internal/component/model/ComponentArtifactResolveMetadata
instanceKlass org/gradle/internal/component/local/model/LocalComponentGraphResolveState$LocalComponentGraphSelectionCandidates
instanceKlass org/gradle/internal/component/model/GraphSelectionCandidates
instanceKlass org/gradle/internal/component/model/AbstractComponentGraphResolveState
instanceKlass org/gradle/internal/component/model/ComponentArtifactResolveState
instanceKlass org/gradle/api/internal/artifacts/ivyservice/moduleconverter/dependencies/LocalVariantGraphResolveStateBuilder$DependencyCache
instanceKlass org/gradle/internal/component/local/model/LocalComponentGraphResolveStateFactory$ConfigurationsProviderVariantFactory
instanceKlass org/gradle/internal/component/local/model/LocalComponentGraphResolveMetadata
instanceKlass org/gradle/api/internal/artifacts/DefaultModuleVersionIdentifier
instanceKlass  @bci org/gradle/api/internal/artifacts/DefaultImmutableModuleIdentifierFactory moduleWithVersion (Lorg/gradle/api/artifacts/ModuleIdentifier;Ljava/lang/String;)Lorg/gradle/api/artifacts/ModuleVersionIdentifier; 23 <appendix> argL0 ; # org/gradle/api/internal/artifacts/DefaultImmutableModuleIdentifierFactory$$Lambda+0x000001af81710fd0
instanceKlass  @bci org/gradle/api/internal/artifacts/DefaultImmutableModuleIdentifierFactory module (Ljava/lang/String;Ljava/lang/String;)Lorg/gradle/api/artifacts/ModuleIdentifier; 23 <appendix> argL0 ; # org/gradle/api/internal/artifacts/DefaultImmutableModuleIdentifierFactory$$Lambda+0x000001af81710d90
instanceKlass  @bci org/gradle/api/internal/artifacts/configurations/DefaultConfiguration runDependencyActions ()V 1 <appendix> argL0 ; # org/gradle/api/internal/artifacts/configurations/DefaultConfiguration$$Lambda+0x000001af81710450
instanceKlass  @bci org/gradle/api/internal/artifacts/repositories/descriptor/MavenRepositoryDescriptor$Builder create ()Lorg/gradle/api/internal/artifacts/repositories/descriptor/MavenRepositoryDescriptor; 125 <appendix> argL0 ; # org/gradle/api/internal/artifacts/repositories/descriptor/MavenRepositoryDescriptor$Builder$$Lambda+0x000001af81710220
instanceKlass  @bci org/gradle/api/internal/artifacts/repositories/AbstractAuthenticationSupportedRepository getAuthenticationSchemes ()Ljava/util/List; 4 <appendix> argL0 ; # org/gradle/api/internal/artifacts/repositories/AbstractAuthenticationSupportedRepository$$Lambda+0x000001af81710000
instanceKlass org/gradle/api/internal/artifacts/repositories/descriptor/UrlRepositoryDescriptor$Builder
instanceKlass  @bci org/gradle/api/internal/artifacts/configurations/ResolveConfigurationResolutionBuildOperationDetails$RepositoryImpl transform (Ljava/util/List;)Ljava/util/List; 1 <appendix> argL0 ; # org/gradle/api/internal/artifacts/configurations/ResolveConfigurationResolutionBuildOperationDetails$RepositoryImpl$$Lambda+0x000001af8170f768
instanceKlass org/gradle/api/internal/artifacts/configurations/ResolveConfigurationResolutionBuildOperationDetails$RepositoryImpl
instanceKlass org/gradle/api/internal/artifacts/configurations/ResolveConfigurationDependenciesBuildOperationType$Repository
instanceKlass  @bci org/gradle/api/internal/artifacts/DefaultDependencyManagementServices$DependencyResolutionScopeServices collectRepositories (Lorg/gradle/api/artifacts/dsl/RepositoryHandler;)Ljava/util/List; 14 <appendix> member <vmtarget> ; # org/gradle/api/internal/artifacts/DefaultDependencyManagementServices$DependencyResolutionScopeServices$$Lambda+0x000001af8170f2c0
instanceKlass org/gradle/api/internal/artifacts/configurations/ResolveConfigurationResolutionBuildOperationDetails
instanceKlass org/gradle/api/internal/artifacts/configurations/ResolveConfigurationDependenciesBuildOperationType$Details
instanceKlass org/gradle/api/internal/artifacts/configurations/DefaultConfiguration$1
instanceKlass  @bci org/gradle/api/internal/artifacts/configurations/DefaultConfiguration resolveExclusivelyIfRequired ()Lorg/gradle/api/internal/artifacts/ResolverResults; 5 <appendix> member <vmtarget> ; # org/gradle/api/internal/artifacts/configurations/DefaultConfiguration$$Lambda+0x000001af8170ba30
instanceKlass org/gradle/api/internal/artifacts/ivyservice/ResolvedArtifactCollectingVisitor
instanceKlass org/gradle/internal/model/CalculatedValueContainer$GlobalContext
instanceKlass  @bci org/gradle/internal/model/CalculatedValueContainer$CalculationState attachValue (Lorg/gradle/internal/model/CalculatedValueContainer;Lorg/gradle/api/internal/tasks/NodeExecutionContext;)V 24 <appendix> member <vmtarget> ; # org/gradle/internal/model/CalculatedValueContainer$CalculationState$$Lambda+0x000001af81706fb0
instanceKlass org/gradle/internal/model/CalculatedValueContainer$CalculationState
instanceKlass org/gradle/internal/model/CalculatedValueContainerFactory$SupplierBackedCalculator
instanceKlass org/gradle/internal/model/CalculatedValueContainer
instanceKlass org/gradle/api/internal/tasks/WorkNodeAction
instanceKlass  @bci org/gradle/api/internal/artifacts/configurations/DefaultArtifactCollection <init> (Lorg/gradle/api/internal/artifacts/configurations/ResolutionBackedFileCollection;ZLorg/gradle/api/internal/artifacts/configurations/ResolutionHost;Lorg/gradle/internal/model/CalculatedValueFactory;Lorg/gradle/api/internal/attributes/AttributeDesugaring;)V 30 <adapter> ; # java/lang/invoke/LambdaForm$MH+0x000001af8170ec00
instanceKlass  @cpi org/gradle/api/internal/artifacts/ivyservice/resolveengine/graph/builder/ResolveState 577 form vmentry <vmtarget> ; # java/lang/invoke/LambdaForm$DMH+0x000001af8170e800
instanceKlass  @bci org/gradle/api/internal/artifacts/configurations/DefaultArtifactCollection <init> (Lorg/gradle/api/internal/artifacts/configurations/ResolutionBackedFileCollection;ZLorg/gradle/api/internal/artifacts/configurations/ResolutionHost;Lorg/gradle/internal/model/CalculatedValueFactory;Lorg/gradle/api/internal/attributes/AttributeDesugaring;)V 30 <appendix> form vmentry <vmtarget> ; # java/lang/invoke/LambdaForm$DMH+0x000001af8170e400
instanceKlass  @bci org/gradle/api/internal/artifacts/configurations/DefaultArtifactCollection <init> (Lorg/gradle/api/internal/artifacts/configurations/ResolutionBackedFileCollection;ZLorg/gradle/api/internal/artifacts/configurations/ResolutionHost;Lorg/gradle/internal/model/CalculatedValueFactory;Lorg/gradle/api/internal/attributes/AttributeDesugaring;)V 30 <appendix> member <vmtarget> ; # org/gradle/api/internal/artifacts/configurations/DefaultArtifactCollection$$Lambda+0x000001af8170b588
instanceKlass org/gradle/api/internal/artifacts/configurations/DefaultArtifactCollection$ArtifactSetResult
instanceKlass org/gradle/api/internal/artifacts/configurations/DefaultConfiguration$DefaultResolutionHost
instanceKlass org/gradle/api/internal/artifacts/configurations/ResolutionResultProvider$1
instanceKlass  @bci org/gradle/api/internal/artifacts/resolver/DefaultResolutionOutputs$DefaultArtifactView getFiles ()Lorg/gradle/api/internal/artifacts/configurations/ResolutionBackedFileCollection; 18 <appendix> member <vmtarget> ; # org/gradle/api/internal/artifacts/resolver/DefaultResolutionOutputs$DefaultArtifactView$$Lambda+0x000001af8170ac40
instanceKlass org/gradle/api/internal/artifacts/configurations/DefaultConfiguration$ResolverResultsResolutionResultProvider
instanceKlass org/gradle/api/internal/artifacts/configurations/ResolutionResultProviderBackedSelectedArtifactSet
instanceKlass org/gradle/api/internal/artifacts/ivyservice/resolveengine/artifact/ResolvedFileVisitor
instanceKlass org/gradle/api/internal/artifacts/ivyservice/resolveengine/artifact/ArtifactVisitor
instanceKlass org/gradle/api/internal/artifacts/configurations/DefaultArtifactCollection
instanceKlass org/gradle/api/internal/artifacts/configurations/ArtifactCollectionInternal
instanceKlass org/gradle/api/internal/artifacts/resolver/DefaultResolutionOutputs$DefaultArtifactView
instanceKlass  @bci org/gradle/api/internal/artifacts/resolver/DefaultResolutionOutputs$DefaultArtifactViewConfiguration_Decorated $gradleInit ()V 1 <appendix> member <vmtarget> ; # org/gradle/api/internal/artifacts/resolver/DefaultResolutionOutputs$DefaultArtifactViewConfiguration_Decorated$$Lambda+0x000001af817094f0
instanceKlass org/gradle/api/internal/artifacts/resolver/DefaultResolutionOutputs$DefaultArtifactViewConfiguration
instanceKlass org/gradle/api/internal/artifacts/resolver/DefaultResolutionOutputs
instanceKlass  @bci org/gradle/plugin/use/resolve/internal/ArtifactRepositoriesPluginResolver exists (Lorg/gradle/api/artifacts/ModuleDependency;)Z 39 <appendix> argL0 ; # org/gradle/plugin/use/resolve/internal/ArtifactRepositoriesPluginResolver$$Lambda+0x000001af81708918
instanceKlass org/gradle/api/artifacts/ArtifactView$ViewConfiguration
instanceKlass  @bci org/gradle/api/internal/artifacts/configurations/DefaultConfiguration isFullyResolved (Ljava/util/Optional;)Ljava/lang/Boolean; 1 <appendix> argL0 ; # org/gradle/api/internal/artifacts/configurations/DefaultConfiguration$$Lambda+0x000001af817086d8
instanceKlass  @bci org/gradle/api/internal/artifacts/configurations/DefaultLegacyConfiguration_Decorated $gradleInit ()V 1 <appendix> member <vmtarget> ; # org/gradle/api/internal/artifacts/configurations/DefaultLegacyConfiguration_Decorated$$Lambda+0x000001af817084b0
instanceKlass org/gradle/api/internal/initialization/StandaloneDomainObjectContext$CalculatedModelValueImpl
instanceKlass  @bci org/gradle/api/internal/artifacts/configurations/DefaultConfigurationPublications_Decorated $gradleInit ()V 1 <appendix> member <vmtarget> ; # org/gradle/api/internal/artifacts/configurations/DefaultConfigurationPublications_Decorated$$Lambda+0x000001af81703d90
# instanceKlass java/lang/invoke/LambdaForm$MH+0x000001af8170e000
# instanceKlass java/lang/invoke/LambdaForm$MH+0x000001af8170dc00
# instanceKlass java/lang/invoke/LambdaForm$MH+0x000001af8170d800
# instanceKlass java/lang/invoke/LambdaForm$MH+0x000001af8170d400
# instanceKlass java/lang/invoke/LambdaForm$MH+0x000001af8170d000
# instanceKlass java/lang/invoke/LambdaForm$MH+0x000001af8170cc00
# instanceKlass java/lang/invoke/LambdaForm$MH+0x000001af8170c800
# instanceKlass java/lang/invoke/LambdaForm$MH+0x000001af8170c400
# instanceKlass java/lang/invoke/LambdaForm$MH+0x000001af8170c000
# instanceKlass java/lang/invoke/LambdaForm$MH+0x000001af81703400
instanceKlass org/gradle/api/internal/artifacts/configurations/DefaultVariant
instanceKlass org/gradle/api/internal/artifacts/ConfigurationVariantInternal
instanceKlass org/gradle/api/internal/artifacts/configurations/DefaultConfiguration$AllArtifactsProvider
instanceKlass org/gradle/api/internal/artifacts/configurations/PublishArtifactSetProvider
instanceKlass org/gradle/api/internal/artifacts/DefaultPublishArtifactSet$ArtifactsFileCollection
instanceKlass org/gradle/api/internal/tasks/AbstractTaskDependency$1
instanceKlass org/gradle/api/internal/tasks/AbstractTaskDependency
instanceKlass org/gradle/api/internal/tasks/TaskDependencyContainerInternal
instanceKlass org/gradle/api/internal/tasks/DefaultTaskDependency$VisitBehavior
instanceKlass  @bci org/gradle/api/internal/artifacts/DefaultPublishArtifactSet <init> (Lorg/gradle/api/Describable;Lorg/gradle/api/DomainObjectSet;Lorg/gradle/api/internal/file/FileCollectionFactory;Lorg/gradle/api/internal/tasks/TaskDependencyFactory;)V 14 <appendix> member <vmtarget> ; # org/gradle/api/internal/artifacts/DefaultPublishArtifactSet$$Lambda+0x000001af816ff7c8
instanceKlass org/gradle/api/internal/tasks/TaskDependencyInternal
instanceKlass org/gradle/api/internal/artifacts/DefaultDependencySet$MutationValidationAction
instanceKlass  @bci org/gradle/api/internal/artifacts/configurations/DefaultConfiguration validateMutationType (Lorg/gradle/api/internal/artifacts/configurations/MutationValidator;Lorg/gradle/api/internal/artifacts/configurations/MutationValidator$MutationType;)Lorg/gradle/api/Action; 2 <appendix> member <vmtarget> ; # org/gradle/api/internal/artifacts/configurations/DefaultConfiguration$$Lambda+0x000001af816ff368
instanceKlass  @bci org/gradle/api/internal/DefaultDomainObjectSet_Decorated $gradleInit ()V 1 <appendix> member <vmtarget> ; # org/gradle/api/internal/DefaultDomainObjectSet_Decorated$$Lambda+0x000001af816f3860
instanceKlass  @bci org/gradle/api/internal/artifacts/configurations/DefaultConfiguration$ConfigurationResolvableDependencies_Decorated $gradleInit ()V 1 <appendix> member <vmtarget> ; # org/gradle/api/internal/artifacts/configurations/DefaultConfiguration$ConfigurationResolvableDependencies_Decorated$$Lambda+0x000001af816fef48
instanceKlass org/gradle/api/artifacts/ArtifactCollection
instanceKlass org/gradle/api/artifacts/result/ResolutionResult
instanceKlass org/gradle/api/internal/artifacts/resolver/ResolutionOutputsInternal
instanceKlass org/gradle/api/internal/artifacts/resolver/ResolutionOutputs
instanceKlass org/gradle/api/internal/artifacts/configurations/ResolutionResultProvider
instanceKlass org/gradle/api/internal/artifacts/configurations/DefaultConfiguration$ConfigurationResolutionAccess
instanceKlass org/gradle/api/internal/artifacts/configurations/DefaultConfiguration$ConfigurationDescription
instanceKlass  @bci org/gradle/api/internal/artifacts/configurations/DefaultConfiguration <init> (Lorg/gradle/api/internal/DomainObjectContext;Ljava/lang/String;Lorg/gradle/api/internal/artifacts/configurations/ConfigurationsProvider;Lorg/gradle/api/internal/artifacts/ConfigurationResolver;Lorg/gradle/internal/event/ListenerBroadcast;Lorg/gradle/internal/Factory;Lorg/gradle/api/internal/file/FileCollectionFactory;Lorg/gradle/internal/operations/BuildOperationRunner;Lorg/gradle/internal/reflect/Instantiator;Lorg/gradle/internal/typeconversion/NotationParser;Lorg/gradle/internal/typeconversion/NotationParser;Lorg/gradle/api/internal/attributes/AttributesFactory;Lorg/gradle/api/internal/artifacts/ivyservice/moduleconverter/RootComponentMetadataBuilder;Lorg/gradle/api/internal/artifacts/ResolveExceptionMapper;Lorg/gradle/api/internal/attributes/AttributeDesugaring;Lorg/gradle/internal/code/UserCodeApplicationContext;Lorg/gradle/api/internal/CollectionCallbackActionDecorator;Lorg/gradle/api/internal/project/ProjectStateRegistr ; # org/gradle/api/internal/artifacts/configurations/DefaultConfiguration$$Lambda+0x000001af816fdbe0
instanceKlass org/gradle/api/tasks/util/internal/PatternSets
# instanceKlass java/lang/invoke/LambdaForm$MH+0x000001af81703000
# instanceKlass java/lang/invoke/LambdaForm$MH+0x000001af81702c00
# instanceKlass java/lang/invoke/LambdaForm$MH+0x000001af81702800
# instanceKlass java/lang/invoke/LambdaForm$MH+0x000001af81702400
# instanceKlass java/lang/invoke/LambdaForm$MH+0x000001af81702000
# instanceKlass java/lang/invoke/LambdaForm$MH+0x000001af81701c00
# instanceKlass java/lang/invoke/LambdaForm$MH+0x000001af81701800
# instanceKlass java/lang/invoke/LambdaForm$MH+0x000001af81701400
# instanceKlass java/lang/invoke/LambdaForm$MH+0x000001af81701000
# instanceKlass java/lang/invoke/LambdaForm$MH+0x000001af81700c00
# instanceKlass java/lang/invoke/LambdaForm$MH+0x000001af81700800
# instanceKlass java/lang/invoke/LambdaForm$MH+0x000001af81700400
# instanceKlass java/lang/invoke/LambdaForm$MH+0x000001af81700000
# instanceKlass java/lang/invoke/LambdaForm$MH+0x000001af816fbc00
# instanceKlass java/lang/invoke/LambdaForm$MH+0x000001af816fb800
# instanceKlass java/lang/invoke/LambdaForm$MH+0x000001af816fb400
# instanceKlass java/lang/invoke/LambdaForm$MH+0x000001af816fb000
# instanceKlass java/lang/invoke/LambdaForm$MH+0x000001af816fac00
# instanceKlass java/lang/invoke/LambdaForm$MH+0x000001af816fa800
# instanceKlass java/lang/invoke/LambdaForm$MH+0x000001af816fa400
# instanceKlass java/lang/invoke/LambdaForm$MH+0x000001af816fa000
# instanceKlass java/lang/invoke/LambdaForm$MH+0x000001af816f9c00
# instanceKlass java/lang/invoke/LambdaForm$MH+0x000001af816f9800
# instanceKlass java/lang/invoke/LambdaForm$MH+0x000001af816f9400
# instanceKlass java/lang/invoke/LambdaForm$MH+0x000001af816f9000
# instanceKlass java/lang/invoke/LambdaForm$BMH+0x000001af816f8c00
# instanceKlass java/lang/invoke/LambdaForm$DMH+0x000001af816f8800
# instanceKlass java/lang/invoke/LambdaForm$DMH+0x000001af816f8400
instanceKlass org/gradle/api/internal/artifacts/ivyservice/ResolutionParameters$ModuleVersionLock
instanceKlass org/gradle/api/internal/file/collections/FileSystemMirroringFileTree
instanceKlass org/gradle/api/internal/artifacts/configurations/DefaultConfigurationPublications
instanceKlass org/gradle/api/internal/artifacts/configurations/DefaultConfiguration$ConfigurationResolvableDependencies
instanceKlass org/gradle/api/internal/artifacts/configurations/ResolutionStrategyInternal
instanceKlass org/gradle/api/internal/artifacts/ResolverResults
instanceKlass org/gradle/operations/dependencies/configurations/ConfigurationIdentity
instanceKlass org/gradle/api/artifacts/ConfigurationPublications
instanceKlass org/gradle/api/artifacts/ResolvableDependencies
instanceKlass org/gradle/api/artifacts/ArtifactView
instanceKlass org/gradle/api/artifacts/PublishArtifactSet
instanceKlass org/gradle/api/artifacts/DependencySet
instanceKlass org/gradle/api/artifacts/DependencyConstraintSet
instanceKlass org/gradle/api/internal/artifacts/resolver/ResolutionAccess
instanceKlass org/gradle/api/artifacts/ResolutionStrategy
instanceKlass org/gradle/api/artifacts/DependencyResolutionListener
instanceKlass org/gradle/api/internal/artifacts/configurations/ConfigurationRolesForMigration
instanceKlass org/gradle/internal/service/scopes/DetachedDependencyMetadataProvider
instanceKlass org/gradle/api/internal/artifacts/configurations/DetachedConfigurationsProvider
instanceKlass org/gradle/api/internal/artifacts/dsl/dependencies/ModuleFactoryHelper
instanceKlass  @bci org/gradle/api/internal/artifacts/dependencies/DefaultExternalModuleDependency_Decorated $gradleInit ()V 1 <appendix> member <vmtarget> ; # org/gradle/api/internal/artifacts/dependencies/DefaultExternalModuleDependency_Decorated$$Lambda+0x000001af816efc08
instanceKlass org/gradle/api/internal/artifacts/ImmutableVersionConstraint
# instanceKlass java/lang/invoke/LambdaForm$MH+0x000001af816f8000
instanceKlass org/gradle/api/artifacts/ExcludeRule
instanceKlass org/gradle/api/internal/artifacts/CachingDependencyResolveContext
instanceKlass org/gradle/api/internal/artifacts/dependencies/ModuleDependencyCapabilitiesInternal
instanceKlass org/gradle/api/artifacts/ModuleDependencyCapabilitiesHandler
instanceKlass org/gradle/api/internal/artifacts/dependencies/DefaultDependencyArtifact
instanceKlass org/gradle/api/internal/artifacts/DefaultExcludeRuleContainer
instanceKlass org/gradle/api/artifacts/ExcludeRuleContainer
instanceKlass org/gradle/api/internal/artifacts/dependencies/AbstractVersionConstraint
instanceKlass org/gradle/api/internal/artifacts/VersionConstraintInternal
instanceKlass org/gradle/api/artifacts/MutableVersionConstraint
instanceKlass org/gradle/api/artifacts/ClientModule
instanceKlass org/gradle/api/internal/notations/ClientModuleNotationParserFactory
instanceKlass org/gradle/internal/typeconversion/TypeFilteringNotationConverter
instanceKlass org/gradle/api/internal/file/collections/MinimalFileSet
instanceKlass org/gradle/api/internal/notations/DependencyClassPathNotationConverter
instanceKlass org/gradle/api/internal/notations/DependencyProjectNotationConverter
instanceKlass org/gradle/api/internal/notations/DependencyFilesNotationConverter
instanceKlass org/gradle/api/internal/artifacts/dependencies/MinimalExternalModuleDependencyInternal
instanceKlass org/gradle/api/artifacts/MinimalExternalModuleDependency
instanceKlass org/gradle/api/internal/notations/DependencyNotationParser$MinimalExternalDependencyNotationConverter
instanceKlass org/gradle/api/internal/artifacts/dependencies/AbstractDependency
instanceKlass org/gradle/api/internal/artifacts/ResolvableDependency
instanceKlass org/gradle/api/internal/notations/DependencyNotationParser
instanceKlass org/gradle/api/internal/artifacts/DefaultDependencyFactory
instanceKlass org/gradle/api/internal/notations/ProjectDependencyFactory
# instanceKlass java/lang/invoke/LambdaForm$MH+0x000001af816ebc00
# instanceKlass java/lang/invoke/LambdaForm$MH+0x000001af816eb800
# instanceKlass java/lang/invoke/LambdaForm$MH+0x000001af816eb400
# instanceKlass java/lang/invoke/LambdaForm$MH+0x000001af816eb000
# instanceKlass java/lang/invoke/LambdaForm$MH+0x000001af816eac00
# instanceKlass java/lang/invoke/LambdaForm$MH+0x000001af816ea800
# instanceKlass java/lang/invoke/LambdaForm$MH+0x000001af816ea400
# instanceKlass java/lang/invoke/LambdaForm$MH+0x000001af816ea000
# instanceKlass java/lang/invoke/LambdaForm$MH+0x000001af816e9c00
# instanceKlass java/lang/invoke/LambdaForm$MH+0x000001af816e9800
# instanceKlass java/lang/invoke/LambdaForm$MH+0x000001af816e9400
# instanceKlass java/lang/invoke/LambdaForm$MH+0x000001af816e9000
# instanceKlass java/lang/invoke/LambdaForm$MH+0x000001af816e8c00
# instanceKlass java/lang/invoke/LambdaForm$MH+0x000001af816e8800
# instanceKlass java/lang/invoke/LambdaForm$MH+0x000001af816e8400
# instanceKlass java/lang/invoke/LambdaForm$MH+0x000001af816e8000
# instanceKlass java/lang/invoke/LambdaForm$MH+0x000001af816e1400
instanceKlass  @bci org/gradle/internal/composite/DefaultBuildIncluder getIncludedBuildsForPluginResolution ()Ljava/util/Collection; 25 <appendix> member <vmtarget> ; # org/gradle/internal/composite/DefaultBuildIncluder$$Lambda+0x000001af816e2248
instanceKlass  @bci org/gradle/internal/composite/DefaultBuildIncluder getRegisteredPluginBuilds ()Ljava/util/Collection; 10 <appendix> member <vmtarget> ; # org/gradle/internal/composite/DefaultBuildIncluder$$Lambda+0x000001af816e2000
instanceKlass  @bci org/gradle/composite/internal/plugins/CompositeBuildPluginResolverContributor$CompositeBuildPluginResolver resolve (Lorg/gradle/plugin/management/internal/PluginRequestInternal;)Lorg/gradle/plugin/use/resolve/internal/PluginResolutionResult; 11 <appendix> member <vmtarget> ; # org/gradle/composite/internal/plugins/CompositeBuildPluginResolverContributor$CompositeBuildPluginResolver$$Lambda+0x000001af816e7b38
instanceKlass org/gradle/plugin/use/resolve/internal/PluginResolutionResult$NotFound
instanceKlass org/gradle/plugin/use/internal/DefaultPluginRequestApplicator$ApplyAction
instanceKlass org/gradle/plugin/use/resolve/internal/SimplePluginResolution
instanceKlass org/gradle/plugin/use/resolve/internal/PluginResolutionResult
instanceKlass org/gradle/api/plugins/JavaPlugin
instanceKlass org/gradle/api/internal/artifacts/dsl/ModuleVersionSelectorParsers$StringConverter
instanceKlass org/gradle/api/internal/artifacts/dsl/ModuleVersionSelectorParsers
instanceKlass org/gradle/plugin/management/internal/DefaultPluginResolveDetails
instanceKlass org/gradle/plugin/management/PluginResolveDetails
instanceKlass org/gradle/plugin/use/resolve/internal/AlreadyOnClasspathPluginResolver
instanceKlass org/gradle/plugin/use/resolve/internal/ArtifactRepositoriesPluginResolver
instanceKlass  @bci org/gradle/plugin/use/internal/PluginResolverFactory addDefaultResolvers (Lorg/gradle/plugin/use/resolve/internal/PluginArtifactRepositories;Ljava/util/List;)V 55 <appendix> member <vmtarget> ; # org/gradle/plugin/use/internal/PluginResolverFactory$$Lambda+0x000001af816e5c10
instanceKlass org/gradle/plugin/use/resolve/internal/CorePluginResolver
instanceKlass org/gradle/plugin/use/resolve/internal/NoopPluginResolver
instanceKlass org/gradle/plugin/use/resolve/internal/CompositePluginResolver
instanceKlass org/gradle/plugin/use/internal/DefaultPluginRequestApplicator$CollectingPluginRequestResolutionVisitor
instanceKlass org/gradle/api/internal/DefaultNamedDomainObjectCollection$ObjectBackedElementInfo
instanceKlass  @bci org/gradle/api/internal/artifacts/repositories/DefaultBaseRepositoryFactory createGradlePluginPortal ()Lorg/gradle/api/artifacts/repositories/ArtifactRepository; 29 <appendix> argL0 ; # org/gradle/api/internal/artifacts/repositories/DefaultBaseRepositoryFactory$$Lambda+0x000001af816e50f8
instanceKlass  @bci org/gradle/api/internal/artifacts/repositories/DefaultMavenArtifactRepository_Decorated $gradleInit ()V 1 <appendix> member <vmtarget> ; # org/gradle/api/internal/artifacts/repositories/DefaultMavenArtifactRepository_Decorated$$Lambda+0x000001af816e4ed0
instanceKlass  @bci org/gradle/api/internal/artifacts/repositories/DefaultMavenArtifactRepository <init> (Lorg/gradle/api/Transformer;Lorg/gradle/api/internal/file/FileResolver;Lorg/gradle/api/internal/artifacts/repositories/transport/RepositoryTransportFactory;Lorg/gradle/internal/resource/local/LocallyAvailableResourceFinder;Lorg/gradle/internal/instantiation/InstantiatorFactory;Lorg/gradle/internal/resource/local/FileStore;Lorg/gradle/api/internal/artifacts/ivyservice/ivyresolve/parser/MetaDataParser;Lorg/gradle/api/internal/artifacts/ivyservice/ivyresolve/parser/GradleModuleMetadataParser;Lorg/gradle/api/artifacts/repositories/AuthenticationContainer;Lorg/gradle/internal/resource/local/FileStore;Lorg/gradle/internal/resource/local/FileResourceRepository;Lorg/gradle/api/internal/artifacts/repositories/metadata/MavenMutableModuleMetadataFactory;Lorg/gradle/internal/isolation/IsolatableFactory;Lorg/gradle/api/model/ObjectFactory;Lorg/gradle/api/internal/artifacts/repositories/DefaultUrlArtifactRepository$Factory;Lorg/gra ; # org/gradle/api/internal/artifacts/repositories/DefaultMavenArtifactRepository$$Lambda+0x000001af816e4a28
instanceKlass  @bci org/gradle/api/internal/artifacts/repositories/DefaultMavenArtifactRepository createRepositoryDescriptor (Lorg/gradle/api/internal/artifacts/ivyservice/ivyresolve/strategy/VersionParser;)Lorg/gradle/api/internal/artifacts/repositories/RepositoryContentDescriptorInternal; 5 <appendix> member <vmtarget> ; # org/gradle/api/internal/artifacts/repositories/DefaultMavenArtifactRepository$$Lambda+0x000001af816e4800
instanceKlass org/gradle/api/internal/artifacts/repositories/DefaultRepositoryContentDescriptor
instanceKlass org/gradle/api/artifacts/repositories/MavenRepositoryContentDescriptor
# instanceKlass java/lang/invoke/LambdaForm$MH+0x000001af816e1000
# instanceKlass java/lang/invoke/LambdaForm$MH+0x000001af816e0c00
# instanceKlass java/lang/invoke/LambdaForm$MH+0x000001af816e0800
# instanceKlass java/lang/invoke/LambdaForm$MH+0x000001af816e0400
# instanceKlass java/lang/invoke/LambdaForm$MH+0x000001af816e0000
# instanceKlass java/lang/invoke/LambdaForm$MH+0x000001af816dfc00
# instanceKlass java/lang/invoke/LambdaForm$MH+0x000001af816df800
# instanceKlass java/lang/invoke/LambdaForm$MH+0x000001af816df400
# instanceKlass java/lang/invoke/LambdaForm$MH+0x000001af816df000
# instanceKlass java/lang/invoke/LambdaForm$MH+0x000001af816dec00
# instanceKlass java/lang/invoke/LambdaForm$MH+0x000001af816de800
# instanceKlass java/lang/invoke/LambdaForm$MH+0x000001af816de400
# instanceKlass java/lang/invoke/LambdaForm$MH+0x000001af816de000
# instanceKlass java/lang/invoke/LambdaForm$MH+0x000001af816ddc00
# instanceKlass java/lang/invoke/LambdaForm$MH+0x000001af816dd800
# instanceKlass java/lang/invoke/LambdaForm$MH+0x000001af816dd400
# instanceKlass java/lang/invoke/LambdaForm$MH+0x000001af816dd000
instanceKlass  @bci org/gradle/api/internal/artifacts/repositories/DefaultMavenArtifactRepository <clinit> ()V 0 <appendix> argL0 ; # org/gradle/api/internal/artifacts/repositories/DefaultMavenArtifactRepository$$Lambda+0x000001af816d3bf8
# instanceKlass java/lang/invoke/LambdaForm$MH+0x000001af816dcc00
instanceKlass  @bci org/gradle/api/internal/artifacts/ivyservice/resolveengine/graph/builder/ResolveState getNode (Lorg/gradle/api/internal/artifacts/ivyservice/resolveengine/graph/builder/ComponentState;Lorg/gradle/internal/component/model/VariantGraphResolveState;Z)Lorg/gradle/api/internal/artifacts/ivyservice/resolveengine/graph/builder/NodeState; 29 <adapter> ; # java/lang/invoke/LambdaForm$MH+0x000001af816dc800
# instanceKlass java/lang/invoke/LambdaForm$DMH+0x000001af816dc400
instanceKlass  @bci org/gradle/api/internal/artifacts/ivyservice/resolveengine/graph/builder/ResolveState getNode (Lorg/gradle/api/internal/artifacts/ivyservice/resolveengine/graph/builder/ComponentState;Lorg/gradle/internal/component/model/VariantGraphResolveState;Z)Lorg/gradle/api/internal/artifacts/ivyservice/resolveengine/graph/builder/NodeState; 29 <appendix> form vmentry <vmtarget> ; # java/lang/invoke/LambdaForm$DMH+0x000001af816dc000
instanceKlass  @bci org/gradle/internal/instantiation/generator/AsmBackedClassGenerator$ClassBuilderImpl applyReadOnlyManagedStateToGetter (Lorg/gradle/internal/instantiation/generator/AbstractClassGenerator$PropertyMetadata;Ljava/lang/reflect/Method;Z)V 53 <appendix> member <vmtarget> ; # org/gradle/internal/instantiation/generator/AsmBackedClassGenerator$ClassBuilderImpl$$Lambda+0x000001af816d7ac0
instanceKlass  @cpi org/gradle/internal/instantiation/generator/AsmBackedClassGenerator$ClassBuilderImpl 1738 form vmentry <vmtarget> ; # java/lang/invoke/LambdaForm$DMH+0x000001af816ccc00
instanceKlass org/gradle/internal/instantiation/generator/AsmBackedClassGenerator$AttachedProperty
instanceKlass org/gradle/api/internal/artifacts/repositories/ArtifactResolutionDetails
instanceKlass org/gradle/internal/resolve/caching/ImplicitInputsCapturingInstantiator
instanceKlass org/gradle/api/internal/artifacts/repositories/AuthenticationSupporter
instanceKlass org/gradle/api/artifacts/repositories/PasswordCredentials
instanceKlass org/gradle/api/credentials/PasswordCredentials
instanceKlass org/gradle/api/credentials/Credentials
instanceKlass org/gradle/api/internal/artifacts/repositories/DefaultMavenArtifactRepository$MavenMetadataSources
instanceKlass org/gradle/api/internal/artifacts/repositories/DefaultUrlArtifactRepository
instanceKlass org/gradle/api/internal/artifacts/repositories/metadata/AbstractRepositoryMetadataSource
instanceKlass org/gradle/api/internal/artifacts/repositories/maven/MavenMetadataLoader
instanceKlass org/gradle/api/internal/artifacts/repositories/metadata/DefaultMavenPomMetadataSource$MavenMetadataValidator
instanceKlass org/gradle/api/internal/artifacts/repositories/resolver/ExternalResourceResolver
instanceKlass org/gradle/api/internal/artifacts/repositories/resolver/ExternalResourceArtifactResolver
instanceKlass org/gradle/api/internal/artifacts/repositories/descriptor/RepositoryDescriptor
instanceKlass org/gradle/api/internal/artifacts/repositories/metadata/ImmutableMetadataSources
instanceKlass org/gradle/api/internal/artifacts/repositories/metadata/MetadataSource
instanceKlass org/gradle/api/internal/artifacts/ivyservice/ivyresolve/ConfiguredModuleComponentRepository
instanceKlass org/gradle/api/internal/artifacts/repositories/metadata/MetadataArtifactProvider
instanceKlass org/gradle/api/artifacts/repositories/MavenArtifactRepository$MetadataSources
instanceKlass org/gradle/api/internal/artifacts/repositories/RepositoryContentDescriptorInternal
instanceKlass org/gradle/api/artifacts/repositories/RepositoryResourceAccessor
instanceKlass org/gradle/api/internal/DefaultPolymorphicDomainObjectContainer$2
instanceKlass  @bci org/gradle/internal/authentication/DefaultAuthenticationContainer_Decorated $gradleInit ()V 1 <appendix> member <vmtarget> ; # org/gradle/internal/authentication/DefaultAuthenticationContainer_Decorated$$Lambda+0x000001af816d6a58
instanceKlass org/gradle/api/internal/DefaultPolymorphicNamedEntityInstantiator
instanceKlass org/gradle/api/internal/PolymorphicNamedEntityInstantiator
instanceKlass org/gradle/api/internal/artifacts/repositories/AbstractArtifactRepository
instanceKlass org/gradle/api/internal/artifacts/repositories/ContentFilteringRepository
instanceKlass org/gradle/api/internal/artifacts/repositories/ArtifactRepositoryInternal
instanceKlass org/gradle/internal/artifacts/repositories/AuthenticationSupportedInternal
instanceKlass org/gradle/api/internal/artifacts/repositories/ResolutionAwareRepository
instanceKlass org/gradle/api/internal/artifacts/repositories/DefaultBaseRepositoryFactory$NamedMavenRepositoryDescriber
instanceKlass org/gradle/internal/locking/NoOpDependencyLockingProvider
instanceKlass org/gradle/plugin/use/internal/DefaultPluginArtifactRepositories
instanceKlass  @bci org/gradle/plugin/management/internal/autoapply/CompositeAutoAppliedPluginRegistry getAutoAppliedPlugins (Lorg/gradle/api/Project;)Lorg/gradle/plugin/management/internal/PluginRequests; 23 <appendix> argL0 ; # org/gradle/plugin/management/internal/autoapply/CompositeAutoAppliedPluginRegistry$$Lambda+0x000001af816b2cd0
instanceKlass  @bci org/gradle/plugin/management/internal/autoapply/CompositeAutoAppliedPluginRegistry getAutoAppliedPlugins (Lorg/gradle/api/Project;)Lorg/gradle/plugin/management/internal/PluginRequests; 10 <appendix> member <vmtarget> ; # org/gradle/plugin/management/internal/autoapply/CompositeAutoAppliedPluginRegistry$$Lambda+0x000001af816b2a88
instanceKlass org/gradle/plugin/management/internal/MultiPluginRequests
instanceKlass  @bci java/util/stream/Collectors lambda$groupingBy$53 (Ljava/util/function/Function;Ljava/util/function/Supplier;Ljava/util/function/BiConsumer;Ljava/util/Map;Ljava/lang/Object;)V 20 <appendix> member <vmtarget> ; # java/util/stream/Collectors$$Lambda+0x000001af814f0190
instanceKlass  @bci java/util/stream/Collectors mapMerger (Ljava/util/function/BinaryOperator;)Ljava/util/function/BinaryOperator; 1 <appendix> member <vmtarget> ; # java/util/stream/Collectors$$Lambda+0x000001af814eff40
instanceKlass  @bci java/util/stream/Collectors groupingBy (Ljava/util/function/Function;Ljava/util/function/Supplier;Ljava/util/stream/Collector;)Ljava/util/stream/Collector; 19 <appendix> member <vmtarget> ; # java/util/stream/Collectors$$Lambda+0x000001af814efd08
instanceKlass  @bci java/util/stream/Collectors groupingBy (Ljava/util/function/Function;Ljava/util/stream/Collector;)Ljava/util/stream/Collector; 1 <appendix> argL0 ; # java/util/stream/Collectors$$Lambda+0x000001af814efae8
instanceKlass  @bci org/gradle/plugin/use/internal/PluginRequestCollector listPluginRequests ()Ljava/util/List; 20 <appendix> argL0 ; # org/gradle/plugin/use/internal/PluginRequestCollector$$Lambda+0x000001af816ceba0
instanceKlass org/gradle/plugin/management/internal/DefaultPluginRequest
instanceKlass  @bci org/gradle/plugin/use/internal/PluginRequestCollector listPluginRequests ()Ljava/util/List; 5 <appendix> member <vmtarget> ; # org/gradle/plugin/use/internal/PluginRequestCollector$$Lambda+0x000001af816ce460
instanceKlass  @bci org/gradle/internal/classpath/DefaultInstrumentedClosuresTracker leaveClosure (Lorg/gradle/internal/classpath/InstrumentableClosure;)V 5 <appendix> argL0 ; # org/gradle/internal/classpath/DefaultInstrumentedClosuresTracker$$Lambda+0x000001af816cbd30
instanceKlass org/gradle/plugin/use/internal/PluginRequestCollector$1
instanceKlass org/gradle/declarative/dsl/model/annotations/Builder
instanceKlass com/google/common/base/Strings
instanceKlass org/gradle/plugin/use/internal/PluginRequestCollector$PluginDependencySpecImpl
# instanceKlass java/lang/invoke/LambdaForm$MH+0x000001af816cc800
# instanceKlass java/lang/invoke/LambdaForm$MH+0x000001af816cc400
# instanceKlass java/lang/invoke/LambdaForm$DMH+0x000001af816cc000
instanceKlass org/gradle/plugin/use/PluginDependency
instanceKlass  @bci org/gradle/internal/classpath/DefaultInstrumentedClosuresTracker enterClosure (Lorg/gradle/internal/classpath/InstrumentableClosure;)V 6 <appendix> argL0 ; # org/gradle/internal/classpath/DefaultInstrumentedClosuresTracker$$Lambda+0x000001af816ca718
instanceKlass it/unimi/dsi/fastutil/ints/IntBinaryOperator
instanceKlass it/unimi/dsi/fastutil/objects/Object2IntMap$FastEntrySet
instanceKlass java/util/function/IntBinaryOperator
instanceKlass it/unimi/dsi/fastutil/objects/AbstractObject2IntFunction
instanceKlass  @bci org/gradle/internal/classpath/InstrumentedClosuresHelper <clinit> ()V 4 <appendix> argL0 ; # org/gradle/internal/classpath/InstrumentedClosuresHelper$$Lambda+0x000001af816c8aa0
instanceKlass it/unimi/dsi/fastutil/objects/Object2IntMap
instanceKlass it/unimi/dsi/fastutil/objects/Object2IntFunction
instanceKlass org/gradle/internal/classpath/DefaultInstrumentedClosuresTracker
instanceKlass org/gradle/internal/classpath/PerThreadInstrumentedClosuresTracker
instanceKlass org/gradle/internal/classpath/InstrumentedClosuresTracker
instanceKlass org/gradle/internal/classpath/InstrumentedClosuresHelper
instanceKlass org/gradle/util/internal/ClosureBackedAction
instanceKlass org/gradle/plugin/use/PluginDependencySpec
instanceKlass org/gradle/plugin/use/internal/PluginRequestCollector$PluginDependenciesSpecImpl
instanceKlass org/gradle/plugin/use/PluginDependenciesSpec
# instanceKlass java/lang/invoke/LambdaForm$MH+0x000001af816c1800
# instanceKlass java/lang/invoke/LambdaForm$MH+0x000001af816c0c00
instanceKlass  @bci org/codehaus/groovy/reflection/ClassLoaderForClassArtifacts defineClassAndGetConstructor (Ljava/lang/String;[B)Ljava/lang/reflect/Constructor; 3 <appendix> member <vmtarget> ; # org/codehaus/groovy/reflection/ClassLoaderForClassArtifacts$$Lambda+0x000001af816c2c70
instanceKlass groovyjarjarasm/asm/Attribute
instanceKlass groovyjarjarasm/asm/Handler
instanceKlass org/codehaus/groovy/classgen/asm/BytecodeHelper
instanceKlass groovyjarjarasm/asm/Edge
instanceKlass groovyjarjarasm/asm/Label
instanceKlass groovyjarjarasm/asm/Type
instanceKlass groovyjarjarasm/asm/Frame
instanceKlass  @bci org/codehaus/groovy/reflection/CachedClass$5 initValue ()Lorg/codehaus/groovy/runtime/callsite/CallSiteClassLoader; 1 <appendix> member <vmtarget> ; # org/codehaus/groovy/reflection/CachedClass$5$$Lambda+0x000001af816c73e0
instanceKlass groovyjarjarasm/asm/ByteVector
instanceKlass groovyjarjarasm/asm/Symbol
instanceKlass groovyjarjarasm/asm/SymbolTable
instanceKlass groovyjarjarasm/asm/FieldVisitor
instanceKlass groovyjarjarasm/asm/MethodVisitor
instanceKlass groovyjarjarasm/asm/AnnotationVisitor
instanceKlass groovyjarjarasm/asm/ModuleVisitor
instanceKlass groovyjarjarasm/asm/RecordComponentVisitor
instanceKlass org/codehaus/groovy/classgen/GeneratorContext
instanceKlass org/codehaus/groovy/reflection/android/AndroidSupport
instanceKlass  @bci org/codehaus/groovy/runtime/callsite/GroovySunClassLoader <clinit> ()V 31 <appendix> argL0 ; # org/codehaus/groovy/runtime/callsite/GroovySunClassLoader$$Lambda+0x000001af816c4000
instanceKlass  @bci org/codehaus/groovy/reflection/SunClassLoader <clinit> ()V 0 <appendix> argL0 ; # org/codehaus/groovy/reflection/SunClassLoader$$Lambda+0x000001af816bbdc0
instanceKlass org/codehaus/groovy/runtime/callsite/CallSiteGenerator
instanceKlass org/codehaus/groovy/runtime/metaclass/MetaMethodIndex$CacheEntry
instanceKlass groovy/lang/AdaptingMetaClass
instanceKlass groovy/lang/GroovyInterceptable
instanceKlass org/codehaus/groovy/runtime/ArrayUtil
instanceKlass org/codehaus/groovy/runtime/metaclass/ClosureMetaClass$StandardClosureChooser
instanceKlass org/codehaus/groovy/runtime/metaclass/ClosureMetaClass$MethodChooser
instanceKlass org/codehaus/groovy/runtime/callsite/BooleanClosureWrapper
instanceKlass  @bci com/sun/beans/finder/MethodFinder findAccessibleMethod (Ljava/lang/reflect/Method;Ljava/lang/reflect/Type;)Ljava/lang/reflect/Method; 179 <appendix> form vmentry <vmtarget> ; # java/lang/invoke/LambdaForm$MH+0x000001af816c0800
# instanceKlass java/lang/invoke/LambdaForm$MH+0x000001af816c0400
instanceKlass  @bci com/sun/beans/finder/MethodFinder findAccessibleMethod (Ljava/lang/reflect/Method;Ljava/lang/reflect/Type;)Ljava/lang/reflect/Method; 179 <appendix> argL3 form vmentry <vmtarget> ; # java/lang/invoke/LambdaForm$MH+0x000001af816c0000
# instanceKlass java/lang/invoke/LambdaForm$MH+0x000001af816bfc00
instanceKlass  @bci com/sun/beans/finder/MethodFinder findAccessibleMethod (Ljava/lang/reflect/Method;Ljava/lang/reflect/Type;)Ljava/lang/reflect/Method; 179 <appendix> argL2 form vmentry <vmtarget> ; # java/lang/invoke/LambdaForm$MH+0x000001af816bf800
# instanceKlass java/lang/invoke/LambdaForm$MH+0x000001af816bf400
# instanceKlass java/lang/invoke/LambdaForm$MH+0x000001af816bf000
instanceKlass com/sun/beans/finder/FinderUtils
instanceKlass com/sun/beans/finder/AbstractFinder
instanceKlass org/gradle/internal/classpath/InstrumentableClosure
# instanceKlass java/lang/invoke/LambdaForm$MH+0x000001af816be400
# instanceKlass java/lang/invoke/LambdaForm$MH+0x000001af816be000
# instanceKlass java/lang/invoke/LambdaForm$MH+0x000001af816bdc00
# instanceKlass java/lang/invoke/LambdaForm$MH+0x000001af816bd800
# instanceKlass java/lang/invoke/LambdaForm$MH+0x000001af816bd400
# instanceKlass java/lang/invoke/LambdaForm$MH+0x000001af816bd000
# instanceKlass java/lang/invoke/LambdaForm$MH+0x000001af816bcc00
# instanceKlass java/lang/invoke/LambdaForm$MH+0x000001af816bc800
instanceKlass org/gradle/internal/snapshot/SearchUtil
instanceKlass  @bci org/gradle/internal/snapshot/AbstractListChildMap findChildIndexWithCommonPrefix (Lorg/gradle/internal/snapshot/VfsRelativePath;Lorg/gradle/internal/snapshot/CaseSensitivity;)I 6 <appendix> member <vmtarget> ; # org/gradle/internal/snapshot/AbstractListChildMap$$Lambda+0x000001af816b7ae0
instanceKlass org/gradle/configuration/ProjectScriptTarget
instanceKlass  @bci org/gradle/configuration/project/BuildScriptProcessor execute (Lorg/gradle/api/internal/project/ProjectInternal;)V 83 <appendix> member <vmtarget> ; # org/gradle/configuration/project/BuildScriptProcessor$$Lambda+0x000001af816b75e8
instanceKlass org/gradle/api/internal/artifacts/ProjectBackedModule
instanceKlass org/gradle/api/internal/artifacts/DependencyManagementProjectScopeServices$ProjectBackedModuleMetaDataProvider
instanceKlass org/gradle/kotlin/dsl/tooling/builders/AbstractKotlinDslScriptsModelBuilder$Companion
instanceKlass org/gradle/kotlin/dsl/tooling/builders/AbstractKotlinDslScriptsModelBuilder
instanceKlass org/gradle/kotlin/dsl/tooling/builders/internal/IsolatedScriptsModelBuilder
instanceKlass kotlin/collections/ArraysUtilJVM
instanceKlass kotlin/collections/ArraysKt__ArraysJVMKt
instanceKlass kotlin/collections/CollectionsKt__CollectionsJVMKt
instanceKlass org/gradle/kotlin/dsl/tooling/builders/KotlinBuildScriptTemplateModelBuilder
instanceKlass org/gradle/kotlin/dsl/tooling/builders/KotlinBuildScriptModelBuilder
instanceKlass  @bci org/gradle/jvm/toolchain/internal/task/ShowToolchainsTaskConfigurator execute (Lorg/gradle/api/internal/project/ProjectInternal;)V 10 <appendix> argL0 ; # org/gradle/jvm/toolchain/internal/task/ShowToolchainsTaskConfigurator$$Lambda+0x000001af816b16a0
instanceKlass  @bci org/gradle/internal/buildconfiguration/DaemonJvmPropertiesConfigurator execute (Lorg/gradle/api/internal/project/ProjectInternal;)V 43 <appendix> member <vmtarget> ; # org/gradle/internal/buildconfiguration/DaemonJvmPropertiesConfigurator$$Lambda+0x000001af816b5138
instanceKlass  @bci org/gradle/buildinit/plugins/WrapperPlugin apply (Lorg/gradle/api/Project;)V 166 <appendix> member <vmtarget> ; # org/gradle/buildinit/plugins/WrapperPlugin$$Lambda+0x000001af816b0aa8
instanceKlass org/gradle/api/internal/resources/ApiTextResourceAdapter
instanceKlass org/gradle/api/resources/internal/TextResourceInternal
instanceKlass org/gradle/internal/resource/transfer/CachingTextUriResourceLoader
instanceKlass org/gradle/internal/resource/transfer/CacheAwareExternalResourceAccessor$ResourceFileStore
instanceKlass org/gradle/api/internal/artifacts/repositories/resolver/DefaultExternalResourceAccessor
instanceKlass org/gradle/internal/resource/ExternalResource$ContentAndMetadataAction
instanceKlass org/gradle/internal/resource/transfer/DefaultCacheAwareExternalResourceAccessor
instanceKlass org/gradle/internal/resource/transfer/DefaultExternalResourceRepository
instanceKlass org/gradle/internal/resource/transfer/ProgressLoggingExternalResourceLister$1
instanceKlass org/gradle/internal/resource/ExternalResourceListBuildOperationType$Result
instanceKlass org/gradle/internal/resource/transfer/ProgressLoggingExternalResourceAccessor$1
instanceKlass org/gradle/internal/resource/ExternalResourceReadMetadataBuildOperationType$Result
instanceKlass org/gradle/internal/resource/transfer/AbstractProgressLoggingHandler
instanceKlass org/gradle/internal/resource/transfer/CacheAwareExternalResourceAccessor
instanceKlass org/gradle/internal/resource/transport/AbstractRepositoryTransport
instanceKlass org/gradle/api/internal/artifacts/ivyservice/resolutionstrategy/DefaultExternalResourceCachePolicy
instanceKlass org/gradle/internal/resource/transfer/DefaultExternalResourceConnector$NoOpStats
instanceKlass org/gradle/internal/resource/transfer/DefaultExternalResourceConnector$1
instanceKlass org/gradle/internal/resource/transfer/DefaultExternalResourceConnector$ExternalResourceAccessStats
instanceKlass org/gradle/internal/resource/transfer/DefaultExternalResourceConnector
instanceKlass org/apache/http/HttpEntityEnclosingRequest
instanceKlass org/apache/http/HttpEntity
instanceKlass org/gradle/internal/resource/transport/http/HttpResourceUploader
instanceKlass org/gradle/internal/resource/transport/http/HttpResourceLister
instanceKlass org/gradle/internal/resource/transfer/ExternalResourceReadResponse
instanceKlass org/gradle/internal/resource/transfer/AbstractExternalResourceAccessor
instanceKlass org/apache/http/protocol/HttpContext
instanceKlass org/apache/http/message/AbstractHttpMessage
instanceKlass org/apache/http/client/methods/AbortableHttpRequest
instanceKlass org/apache/http/client/methods/HttpExecutionAware
instanceKlass org/apache/http/client/methods/Configurable
instanceKlass org/apache/http/client/methods/HttpUriRequest
instanceKlass org/slf4j/spi/LocationAwareLogger
instanceKlass org/apache/commons/logging/impl/SLF4JLog
instanceKlass org/apache/commons/logging/impl/SLF4JLocationAwareLog
instanceKlass org/apache/commons/logging/Log
instanceKlass org/apache/commons/logging/LogFactory
instanceKlass org/apache/http/conn/ssl/DefaultHostnameVerifier
instanceKlass org/gradle/internal/resource/transport/http/DefaultHttpSettings$Builder
instanceKlass org/gradle/internal/resource/transport/http/DefaultHttpSettings$2$2
instanceKlass javax/net/ssl/X509TrustManager
instanceKlass javax/net/ssl/TrustManager
instanceKlass  @bci com/google/common/base/Suppliers$NonSerializableMemoizingSupplier <clinit> ()V 0 <appendix> argL0 ; # com/google/common/base/Suppliers$NonSerializableMemoizingSupplier$$Lambda+0x000001af81696a70
instanceKlass com/google/common/base/Suppliers$MemoizingSupplier
instanceKlass com/google/common/base/Suppliers$NonSerializableMemoizingSupplier
instanceKlass org/gradle/internal/resource/transport/http/DefaultHttpSettings$2$1
instanceKlass org/gradle/internal/resource/transport/http/DefaultHttpSettings$2
instanceKlass org/gradle/internal/resource/transport/http/DefaultHttpSettings$1
instanceKlass org/gradle/internal/resource/transport/http/HttpTimeoutSettings
instanceKlass org/gradle/internal/resource/transport/http/HttpProxySettings
instanceKlass javax/net/ssl/HostnameVerifier
instanceKlass org/gradle/internal/resource/transport/http/DefaultHttpSettings
instanceKlass org/gradle/api/internal/artifacts/repositories/transport/RepositoryTransportFactory$DefaultResourceConnectorSpecification
instanceKlass  @bci org/gradle/internal/verifier/HttpRedirectVerifierFactory create (Ljava/net/URI;ZLjava/lang/Runnable;Ljava/util/function/Consumer;)Lorg/gradle/internal/verifier/HttpRedirectVerifier; 40 <appendix> member <vmtarget> ; # org/gradle/internal/verifier/HttpRedirectVerifierFactory$$Lambda+0x000001af81695640
instanceKlass org/gradle/internal/verifier/HttpRedirectVerifierFactory
instanceKlass  @bci org/gradle/api/internal/resources/DefaultTextResourceFactory fromUri (Ljava/lang/Object;Z)Lorg/gradle/api/resources/TextResource; 20 <appendix> member <vmtarget> ; # org/gradle/api/internal/resources/DefaultTextResourceFactory$$Lambda+0x000001af81695200
instanceKlass  @bci org/gradle/api/internal/resources/DefaultTextResourceFactory fromUri (Ljava/lang/Object;Z)Lorg/gradle/api/resources/TextResource; 14 <appendix> member <vmtarget> ; # org/gradle/api/internal/resources/DefaultTextResourceFactory$$Lambda+0x000001af81694fd8
# instanceKlass java/lang/invoke/LambdaForm$MH+0x000001af816aa000
# instanceKlass java/lang/invoke/LambdaForm$MH+0x000001af816a9c00
# instanceKlass java/lang/invoke/LambdaForm$MH+0x000001af816a9800
# instanceKlass java/lang/invoke/LambdaForm$MH+0x000001af816a9400
# instanceKlass java/lang/invoke/LambdaForm$MH+0x000001af816a9000
# instanceKlass java/lang/invoke/LambdaForm$MH+0x000001af816a8c00
# instanceKlass java/lang/invoke/LambdaForm$MH+0x000001af816a8800
# instanceKlass java/lang/invoke/LambdaForm$MH+0x000001af816a8400
# instanceKlass java/lang/invoke/LambdaForm$MH+0x000001af816a8000
# instanceKlass java/lang/invoke/LambdaForm$MH+0x000001af816a7c00
# instanceKlass java/lang/invoke/LambdaForm$MH+0x000001af816a7800
# instanceKlass java/lang/invoke/LambdaForm$MH+0x000001af816a7400
# instanceKlass java/lang/invoke/LambdaForm$MH+0x000001af816a7000
# instanceKlass java/lang/invoke/LambdaForm$MH+0x000001af816a6c00
# instanceKlass java/lang/invoke/LambdaForm$MH+0x000001af816a6800
# instanceKlass java/lang/invoke/LambdaForm$MH+0x000001af816a6400
# instanceKlass java/lang/invoke/LambdaForm$MH+0x000001af816a6000
# instanceKlass java/lang/invoke/LambdaForm$BMH+0x000001af816a5c00
# instanceKlass java/lang/invoke/LambdaForm$DMH+0x000001af816a5800
# instanceKlass java/lang/invoke/LambdaForm$DMH+0x000001af816a5400
# instanceKlass java/lang/invoke/LambdaForm$MH+0x000001af816a5000
# instanceKlass java/lang/invoke/LambdaForm$MH+0x000001af816a4c00
# instanceKlass java/lang/invoke/LambdaForm$MH+0x000001af816a4800
# instanceKlass java/lang/invoke/LambdaForm$MH+0x000001af816a4400
# instanceKlass java/lang/invoke/LambdaForm$MH+0x000001af816a4000
instanceKlass  @bci org/gradle/internal/service/scopes/ProjectScopeServices createTemporaryFileProvider ()Lorg/gradle/api/internal/file/temp/TemporaryFileProvider; 5 <appendix> member <vmtarget> ; # org/gradle/internal/service/scopes/ProjectScopeServices$$Lambda+0x000001af81694db0
instanceKlass org/gradle/util/internal/DistributionLocator
instanceKlass  @bci org/gradle/buildinit/plugins/WrapperPlugin_Decorated $gradleInit ()V 1 <appendix> member <vmtarget> ; # org/gradle/buildinit/plugins/WrapperPlugin_Decorated$$Lambda+0x000001af816a2618
instanceKlass org/gradle/api/tasks/wrapper/WrapperVersionsResources
instanceKlass org/gradle/buildinit/plugins/WrapperPlugin
instanceKlass  @bci org/gradle/buildinit/plugins/BuildInitPlugin apply (Lorg/gradle/api/Project;)V 20 <appendix> member <vmtarget> ; # org/gradle/buildinit/plugins/BuildInitPlugin$$Lambda+0x000001af816a1120
instanceKlass  @bci org/gradle/buildinit/plugins/BuildInitPlugin_Decorated $gradleInit ()V 1 <appendix> member <vmtarget> ; # org/gradle/buildinit/plugins/BuildInitPlugin_Decorated$$Lambda+0x000001af816a0ef8
instanceKlass org/gradle/buildinit/plugins/BuildInitPlugin
instanceKlass  @bci org/gradle/api/plugins/SoftwareReportingTasksPlugin apply (Lorg/gradle/api/Project;)V 134 <appendix> argL0 ; # org/gradle/api/plugins/SoftwareReportingTasksPlugin$$Lambda+0x000001af8169fae8
instanceKlass  @bci org/gradle/api/plugins/SoftwareReportingTasksPlugin apply (Lorg/gradle/api/Project;)V 115 <appendix> member <vmtarget> ; # org/gradle/api/plugins/SoftwareReportingTasksPlugin$$Lambda+0x000001af8169f8c0
instanceKlass  @bci org/gradle/api/plugins/SoftwareReportingTasksPlugin apply (Lorg/gradle/api/Project;)V 98 <appendix> member <vmtarget> ; # org/gradle/api/plugins/SoftwareReportingTasksPlugin$$Lambda+0x000001af8169f698
instanceKlass  @bci org/gradle/api/plugins/SoftwareReportingTasksPlugin apply (Lorg/gradle/api/Project;)V 81 <appendix> member <vmtarget> ; # org/gradle/api/plugins/SoftwareReportingTasksPlugin$$Lambda+0x000001af8169f470
instanceKlass  @bci org/gradle/api/plugins/SoftwareReportingTasksPlugin_Decorated $gradleInit ()V 1 <appendix> member <vmtarget> ; # org/gradle/api/plugins/SoftwareReportingTasksPlugin_Decorated$$Lambda+0x000001af8169b4e0
instanceKlass org/apache/groovy/lang/annotation/Incubating
instanceKlass org/gradle/api/reporting/Reporting
instanceKlass org/gradle/api/plugins/SoftwareReportingTasksPlugin$DependentComponentsReportAction
instanceKlass org/gradle/api/plugins/SoftwareReportingTasksPlugin$ComponentReportAction
instanceKlass org/gradle/api/plugins/SoftwareReportingTasksPlugin$BuildEnvironmentReportTaskAction
instanceKlass org/gradle/api/plugins/SoftwareReportingTasksPlugin$DependencyReportTaskAction
instanceKlass org/gradle/api/plugins/SoftwareReportingTasksPlugin$DependencyInsightReportTaskAction
instanceKlass org/gradle/api/plugins/SoftwareReportingTasksPlugin
instanceKlass it/unimi/dsi/fastutil/ints/IntCollections$UnmodifiableCollection
instanceKlass it/unimi/dsi/fastutil/ints/IntArrays$ArrayHashStrategy
instanceKlass it/unimi/dsi/fastutil/ints/IntArrays$Segment
instanceKlass it/unimi/dsi/fastutil/Hash$Strategy
instanceKlass it/unimi/dsi/fastutil/ints/IntArrays
instanceKlass it/unimi/dsi/fastutil/ints/IntSpliterator
instanceKlass it/unimi/dsi/fastutil/ints/IntBidirectionalIterator
instanceKlass it/unimi/dsi/fastutil/ints/IntIterator
instanceKlass java/util/PrimitiveIterator$OfInt
instanceKlass java/util/PrimitiveIterator
instanceKlass it/unimi/dsi/fastutil/ints/IntSets
instanceKlass org/gradle/api/internal/provider/Collectors$SingleElement
instanceKlass it/unimi/dsi/fastutil/ints/IntSet
instanceKlass it/unimi/dsi/fastutil/ints/IntCollection
instanceKlass it/unimi/dsi/fastutil/ints/IntIterable
instanceKlass org/gradle/api/internal/collections/FilteredElementSource$FilteringIterator
instanceKlass org/gradle/api/internal/collections/CollectionFilter$1
instanceKlass  @bci org/gradle/api/plugins/HelpTasksPlugin apply (Lorg/gradle/api/Project;)V 111 <appendix> argL0 ; # org/gradle/api/plugins/HelpTasksPlugin$$Lambda+0x000001af8167b560
instanceKlass  @bci org/gradle/api/internal/tasks/DefaultRealizableTaskCollection_Decorated $gradleInit ()V 1 <appendix> member <vmtarget> ; # org/gradle/api/internal/tasks/DefaultRealizableTaskCollection_Decorated$$Lambda+0x000001af8168bd78
# instanceKlass java/lang/invoke/LambdaForm$MH+0x000001af8168d400
instanceKlass  @bci org/gradle/api/internal/tasks/DefaultTaskCollection_Decorated $gradleInit ()V 1 <appendix> member <vmtarget> ; # org/gradle/api/internal/tasks/DefaultTaskCollection_Decorated$$Lambda+0x000001af8168bb50
instanceKlass org/gradle/api/internal/DefaultNamedDomainObjectCollection$FilteredIndex
instanceKlass org/gradle/api/internal/collections/DefaultCollectionEventRegister$FilteredEventRegister
instanceKlass org/gradle/api/internal/collections/FilteredElementSource
# instanceKlass java/lang/invoke/LambdaForm$MH+0x000001af8168d000
# instanceKlass java/lang/invoke/LambdaForm$MH+0x000001af8168cc00
# instanceKlass java/lang/invoke/LambdaForm$MH+0x000001af8168c800
# instanceKlass java/lang/invoke/LambdaForm$MH+0x000001af8168c400
# instanceKlass java/lang/invoke/LambdaForm$MH+0x000001af8168c000
instanceKlass org/gradle/api/specs/Specs$2
instanceKlass org/gradle/api/specs/Specs$1
instanceKlass org/gradle/api/specs/Specs
instanceKlass org/gradle/api/internal/DelegatingDomainObjectSet
instanceKlass org/gradle/api/internal/DefaultNamedDomainObjectCollection$ProviderBackedElementInfo
instanceKlass org/gradle/api/internal/DefaultNamedDomainObjectCollection$ElementInfo
instanceKlass org/gradle/api/internal/provider/Collectors$ElementFromProvider
instanceKlass org/gradle/api/internal/provider/Collectors$TypedCollector
instanceKlass org/gradle/api/internal/provider/Collectors$ProvidedCollector
instanceKlass org/gradle/api/internal/provider/ChangingValue
instanceKlass  @bci org/gradle/api/internal/tasks/DefaultTaskContainer$TaskCreatingProvider_Decorated $gradleInit ()V 1 <appendix> member <vmtarget> ; # org/gradle/api/internal/tasks/DefaultTaskContainer$TaskCreatingProvider_Decorated$$Lambda+0x000001af81687518
instanceKlass org/gradle/internal/code/DefaultUserCodeApplicationContext$CurrentApplication$1
instanceKlass org/gradle/api/internal/DefaultCollectionCallbackActionDecorator$BuildOperationEmittingAction
# instanceKlass java/lang/invoke/LambdaForm$MH+0x000001af81684c00
# instanceKlass java/lang/invoke/LambdaForm$MH+0x000001af81684800
# instanceKlass java/lang/invoke/LambdaForm$MH+0x000001af81684400
instanceKlass com/google/common/reflect/Reflection
instanceKlass com/google/common/reflect/Types$TypeVariableInvocationHandler
instanceKlass com/google/common/reflect/Types$TypeVariableImpl
instanceKlass com/google/common/reflect/Types$NativeTypeVariableEquals
instanceKlass org/gradle/api/internal/provider/ValueSupplier$SideEffect
instanceKlass org/gradle/api/internal/provider/ValueSupplier$ExecutionTimeValue
instanceKlass org/gradle/api/internal/provider/ValueSupplier$ValueProducer
instanceKlass org/gradle/api/internal/tasks/DefaultTaskContainer$RegisterDetails
instanceKlass org/gradle/api/internal/tasks/RegisterTaskBuildOperationType$Details
instanceKlass org/gradle/api/internal/tasks/DefaultTaskContainer$3
instanceKlass  @bci org/gradle/internal/id/ConfigurationCacheableIdFactory createId ()J 4 <appendix> argL0 ; # org/gradle/internal/id/ConfigurationCacheableIdFactory$$Lambda+0x000001af81682160
instanceKlass  @cpi org/gradle/internal/id/ConfigurationCacheableIdFactory 71 form vmentry <vmtarget> ; # java/lang/invoke/LambdaForm$DMH+0x000001af81684000
instanceKlass java/util/function/LongUnaryOperator
instanceKlass org/gradle/model/internal/registry/RuleBindings$ScopeIndex
instanceKlass org/gradle/model/internal/registry/RuleBindings$PredicateMatches
instanceKlass  @bci org/gradle/internal/service/scopes/ProjectScopeServices lambda$createModelRegistry$3 (Ljava/lang/Runnable;)V 10 <appendix> member <vmtarget> ; # org/gradle/internal/service/scopes/ProjectScopeServices$$Lambda+0x000001af81681650
instanceKlass  @bci org/gradle/model/internal/registry/DefaultModelRegistry transitionTo (Lorg/gradle/model/internal/registry/DefaultModelRegistry$GoalGraph;Lorg/gradle/model/internal/registry/DefaultModelRegistry$ModelGoal;)V 7 <appendix> member <vmtarget> ; # org/gradle/model/internal/registry/DefaultModelRegistry$$Lambda+0x000001af81681428
instanceKlass org/gradle/model/internal/registry/DefaultModelRegistry$5
instanceKlass org/gradle/model/internal/registry/NodeAtState
instanceKlass org/gradle/model/internal/registry/DefaultModelRegistry$GoalGraph
instanceKlass org/gradle/model/internal/registry/RuleBindings$NodeAtStateIndex
instanceKlass org/gradle/model/internal/registry/RuleBindings$TypePredicateIndex
instanceKlass org/gradle/model/internal/registry/RuleBindings$PathPredicateIndex
instanceKlass org/gradle/model/internal/registry/RuleBindings
instanceKlass org/gradle/model/internal/registry/ModelGraph
instanceKlass org/gradle/model/internal/core/DefaultModelRegistration
instanceKlass org/gradle/model/internal/core/AbstractModelAction
instanceKlass org/gradle/model/internal/core/EmptyModelProjection
instanceKlass org/gradle/model/internal/core/ModelProjection
instanceKlass org/gradle/model/internal/core/ModelAdapter
instanceKlass org/gradle/model/internal/core/ModelPromise
instanceKlass org/gradle/model/internal/core/ModelRegistrations$Builder$DescriptorReference
instanceKlass org/gradle/model/internal/core/ModelRegistration
instanceKlass org/gradle/model/internal/core/ModelAction
instanceKlass org/gradle/model/internal/core/ModelRegistrations$Builder
instanceKlass org/gradle/model/internal/core/ModelRegistrations
instanceKlass  @bci org/gradle/internal/service/scopes/ProjectScopeServices createModelRegistry (Lorg/gradle/model/internal/inspect/ModelRuleExtractor;)Lorg/gradle/model/internal/registry/ModelRegistry; 15 <appendix> member <vmtarget> ; # org/gradle/internal/service/scopes/ProjectScopeServices$$Lambda+0x000001af8167cab8
instanceKlass org/gradle/model/internal/registry/BoringProjectState
instanceKlass org/gradle/model/internal/core/ModelPredicate
instanceKlass org/gradle/model/internal/registry/DefaultModelRegistry$ModelGoal
instanceKlass org/gradle/model/internal/registry/ModelNodeInternal
instanceKlass org/gradle/model/internal/registry/DefaultModelRegistry
instanceKlass org/gradle/model/internal/registry/ModelRegistryInternal
instanceKlass  @bci org/gradle/api/plugins/HelpTasksPlugin_Decorated $gradleInit ()V 1 <appendix> member <vmtarget> ; # org/gradle/api/plugins/HelpTasksPlugin_Decorated$$Lambda+0x000001af81678000
instanceKlass org/gradle/api/internal/plugins/DefaultPluginManager$OperationDetails
instanceKlass org/gradle/api/internal/plugins/ApplyPluginBuildOperationType$Details
instanceKlass org/gradle/api/internal/plugins/DefaultPluginManager$AddPluginBuildOperation
instanceKlass  @bci org/gradle/api/internal/plugins/DefaultPluginManager doApply (Lorg/gradle/api/internal/plugins/PluginImplementation;)V 139 <appendix> member <vmtarget> ; # org/gradle/api/internal/plugins/DefaultPluginManager$$Lambda+0x000001af816752c0
instanceKlass org/gradle/api/internal/plugins/DefaultPluginManager$1
instanceKlass org/gradle/api/internal/plugins/DefaultPotentialPluginWithId
instanceKlass org/gradle/api/internal/plugins/PluginInspector$PotentialImperativeClassPlugin
instanceKlass com/google/common/base/Predicates
instanceKlass org/gradle/model/internal/inspect/ModelRuleSourceDetector$3
instanceKlass org/gradle/api/plugins/HelpTasksPlugin$ModelReportAction
instanceKlass org/gradle/api/plugins/HelpTasksPlugin$PropertyReportTaskAction
instanceKlass org/gradle/api/plugins/HelpTasksPlugin$TaskReportTaskAction
instanceKlass org/gradle/api/plugins/HelpTasksPlugin$ProjectReportTaskAction
instanceKlass org/gradle/api/plugins/HelpTasksPlugin$HelpAction
instanceKlass org/gradle/api/plugins/HelpTasksPlugin
instanceKlass org/gradle/api/internal/plugins/PluginDescriptor
instanceKlass org/gradle/api/internal/plugins/ClassloaderBackedPluginDescriptorLocator
instanceKlass org/gradle/api/internal/plugins/DefaultPluginRegistry$PluginIdLookupCacheKey
instanceKlass java/util/DualPivotQuicksort
instanceKlass org/gradle/plugin/use/internal/DefaultPluginId
instanceKlass org/gradle/api/internal/plugins/PluginInstantiator
instanceKlass org/gradle/api/internal/plugins/RuleBasedPluginTarget
# instanceKlass java/lang/invoke/LambdaForm$MH+0x000001af81672c00
# instanceKlass java/lang/invoke/LambdaForm$MH+0x000001af81672800
# instanceKlass java/lang/invoke/LambdaForm$MH+0x000001af81672400
# instanceKlass java/lang/invoke/LambdaForm$MH+0x000001af81672000
# instanceKlass java/lang/invoke/LambdaForm$MH+0x000001af81671c00
# instanceKlass java/lang/invoke/LambdaForm$MH+0x000001af81671800
# instanceKlass java/lang/invoke/LambdaForm$MH+0x000001af81671400
# instanceKlass java/lang/invoke/LambdaForm$MH+0x000001af81671000
# instanceKlass java/lang/invoke/LambdaForm$MH+0x000001af81670c00
# instanceKlass java/lang/invoke/LambdaForm$MH+0x000001af81670800
# instanceKlass java/lang/invoke/LambdaForm$MH+0x000001af81670400
# instanceKlass java/lang/invoke/LambdaForm$MH+0x000001af81670000
instanceKlass com/google/common/collect/FluentIterable
instanceKlass org/gradle/model/internal/inspect/ModelRuleExtractor$CachedRuleSource
instanceKlass org/gradle/model/internal/inspect/MethodModelRuleExtractionContext
instanceKlass org/gradle/model/Rules
instanceKlass org/gradle/model/Validate
instanceKlass org/gradle/model/Finalize
instanceKlass org/gradle/model/Mutate
instanceKlass org/gradle/model/Defaults
instanceKlass org/gradle/model/internal/core/NodeInitializerRegistry
instanceKlass org/gradle/model/Model
instanceKlass org/gradle/model/internal/inspect/MethodModelRuleExtractors
instanceKlass org/gradle/model/internal/manage/instance/ManagedInstance
instanceKlass org/gradle/model/internal/manage/schema/extract/ManagedProxyClassGenerator$GeneratedView
instanceKlass org/gradle/model/internal/manage/instance/ModelElementState
instanceKlass org/gradle/model/internal/manage/instance/GeneratedViewState
instanceKlass org/gradle/model/internal/manage/binding/StructMethodBinding
instanceKlass org/gradle/internal/reflect/Types$TypeVisitor
instanceKlass org/gradle/model/internal/manage/binding/StructBindings
instanceKlass org/gradle/model/internal/manage/binding/StructBindingValidationProblemCollector
instanceKlass org/gradle/model/internal/manage/binding/DefaultStructBindingsStore
instanceKlass org/gradle/platform/base/BinaryTasks
instanceKlass org/gradle/model/internal/core/ModelPath$Cache
instanceKlass com/google/common/base/Platform$JdkPatternCompiler
instanceKlass com/google/common/base/PatternCompiler
instanceKlass com/google/common/base/Platform
instanceKlass org/gradle/platform/base/BinaryContainer
instanceKlass org/gradle/platform/base/ComponentType
instanceKlass org/gradle/platform/base/SourceComponentSpec
instanceKlass org/gradle/language/base/LanguageSourceSet
instanceKlass org/gradle/model/internal/typeregistration/BaseInstanceFactory
instanceKlass org/gradle/model/internal/typeregistration/InstanceFactory
instanceKlass org/gradle/model/internal/manage/schema/cache/ModelSchemaCache
instanceKlass org/gradle/model/internal/manage/schema/extract/DefaultModelSchemaStore
instanceKlass org/gradle/model/RuleSource
instanceKlass org/gradle/model/internal/manage/schema/extract/StructSchemaExtractionStrategySupport
instanceKlass org/gradle/model/internal/manage/schema/extract/JavaUtilCollectionStrategy
instanceKlass org/gradle/model/ModelMap
instanceKlass org/gradle/model/internal/manage/schema/extract/ModelMapStrategy
instanceKlass org/gradle/model/internal/manage/schema/extract/AbstractProxyClassGenerator
instanceKlass org/gradle/model/internal/manage/schema/extract/SpecializedMapStrategy
instanceKlass org/gradle/model/internal/type/WildcardTypeWrapper
instanceKlass org/gradle/model/internal/type/WildcardWrapper
instanceKlass org/gradle/model/internal/type/ParameterizedTypeWrapper
instanceKlass org/gradle/model/ModelSet
instanceKlass org/gradle/model/internal/manage/schema/CompositeSchema
instanceKlass org/gradle/model/internal/manage/schema/AbstractModelSchema
instanceKlass org/gradle/model/internal/manage/schema/ManagedImplSchema
instanceKlass org/gradle/model/internal/manage/schema/extract/ModelSetStrategy
instanceKlass org/gradle/model/internal/manage/schema/extract/JdkValueTypeStrategy
instanceKlass org/gradle/model/internal/manage/schema/extract/EnumStrategy
instanceKlass org/gradle/model/internal/manage/schema/ModelSchema
instanceKlass org/gradle/model/internal/manage/schema/extract/PrimitiveStrategy
instanceKlass org/gradle/model/internal/manage/schema/extract/ModelSchemaExtractionContext
instanceKlass org/gradle/model/internal/manage/schema/extract/DefaultModelSchemaExtractor
instanceKlass org/gradle/platform/base/ComponentBinaries
instanceKlass org/gradle/platform/base/VariantComponentSpec
instanceKlass org/gradle/platform/base/VariantComponent
instanceKlass org/gradle/model/internal/inspect/ExtractedModelRule
instanceKlass org/gradle/model/internal/inspect/RuleSourceValidationProblemCollector
instanceKlass org/gradle/model/internal/inspect/AbstractAnnotationDrivenModelRuleExtractor
instanceKlass org/gradle/model/internal/manage/schema/extract/ModelSchemaAspect
instanceKlass org/gradle/platform/base/internal/VariantAspectExtractionStrategy
instanceKlass org/gradle/configuration/project/NotifyProjectBeforeEvaluatedBuildOperationType$1
instanceKlass org/gradle/configuration/project/NotifyProjectBeforeEvaluatedBuildOperationType$Result
instanceKlass org/gradle/configuration/project/NotifyProjectBeforeEvaluatedBuildOperationType
instanceKlass org/gradle/internal/operations/BuildOperationType
instanceKlass  @bci org/gradle/api/internal/catalog/DefaultDependenciesAccessors$DefaultVersionCatalogsExtension_Decorated $gradleInit ()V 1 <appendix> member <vmtarget> ; # org/gradle/api/internal/catalog/DefaultDependenciesAccessors$DefaultVersionCatalogsExtension_Decorated$$Lambda+0x000001af81647c58
instanceKlass org/gradle/api/artifacts/VersionCatalog
instanceKlass org/gradle/api/internal/catalog/DefaultDependenciesAccessors$DefaultVersionCatalogsExtension
instanceKlass org/gradle/api/artifacts/VersionCatalogsExtension
instanceKlass org/gradle/configuration/project/LifecycleProjectEvaluator$NotifyProjectBeforeEvaluatedDetails
instanceKlass org/gradle/configuration/project/NotifyProjectBeforeEvaluatedBuildOperationType$Details
instanceKlass org/gradle/configuration/project/LifecycleProjectEvaluator$NotifyBeforeEvaluate
instanceKlass org/gradle/internal/resources/DefaultResourceLockCoordinationService$ReleaseLocks
instanceKlass org/gradle/internal/work/DefaultWorkerLeaseService$4$1
instanceKlass org/gradle/internal/resources/DefaultResourceLockCoordinationService$2
instanceKlass org/gradle/internal/MutableReference
instanceKlass org/gradle/internal/work/DefaultWorkerLeaseService$4
instanceKlass  @bci org/gradle/api/internal/project/DefaultProjectStateRegistry$ProjectStateImpl fromMutableState (Ljava/util/function/Function;)Ljava/lang/Object; 128 <appendix> member <vmtarget> ; # org/gradle/api/internal/project/DefaultProjectStateRegistry$ProjectStateImpl$$Lambda+0x000001af8165aff8
instanceKlass  @bci org/gradle/api/internal/project/DefaultProjectStateRegistry$ProjectStateImpl applyToMutableState (Ljava/util/function/Consumer;)V 2 <appendix> member <vmtarget> ; # org/gradle/api/internal/project/DefaultProjectStateRegistry$ProjectStateImpl$$Lambda+0x000001af8165adb0
instanceKlass  @bci org/gradle/configuration/project/LifecycleProjectEvaluator$EvaluateProject run (Lorg/gradle/internal/operations/BuildOperationContext;)V 11 <appendix> member <vmtarget> ; # org/gradle/configuration/project/LifecycleProjectEvaluator$EvaluateProject$$Lambda+0x000001af8165ab78
instanceKlass org/gradle/configuration/project/LifecycleProjectEvaluator$ConfigureProjectDetails
instanceKlass org/gradle/configuration/project/ConfigureProjectBuildOperationType$Details
instanceKlass org/gradle/configuration/project/LifecycleProjectEvaluator$EvaluateProject
instanceKlass org/gradle/configuration/project/LifecycleProjectEvaluator
instanceKlass org/gradle/configuration/project/DelayedConfigurationActions
instanceKlass org/gradle/configuration/project/BuildScriptProcessor
instanceKlass org/gradle/buildinit/plugins/internal/action/WrapperPluginAutoApplyAction
instanceKlass org/gradle/buildinit/plugins/internal/action/BuildInitAutoApplyAction
instanceKlass org/gradle/kotlin/dsl/tooling/builders/internal/KotlinScriptingModelBuildersRegistrationAction
instanceKlass org/gradle/jvm/toolchain/internal/task/ShowToolchainsTaskConfigurator
instanceKlass org/gradle/api/plugins/internal/SoftwareReportingTasksAutoApplyAction
instanceKlass org/gradle/api/plugins/internal/HelpTasksAutoApplyAction
instanceKlass org/gradle/internal/buildconfiguration/DaemonJvmPropertiesConfigurator
instanceKlass org/gradle/configuration/project/ConfigureActionsProjectEvaluator
instanceKlass  @bci org/gradle/internal/model/StateTransitionController maybeTransitionIfNotCurrentlyTransitioning (Lorg/gradle/internal/model/StateTransitionController$State;Lorg/gradle/internal/model/StateTransitionController$State;Ljava/lang/Runnable;)V 8 <appendix> member <vmtarget> ; # org/gradle/internal/model/StateTransitionController$$Lambda+0x000001af81659330
instanceKlass  @bci org/gradle/api/internal/project/ProjectLifecycleController ensureSelfConfigured ()V 11 <appendix> member <vmtarget> ; # org/gradle/api/internal/project/ProjectLifecycleController$$Lambda+0x000001af81659108
instanceKlass org/gradle/configuration/DeferredProjectEvaluationCondition
instanceKlass org/gradle/initialization/NotifyingBuildLoader$3$1
instanceKlass org/gradle/initialization/NotifyProjectsLoadedBuildOperationType$Details
instanceKlass org/gradle/initialization/NotifyingBuildLoader$3
instanceKlass org/gradle/initialization/NotifyingBuildLoader$BuildStructureOperationResult
instanceKlass org/gradle/initialization/LoadProjectsBuildOperationType$Result
instanceKlass org/gradle/initialization/NotifyingBuildLoader$DefaultProjectsIdentifiedProgressDetails
instanceKlass org/gradle/initialization/ProjectsIdentifiedProgressDetails
instanceKlass  @bci org/gradle/initialization/BuildStructureOperationProject <clinit> ()V 0 <appendix> argL0 ; # org/gradle/initialization/BuildStructureOperationProject$$Lambda+0x000001af81657a18
instanceKlass org/gradle/initialization/BuildStructureOperationProject
instanceKlass  @bci org/gradle/api/internal/project/DefaultProjectStateRegistry$ProjectStateImpl getChildProjects ()Ljava/util/Set; 4 <appendix> argL0 ; # org/gradle/api/internal/project/DefaultProjectStateRegistry$ProjectStateImpl$$Lambda+0x000001af81657518
instanceKlass org/gradle/api/internal/project/ProjectHierarchyUtils
instanceKlass  @bci org/gradle/api/internal/project/DefaultProject getExtensions ()Lorg/gradle/api/internal/plugins/ExtensionContainerInternal; 5 <appendix> member <vmtarget> ; # org/gradle/api/internal/project/DefaultProject$$Lambda+0x000001af816570e8
instanceKlass org/gradle/initialization/ProjectPropertySettingBuildLoader$CachingPropertyApplicator
instanceKlass  @bci org/gradle/api/internal/project/ProjectFactory createProject (Lorg/gradle/api/internal/GradleInternal;Lorg/gradle/api/initialization/ProjectDescriptor;Lorg/gradle/api/internal/project/ProjectState;Lorg/gradle/api/internal/project/ProjectInternal;Lorg/gradle/internal/service/scopes/ServiceRegistryFactory;Lorg/gradle/api/internal/initialization/ClassLoaderScope;Lorg/gradle/api/internal/initialization/ClassLoaderScope;)Lorg/gradle/api/internal/project/ProjectInternal; 166 <appendix> member <vmtarget> ; # org/gradle/api/internal/project/ProjectFactory$$Lambda+0x000001af81656c98
instanceKlass  @bci org/gradle/api/internal/project/DefaultProject_Decorated $gradleInit ()V 1 <appendix> member <vmtarget> ; # org/gradle/api/internal/project/DefaultProject_Decorated$$Lambda+0x000001af81656680
instanceKlass  @bci org/gradle/api/internal/project/DefaultProject <init> (Ljava/lang/String;Lorg/gradle/api/internal/project/ProjectInternal;Ljava/io/File;Ljava/io/File;Lorg/gradle/groovy/scripts/ScriptSource;Lorg/gradle/api/internal/GradleInternal;Lorg/gradle/api/internal/project/ProjectState;Lorg/gradle/internal/service/scopes/ServiceRegistryFactory;Lorg/gradle/api/internal/initialization/ClassLoaderScope;Lorg/gradle/api/internal/initialization/ClassLoaderScope;)V 356 <appendix> member <vmtarget> ; # org/gradle/api/internal/project/DefaultProject$$Lambda+0x000001af81656458
instanceKlass  @bci org/gradle/plugin/software/internal/SoftwareFeaturesDynamicObject_Decorated $gradleInit ()V 1 <appendix> member <vmtarget> ; # org/gradle/plugin/software/internal/SoftwareFeaturesDynamicObject_Decorated$$Lambda+0x000001af81656000
# instanceKlass java/lang/invoke/LambdaForm$MH+0x000001af81655c00
# instanceKlass java/lang/invoke/LambdaForm$MH+0x000001af81655800
# instanceKlass java/lang/invoke/LambdaForm$MH+0x000001af81655400
# instanceKlass java/lang/invoke/LambdaForm$MH+0x000001af81655000
# instanceKlass java/lang/invoke/LambdaForm$MH+0x000001af81654c00
# instanceKlass java/lang/invoke/LambdaForm$MH+0x000001af81654800
# instanceKlass java/lang/invoke/LambdaForm$MH+0x000001af81654400
# instanceKlass java/lang/invoke/LambdaForm$MH+0x000001af81654000
# instanceKlass java/lang/invoke/LambdaForm$MH+0x000001af8164ac00
instanceKlass org/gradle/internal/service/scopes/ProjectBackedPropertyHost
instanceKlass org/gradle/internal/extensibility/ExtensibleDynamicObject$2
instanceKlass org/gradle/api/internal/project/DefaultCrossProjectModelAccess
instanceKlass  @bci org/gradle/api/internal/project/DefaultProject <init> (Ljava/lang/String;Lorg/gradle/api/internal/project/ProjectInternal;Ljava/io/File;Ljava/io/File;Lorg/gradle/groovy/scripts/ScriptSource;Lorg/gradle/api/internal/GradleInternal;Lorg/gradle/api/internal/project/ProjectState;Lorg/gradle/internal/service/scopes/ServiceRegistryFactory;Lorg/gradle/api/internal/initialization/ClassLoaderScope;Lorg/gradle/api/internal/initialization/ClassLoaderScope;)V 209 <appendix> member <vmtarget> ; # org/gradle/api/internal/project/DefaultProject$$Lambda+0x000001af81652918
instanceKlass org/gradle/internal/BiAction
instanceKlass org/gradle/api/internal/tasks/DefaultTaskContainerFactory$1
instanceKlass  @bci org/gradle/api/internal/tasks/DefaultTaskContainer_Decorated $gradleInit ()V 1 <appendix> member <vmtarget> ; # org/gradle/api/internal/tasks/DefaultTaskContainer_Decorated$$Lambda+0x000001af816522c0
# instanceKlass java/lang/invoke/LambdaForm$MH+0x000001af8164a800
# instanceKlass java/lang/invoke/LambdaForm$MH+0x000001af8164a400
instanceKlass org/gradle/api/internal/tasks/DefaultTaskContainer$7
instanceKlass org/gradle/api/internal/tasks/DefaultTaskContainer$6
instanceKlass org/gradle/model/internal/core/MutableModelNode
instanceKlass org/gradle/model/internal/core/ModelNode
instanceKlass org/gradle/model/internal/core/ModelPath
instanceKlass org/gradle/api/internal/project/taskfactory/TaskIdentity
instanceKlass org/gradle/api/tasks/TaskProvider
instanceKlass org/gradle/api/internal/tasks/RealizeTaskBuildOperationType$Result
instanceKlass org/gradle/api/internal/tasks/RegisterTaskBuildOperationType$Result
instanceKlass org/gradle/model/internal/core/rule/describe/SimpleModelRuleDescriptor$1
instanceKlass org/gradle/internal/Factories$2
instanceKlass org/gradle/internal/Factories
instanceKlass org/gradle/model/internal/core/rule/describe/AbstractModelRuleDescriptor
instanceKlass org/gradle/model/internal/core/rule/describe/ModelRuleDescriptor
instanceKlass org/gradle/model/internal/core/ModelReference
instanceKlass org/gradle/api/internal/tasks/DefaultTaskContainerFactory
# instanceKlass java/lang/invoke/LambdaForm$MH+0x000001af8164a000
# instanceKlass java/lang/invoke/LambdaForm$MH+0x000001af81649c00
# instanceKlass java/lang/invoke/LambdaForm$MH+0x000001af81649800
# instanceKlass java/lang/invoke/LambdaForm$MH+0x000001af81649400
# instanceKlass java/lang/invoke/LambdaForm$MH+0x000001af81649000
# instanceKlass java/lang/invoke/LambdaForm$MH+0x000001af81648c00
# instanceKlass java/lang/invoke/LambdaForm$MH+0x000001af81648800
# instanceKlass java/lang/invoke/LambdaForm$MH+0x000001af81648400
# instanceKlass java/lang/invoke/LambdaForm$MH+0x000001af81648000
# instanceKlass java/lang/invoke/LambdaForm$MH+0x000001af81642c00
instanceKlass org/gradle/api/internal/project/taskfactory/TaskFactory
instanceKlass org/gradle/api/internal/project/taskfactory/AnnotationProcessingTaskFactory
instanceKlass org/gradle/api/internal/project/taskfactory/TaskActionFactory
instanceKlass org/gradle/api/internal/project/taskfactory/DefaultTaskClassInfoStore
# instanceKlass java/lang/invoke/LambdaForm$MH+0x000001af81642800
# instanceKlass java/lang/invoke/LambdaForm$MH+0x000001af81642400
instanceKlass org/gradle/workers/internal/BuildOperationAwareWorker
instanceKlass org/gradle/workers/internal/WorkersServices$ProjectScopeServices
instanceKlass org/gradle/plugins/ide/internal/DefaultIdeArtifactRegistry
instanceKlass org/gradle/plugins/ide/internal/IdeArtifactRegistry
instanceKlass org/gradle/plugin/software/internal/ModelDefaultsApplicator
instanceKlass org/gradle/plugin/software/internal/SoftwareFeatureApplicator
instanceKlass org/gradle/plugin/internal/PluginUseServices$ProjectScopeServices
instanceKlass org/gradle/nativeplatform/internal/CompilerOutputFileNamingSchemeFactory
instanceKlass org/gradle/nativeplatform/internal/services/NativeBinaryServices$ProjectCompilerServices
instanceKlass org/gradle/language/internal/DefaultNativeComponentFactory
instanceKlass org/gradle/language/internal/NativeComponentFactory
instanceKlass org/gradle/language/nativeplatform/internal/toolchains/ToolChainSelector$Result
instanceKlass org/gradle/language/nativeplatform/internal/toolchains/DefaultToolChainSelector
instanceKlass org/gradle/language/nativeplatform/internal/toolchains/ToolChainSelector
instanceKlass org/gradle/language/nativeplatform/internal/incremental/IncrementalCompilerBuilder$IncrementalCompiler
instanceKlass org/gradle/language/nativeplatform/internal/incremental/DefaultIncrementalCompilerBuilder
instanceKlass org/gradle/language/nativeplatform/internal/incremental/IncrementalCompilerBuilder
instanceKlass org/gradle/api/artifacts/ConfigurationVariant
instanceKlass org/gradle/api/plugins/jvm/internal/DefaultJvmPluginServices
instanceKlass org/gradle/api/plugins/jvm/internal/JvmPluginServices
instanceKlass org/gradle/api/plugins/jvm/internal/JvmEcosystemUtilities
instanceKlass org/gradle/api/tasks/SourceSetContainer
instanceKlass org/gradle/language/jvm/internal/JvmLanguageServices$ProjectScopeServices
instanceKlass org/gradle/language/java/internal/JavaToolchainServices$ProjectScopeCompileServices
instanceKlass org/gradle/language/java/internal/JavaLanguageServices$JavaProjectScopeServices
instanceKlass org/gradle/jvm/toolchain/internal/ToolchainToolFactory
instanceKlass org/gradle/jvm/toolchain/internal/JavaCompilerFactory
instanceKlass org/gradle/jvm/toolchain/JavaCompiler
instanceKlass org/gradle/jvm/toolchain/internal/DefaultJavaToolchainService
instanceKlass org/gradle/jvm/toolchain/JavaToolchainService
instanceKlass org/gradle/jvm/toolchain/internal/DefaultJavaToolchainResolverService
instanceKlass org/gradle/jvm/toolchain/internal/JavaToolchainResolverService
instanceKlass org/gradle/internal/snapshot/Snapshot
instanceKlass org/gradle/internal/snapshot/impl/DefaultSnapshottingService
instanceKlass org/gradle/internal/snapshot/SnapshottingService
instanceKlass org/gradle/internal/enterprise/test/TestTaskForkOptions
instanceKlass org/gradle/internal/enterprise/test/TestTaskProperties
instanceKlass org/gradle/internal/enterprise/test/TestTaskFilters
instanceKlass org/gradle/internal/enterprise/test/impl/DefaultTestTaskPropertiesService
instanceKlass org/gradle/internal/enterprise/test/TestTaskPropertiesService
instanceKlass org/gradle/internal/buildconfiguration/tasks/DaemonJvmPropertiesModifier
instanceKlass org/gradle/internal/buildconfiguration/services/BuildConfigurationServices$ProjectScopeServices
instanceKlass org/gradle/buildinit/plugins/internal/ProjectLayoutSetupRegistry
instanceKlass org/gradle/workers/WorkerExecutor
instanceKlass org/gradle/buildinit/plugins/internal/services/BuildInitServices$1
instanceKlass org/gradle/api/publish/maven/internal/publisher/MavenDuplicatePublicationTracker
instanceKlass org/gradle/api/publish/ivy/internal/publisher/IvyDuplicatePublicationTracker
instanceKlass org/gradle/api/plugins/jvm/internal/DefaultJvmLanguageUtilities
instanceKlass org/gradle/api/plugins/jvm/internal/JvmLanguageUtilities
instanceKlass org/gradle/api/internal/tasks/compile/GroovyCompilerFactory
instanceKlass org/gradle/language/base/internal/compile/CompilerFactory
instanceKlass org/gradle/workers/internal/IsolatedClassloaderWorkerFactory
instanceKlass org/gradle/workers/internal/WorkerDaemonFactory
instanceKlass org/gradle/workers/internal/WorkerFactory
instanceKlass org/gradle/api/internal/tasks/compile/GroovyServices$ProjectServices
instanceKlass org/gradle/api/internal/artifacts/DependencyManagementProjectScopeServices
# instanceKlass java/lang/invoke/LambdaForm$MH+0x000001af81642000
# instanceKlass java/lang/invoke/LambdaForm$MH+0x000001af81641c00
# instanceKlass java/lang/invoke/LambdaForm$MH+0x000001af81641800
# instanceKlass java/lang/invoke/LambdaForm$MH+0x000001af81641400
instanceKlass org/gradle/api/internal/project/taskfactory/TaskInstantiator
instanceKlass org/gradle/model/internal/core/NamedEntityInstantiator
instanceKlass org/gradle/api/internal/file/DefaultProjectLayout
instanceKlass org/gradle/api/internal/file/TaskFileVarFactory
instanceKlass org/gradle/normalization/internal/RuntimeClasspathNormalizationInternal
instanceKlass org/gradle/normalization/RuntimeClasspathNormalization
instanceKlass org/gradle/normalization/InputNormalization
instanceKlass org/gradle/internal/service/scopes/WorkerSharedProjectScopeServices
instanceKlass org/gradle/internal/typeconversion/TypeConverter
instanceKlass org/gradle/api/internal/project/ant/AntLoggingAdapterFactory
instanceKlass org/gradle/internal/service/scopes/ProjectScopeServices
# instanceKlass java/lang/invoke/LambdaForm$MH+0x000001af81641000
# instanceKlass java/lang/invoke/LambdaForm$MH+0x000001af81640c00
# instanceKlass java/lang/invoke/LambdaForm$MH+0x000001af81640800
# instanceKlass java/lang/invoke/LambdaForm$MH+0x000001af81640400
# instanceKlass java/lang/invoke/LambdaForm$MH+0x000001af81640000
# instanceKlass java/lang/invoke/LambdaForm$MH+0x000001af81631c00
# instanceKlass java/lang/invoke/LambdaForm$MH+0x000001af81631800
# instanceKlass java/lang/invoke/LambdaForm$MH+0x000001af81631400
# instanceKlass java/lang/invoke/LambdaForm$MH+0x000001af81631000
instanceKlass org/gradle/api/component/SoftwareComponentContainer
instanceKlass org/gradle/normalization/internal/InputNormalizationHandlerInternal
instanceKlass org/gradle/api/internal/tasks/TaskContainerInternal
instanceKlass org/gradle/api/internal/PolymorphicDomainObjectContainerInternal
instanceKlass org/gradle/api/internal/tasks/TaskResolver
instanceKlass org/gradle/api/internal/project/AntBuilderFactory
instanceKlass org/gradle/model/internal/registry/ModelRegistry
instanceKlass org/gradle/configuration/project/ProjectConfigurationActionContainer
instanceKlass org/gradle/internal/model/RuleBasedPluginListener
instanceKlass org/gradle/api/internal/project/DeferredProjectConfiguration
instanceKlass org/gradle/api/internal/project/ProjectStateInternal
instanceKlass org/gradle/api/NamedDomainObjectFactory
instanceKlass org/gradle/api/project/IsolatedProject
instanceKlass org/gradle/api/internal/project/ProjectInternal$DetachedResolver
instanceKlass org/gradle/normalization/InputNormalizationHandler
instanceKlass org/gradle/api/ProjectState
instanceKlass  @bci org/gradle/api/internal/project/ProjectFactory createProject (Lorg/gradle/api/internal/GradleInternal;Lorg/gradle/api/initialization/ProjectDescriptor;Lorg/gradle/api/internal/project/ProjectState;Lorg/gradle/api/internal/project/ProjectInternal;Lorg/gradle/internal/service/scopes/ServiceRegistryFactory;Lorg/gradle/api/internal/initialization/ClassLoaderScope;Lorg/gradle/api/internal/initialization/ClassLoaderScope;)Lorg/gradle/api/internal/project/ProjectInternal; 16 <appendix> member <vmtarget> ; # org/gradle/api/internal/project/ProjectFactory$$Lambda+0x000001af81632ea8
instanceKlass  @bci org/gradle/api/internal/project/ProjectLifecycleController lambda$createMutableModel$1 (Lorg/gradle/api/internal/project/ProjectState;Lorg/gradle/api/internal/project/IProjectFactory;Lorg/gradle/internal/build/BuildState;Lorg/gradle/initialization/DefaultProjectDescriptor;Lorg/gradle/api/internal/initialization/ClassLoaderScope;Lorg/gradle/api/internal/initialization/ClassLoaderScope;)V 27 <appendix> member <vmtarget> ; # org/gradle/api/internal/project/ProjectLifecycleController$$Lambda+0x000001af81632c80
instanceKlass  @bci org/gradle/internal/model/StateTransitionController transition (Lorg/gradle/internal/model/StateTransitionController$State;Lorg/gradle/internal/model/StateTransitionController$State;Ljava/lang/Runnable;)V 8 <appendix> member <vmtarget> ; # org/gradle/internal/model/StateTransitionController$$Lambda+0x000001af81632a58
instanceKlass  @bci org/gradle/api/internal/project/ProjectLifecycleController createMutableModel (Lorg/gradle/initialization/DefaultProjectDescriptor;Lorg/gradle/internal/build/BuildState;Lorg/gradle/api/internal/project/ProjectState;Lorg/gradle/api/internal/initialization/ClassLoaderScope;Lorg/gradle/api/internal/initialization/ClassLoaderScope;Lorg/gradle/api/internal/project/IProjectFactory;)V 20 <appendix> member <vmtarget> ; # org/gradle/api/internal/project/ProjectLifecycleController$$Lambda+0x000001af81632830
instanceKlass org/gradle/initialization/NotifyingBuildLoader$2$1
instanceKlass org/gradle/initialization/LoadProjectsBuildOperationType$Details
instanceKlass org/gradle/initialization/LoadProjectsBuildOperationType$Result$Project
instanceKlass org/gradle/initialization/ProjectsIdentifiedProgressDetails$Project
instanceKlass org/gradle/initialization/NotifyingBuildLoader$2
instanceKlass  @bci org/gradle/api/internal/catalog/DefaultDependenciesAccessors generateAccessors (Ljava/util/List;Lorg/gradle/api/internal/initialization/ClassLoaderScope;Lorg/gradle/api/initialization/Settings;)V 80 <appendix> argL0 ; # org/gradle/api/internal/catalog/DefaultDependenciesAccessors$$Lambda+0x000001af81634228
instanceKlass org/gradle/api/internal/DefaultDomainObjectCollection$IteratorImpl
instanceKlass org/gradle/internal/configuration/inputs/NoOpInputsListener
instanceKlass org/gradle/internal/configuration/inputs/InstrumentedInputs
instanceKlass  @bci org/gradle/api/internal/catalog/DefaultDependenciesAccessors_Decorated $gradleInit ()V 1 <appendix> member <vmtarget> ; # org/gradle/api/internal/catalog/DefaultDependenciesAccessors_Decorated$$Lambda+0x000001af81634000
# instanceKlass java/lang/invoke/LambdaForm$MH+0x000001af81630c00
# instanceKlass java/lang/invoke/LambdaForm$MH+0x000001af81630800
# instanceKlass java/lang/invoke/LambdaForm$MH+0x000001af81630400
# instanceKlass java/lang/invoke/LambdaForm$MH+0x000001af81630000
# instanceKlass java/lang/invoke/LambdaForm$MH+0x000001af8162fc00
# instanceKlass java/lang/invoke/LambdaForm$MH+0x000001af8162f800
# instanceKlass java/lang/invoke/LambdaForm$MH+0x000001af8162f400
# instanceKlass java/lang/invoke/LambdaForm$MH+0x000001af8162f000
# instanceKlass java/lang/invoke/LambdaForm$MH+0x000001af8162ec00
instanceKlass org/gradle/api/internal/catalog/DefaultVersionCatalog
instanceKlass org/gradle/api/internal/catalog/DefaultDependenciesAccessors
# instanceKlass java/lang/invoke/LambdaForm$MH+0x000001af8162e800
# instanceKlass java/lang/invoke/LambdaForm$MH+0x000001af8162e400
# instanceKlass java/lang/invoke/LambdaForm$MH+0x000001af8162e000
# instanceKlass java/lang/invoke/LambdaForm$MH+0x000001af8162dc00
# instanceKlass java/lang/invoke/LambdaForm$MH+0x000001af8162d800
# instanceKlass java/lang/invoke/LambdaForm$MH+0x000001af8162d400
# instanceKlass java/lang/invoke/LambdaForm$MH+0x000001af8162d000
# instanceKlass java/lang/invoke/LambdaForm$MH+0x000001af8162cc00
# instanceKlass java/lang/invoke/LambdaForm$MH+0x000001af8162c800
# instanceKlass java/lang/invoke/LambdaForm$MH+0x000001af8162c400
# instanceKlass java/lang/invoke/LambdaForm$MH+0x000001af8162c000
instanceKlass org/gradle/api/internal/DependencyClassPathProvider
instanceKlass org/gradle/configuration/BuildOperationFiringProjectsPreparer$ConfigureBuild$1
instanceKlass org/gradle/initialization/ConfigureBuildBuildOperationType$Details
instanceKlass org/gradle/configuration/BuildOperationFiringProjectsPreparer$ConfigureBuild
instanceKlass  @bci org/gradle/initialization/VintageBuildModelController prepareProjects ()V 11 <appendix> member <vmtarget> ; # org/gradle/initialization/VintageBuildModelController$$Lambda+0x000001af8162a180
instanceKlass org/gradle/api/internal/project/ProjectLifecycleController
instanceKlass org/gradle/internal/resources/TaskExecutionLockRegistry$2
instanceKlass org/gradle/internal/resources/ProjectLockRegistry$2
instanceKlass org/gradle/internal/resources/LockCache$1
instanceKlass org/gradle/internal/resources/ProjectLockRegistry$1
instanceKlass org/gradle/api/internal/artifacts/DefaultProjectComponentIdentifier
instanceKlass org/gradle/api/internal/artifacts/ProjectComponentIdentifierInternal
instanceKlass org/gradle/api/internal/project/ProjectIdentity
instanceKlass  @bci org/gradle/api/internal/project/DefaultProjectStateRegistry$ProjectStateImpl <init> (Lorg/gradle/api/internal/project/DefaultProjectStateRegistry;Lorg/gradle/internal/build/BuildState;Lorg/gradle/util/Path;Lorg/gradle/util/Path;Ljava/lang/String;Lorg/gradle/initialization/DefaultProjectDescriptor;Lorg/gradle/api/internal/project/IProjectFactory;Lorg/gradle/internal/model/StateTransitionControllerFactory;Lorg/gradle/internal/service/ServiceRegistry;)V 25 <appendix> member <vmtarget> ; # org/gradle/api/internal/project/DefaultProjectStateRegistry$ProjectStateImpl$$Lambda+0x000001af81622f60
instanceKlass  @bci org/gradle/internal/lazy/Lazy unsafe ()Lorg/gradle/internal/lazy/Lazy$Factory; 0 <appendix> argL0 ; # org/gradle/internal/lazy/Lazy$$Lambda+0x000001af81622d40
instanceKlass org/gradle/internal/lazy/UnsafeLazy
instanceKlass org/gradle/api/internal/project/DefaultProjectStateRegistry$ProjectStateImpl
instanceKlass org/gradle/api/internal/project/DefaultProjectStateRegistry$DefaultBuildProjectRegistry
instanceKlass org/gradle/internal/build/BuildProjectRegistry
instanceKlass  @bci org/gradle/initialization/DefaultSettingsLoader useEmptySettings (Lorg/gradle/initialization/ProjectSpec;Lorg/gradle/api/internal/SettingsInternal;Lorg/gradle/StartParameter;)Z 6 <appendix> member <vmtarget> ; # org/gradle/initialization/DefaultSettingsLoader$$Lambda+0x000001af81622000
instanceKlass org/gradle/initialization/AbstractProjectSpec
instanceKlass  @bci org/gradle/initialization/ProjectSpecs forStartParameter (Lorg/gradle/StartParameter;Lorg/gradle/api/internal/SettingsInternal;)Lorg/gradle/initialization/ProjectSpec; 6 <appendix> member <vmtarget> ; # org/gradle/initialization/ProjectSpecs$$Lambda+0x000001af81627920
instanceKlass org/gradle/initialization/ProjectSpec
instanceKlass org/gradle/initialization/ProjectSpecs
instanceKlass  @bci org/gradle/initialization/DefaultSettingsLoader validate (Lorg/gradle/api/internal/SettingsInternal;)V 12 <appendix> member <vmtarget> ; # org/gradle/initialization/DefaultSettingsLoader$$Lambda+0x000001af816272e0
instanceKlass org/gradle/internal/logging/sink/ProgressLogEventGenerator$1
instanceKlass org/gradle/caching/internal/services/AbstractBuildCacheControllerFactory$ResultImpl
instanceKlass org/gradle/caching/internal/FinalizeBuildCacheConfigurationBuildOperationType$Result
instanceKlass org/gradle/caching/internal/services/AbstractBuildCacheControllerFactory$DetailsImpl
instanceKlass org/gradle/caching/internal/FinalizeBuildCacheConfigurationBuildOperationType$Details
instanceKlass org/gradle/caching/internal/FinalizeBuildCacheConfigurationBuildOperationType$Result$BuildCacheDescription
instanceKlass org/gradle/caching/internal/services/AbstractBuildCacheControllerFactory$1
instanceKlass  @bci org/gradle/caching/configuration/internal/DefaultBuildCacheConfiguration_Decorated $gradleInit ()V 1 <appendix> member <vmtarget> ; # org/gradle/caching/configuration/internal/DefaultBuildCacheConfiguration_Decorated$$Lambda+0x000001af81625938
instanceKlass  @bci org/gradle/caching/local/DirectoryBuildCache_Decorated $gradleInit ()V 1 <appendix> member <vmtarget> ; # org/gradle/caching/local/DirectoryBuildCache_Decorated$$Lambda+0x000001af81625710
instanceKlass org/gradle/caching/configuration/internal/DefaultBuildCacheConfiguration
instanceKlass org/gradle/caching/local/internal/DirectoryBuildCacheServiceFactory
instanceKlass  @bci org/gradle/initialization/DefaultToolchainManagement preventFromFurtherMutation ()V 44 <appendix> argL0 ; # org/gradle/initialization/DefaultToolchainManagement$$Lambda+0x000001af81624490
instanceKlass  @bci org/gradle/initialization/DefaultToolchainManagement preventFromFurtherMutation ()V 34 <appendix> argL0 ; # org/gradle/initialization/DefaultToolchainManagement$$Lambda+0x000001af81624250
instanceKlass  @bci org/gradle/initialization/DefaultToolchainManagement preventFromFurtherMutation ()V 24 <appendix> argL0 ; # org/gradle/initialization/DefaultToolchainManagement$$Lambda+0x000001af81624000
instanceKlass  @bci org/gradle/initialization/DefaultToolchainManagement_Decorated getConventionWhileDisabledDeprecationLogger ()Lorg/gradle/api/plugins/Convention; 1 <appendix> member <vmtarget> ; # org/gradle/initialization/DefaultToolchainManagement_Decorated$$Lambda+0x000001af81619aa0
instanceKlass  @bci org/gradle/internal/management/DefaultDependencyResolutionManagement preventFromFurtherMutation ()V 25 <appendix> member <vmtarget> ; # org/gradle/internal/management/DefaultDependencyResolutionManagement$$Lambda+0x000001af8161f8d8
instanceKlass  @bci org/gradle/internal/management/DefaultDependencyResolutionManagement preventFromFurtherMutation ()V 12 <appendix> member <vmtarget> ; # org/gradle/internal/management/DefaultDependencyResolutionManagement$$Lambda+0x000001af8161f6b0
instanceKlass org/gradle/api/internal/DefaultMutationGuard$1
instanceKlass  @bci org/gradle/api/internal/artifacts/DefaultDependencyManagementServices newDetachedResolver (Lorg/gradle/api/internal/file/FileResolver;Lorg/gradle/api/internal/file/FileCollectionFactory;Lorg/gradle/api/internal/DomainObjectContext;)Lorg/gradle/api/internal/artifacts/DependencyResolutionServices; 23 <appendix> argL0 ; # org/gradle/api/internal/artifacts/DefaultDependencyManagementServices$$Lambda+0x000001af8161f490
instanceKlass  @bci org/gradle/api/internal/artifacts/configurations/DefaultConfigurationContainer_Decorated $gradleInit ()V 1 <appendix> member <vmtarget> ; # org/gradle/api/internal/artifacts/configurations/DefaultConfigurationContainer_Decorated$$Lambda+0x000001af8161f268
instanceKlass  @bci org/gradle/api/internal/artifacts/configurations/DefaultConfigurationContainer <init> (Lorg/gradle/internal/reflect/Instantiator;Lorg/gradle/api/internal/CollectionCallbackActionDecorator;Lorg/gradle/api/internal/artifacts/configurations/DependencyMetaDataProvider;Lorg/gradle/api/internal/DomainObjectContext;Lorg/gradle/api/internal/attributes/AttributesSchemaInternal;Lorg/gradle/api/internal/artifacts/ivyservice/moduleconverter/DefaultRootComponentMetadataBuilder$Factory;Lorg/gradle/api/internal/artifacts/configurations/DefaultConfigurationFactory;Lorg/gradle/api/internal/artifacts/configurations/ResolutionStrategyFactory;)V 79 <appendix> member <vmtarget> ; # org/gradle/api/internal/artifacts/configurations/DefaultConfigurationContainer$$Lambda+0x000001af8161f040
instanceKlass  @bci org/gradle/api/internal/artifacts/configurations/DefaultConfigurationContainer <init> (Lorg/gradle/internal/reflect/Instantiator;Lorg/gradle/api/internal/CollectionCallbackActionDecorator;Lorg/gradle/api/internal/artifacts/configurations/DependencyMetaDataProvider;Lorg/gradle/api/internal/DomainObjectContext;Lorg/gradle/api/internal/attributes/AttributesSchemaInternal;Lorg/gradle/api/internal/artifacts/ivyservice/moduleconverter/DefaultRootComponentMetadataBuilder$Factory;Lorg/gradle/api/internal/artifacts/configurations/DefaultConfigurationFactory;Lorg/gradle/api/internal/artifacts/configurations/ResolutionStrategyFactory;)V 66 <appendix> member <vmtarget> ; # org/gradle/api/internal/artifacts/configurations/DefaultConfigurationContainer$$Lambda+0x000001af8161ee18
instanceKlass org/gradle/api/internal/artifacts/ivyservice/moduleconverter/DefaultRootComponentMetadataBuilder$MetadataHolder
instanceKlass org/gradle/api/internal/artifacts/ivyservice/moduleconverter/RootComponentMetadataBuilder$RootComponentState
# instanceKlass java/lang/invoke/LambdaForm$MH+0x000001af81621800
# instanceKlass java/lang/invoke/LambdaForm$MH+0x000001af81621400
# instanceKlass java/lang/invoke/LambdaForm$MH+0x000001af81621000
# instanceKlass java/lang/invoke/LambdaForm$MH+0x000001af81620c00
# instanceKlass java/lang/invoke/LambdaForm$MH+0x000001af81620800
# instanceKlass java/lang/invoke/LambdaForm$MH+0x000001af81620400
# instanceKlass java/lang/invoke/LambdaForm$MH+0x000001af81620000
# instanceKlass java/lang/invoke/LambdaForm$MH+0x000001af81618c00
instanceKlass org/gradle/api/internal/artifacts/configurations/DefaultConfigurationRole
instanceKlass org/gradle/api/internal/artifacts/configurations/ConfigurationRoles
instanceKlass org/gradle/api/internal/artifacts/configurations/ConfigurationRole
instanceKlass org/gradle/internal/artifacts/configurations/AbstractRoleBasedConfigurationCreationRequest
instanceKlass org/gradle/api/internal/artifacts/configurations/RoleBasedConfigurationCreationRequest
instanceKlass org/gradle/api/artifacts/LegacyConfiguration
instanceKlass org/gradle/api/internal/initialization/ResettableConfiguration
instanceKlass org/gradle/api/internal/artifacts/configurations/MutationValidator
instanceKlass org/gradle/api/internal/artifacts/configurations/ConfigurationInternal
instanceKlass org/gradle/internal/deprecation/DeprecatableConfiguration
instanceKlass org/gradle/api/artifacts/DependencyScopeConfiguration
instanceKlass org/gradle/api/artifacts/ConsumableConfiguration
instanceKlass org/gradle/api/artifacts/ResolvableConfiguration
# instanceKlass java/lang/invoke/LambdaForm$MH+0x000001af81618800
# instanceKlass java/lang/invoke/LambdaForm$MH+0x000001af81618400
# instanceKlass java/lang/invoke/LambdaForm$MH+0x000001af81618000
# instanceKlass java/lang/invoke/LambdaForm$MH+0x000001af81617c00
# instanceKlass java/lang/invoke/LambdaForm$MH+0x000001af81617800
# instanceKlass java/lang/invoke/LambdaForm$MH+0x000001af81617400
# instanceKlass java/lang/invoke/LambdaForm$MH+0x000001af81617000
# instanceKlass java/lang/invoke/LambdaForm$MH+0x000001af81616c00
# instanceKlass java/lang/invoke/LambdaForm$MH+0x000001af81616800
# instanceKlass java/lang/invoke/LambdaForm$MH+0x000001af81616400
# instanceKlass java/lang/invoke/LambdaForm$MH+0x000001af81616000
# instanceKlass java/lang/invoke/LambdaForm$MH+0x000001af81615c00
# instanceKlass java/lang/invoke/LambdaForm$MH+0x000001af81615800
# instanceKlass java/lang/invoke/LambdaForm$MH+0x000001af81615400
# instanceKlass java/lang/invoke/LambdaForm$MH+0x000001af81615000
# instanceKlass java/lang/invoke/LambdaForm$MH+0x000001af81614c00
# instanceKlass java/lang/invoke/LambdaForm$MH+0x000001af81614800
# instanceKlass java/lang/invoke/LambdaForm$MH+0x000001af81614400
# instanceKlass java/lang/invoke/LambdaForm$MH+0x000001af81614000
# instanceKlass java/lang/invoke/LambdaForm$MH+0x000001af8160ec00
# instanceKlass java/lang/invoke/LambdaForm$MH+0x000001af8160e800
instanceKlass org/gradle/api/internal/AbstractTask
instanceKlass org/gradle/api/internal/file/copy/CopySpecSource
instanceKlass org/gradle/api/artifacts/ConfigurablePublishArtifact
# instanceKlass java/lang/invoke/LambdaForm$MH+0x000001af8160e400
# instanceKlass java/lang/invoke/LambdaForm$MH+0x000001af8160e000
# instanceKlass java/lang/invoke/LambdaForm$MH+0x000001af8160dc00
# instanceKlass java/lang/invoke/LambdaForm$MH+0x000001af8160d800
# instanceKlass java/lang/invoke/LambdaForm$MH+0x000001af8160d400
# instanceKlass java/lang/invoke/LambdaForm$MH+0x000001af8160d000
# instanceKlass java/lang/invoke/LambdaForm$MH+0x000001af8160cc00
# instanceKlass java/lang/invoke/LambdaForm$MH+0x000001af8160c800
# instanceKlass java/lang/invoke/LambdaForm$MH+0x000001af8160c400
# instanceKlass java/lang/invoke/LambdaForm$MH+0x000001af8160c000
# instanceKlass java/lang/invoke/LambdaForm$MH+0x000001af8160bc00
# instanceKlass java/lang/invoke/LambdaForm$MH+0x000001af8160b800
# instanceKlass java/lang/invoke/LambdaForm$MH+0x000001af8160b400
# instanceKlass java/lang/invoke/LambdaForm$MH+0x000001af8160b000
# instanceKlass java/lang/invoke/LambdaForm$MH+0x000001af8160ac00
# instanceKlass java/lang/invoke/LambdaForm$MH+0x000001af8160a800
# instanceKlass java/lang/invoke/LambdaForm$MH+0x000001af8160a400
# instanceKlass java/lang/invoke/LambdaForm$MH+0x000001af8160a000
# instanceKlass java/lang/invoke/LambdaForm$MH+0x000001af81609c00
# instanceKlass java/lang/invoke/LambdaForm$BMH+0x000001af81609800
# instanceKlass java/lang/invoke/LambdaForm$DMH+0x000001af81609400
# instanceKlass java/lang/invoke/LambdaForm$DMH+0x000001af81609000
# instanceKlass java/lang/invoke/LambdaForm$MH+0x000001af81608c00
# instanceKlass java/lang/invoke/LambdaForm$MH+0x000001af81608800
# instanceKlass java/lang/invoke/LambdaForm$MH+0x000001af81608400
# instanceKlass java/lang/invoke/LambdaForm$MH+0x000001af81608000
# instanceKlass java/lang/invoke/LambdaForm$MH+0x000001af81603c00
instanceKlass org/gradle/api/internal/artifacts/LegacyResolutionParameters
instanceKlass org/gradle/api/internal/artifacts/ivyservice/ResolutionParameters$FailureResolutions
instanceKlass org/gradle/api/internal/artifacts/ivyservice/DefaultConfigurationResolver
instanceKlass org/gradle/api/internal/artifacts/ivyservice/ShortCircuitingResolutionExecutor
# instanceKlass java/lang/invoke/LambdaForm$MH+0x000001af81603800
# instanceKlass java/lang/invoke/LambdaForm$MH+0x000001af81603400
# instanceKlass java/lang/invoke/LambdaForm$MH+0x000001af81603000
# instanceKlass java/lang/invoke/LambdaForm$MH+0x000001af81602c00
# instanceKlass java/lang/invoke/LambdaForm$MH+0x000001af81602800
# instanceKlass java/lang/invoke/LambdaForm$MH+0x000001af81602400
# instanceKlass java/lang/invoke/LambdaForm$MH+0x000001af81602000
# instanceKlass java/lang/invoke/LambdaForm$MH+0x000001af81601c00
instanceKlass  @bci org/gradle/api/internal/artifacts/dsl/DefaultComponentModuleMetadataHandler_Decorated $gradleInit ()V 1 <appendix> member <vmtarget> ; # org/gradle/api/internal/artifacts/dsl/DefaultComponentModuleMetadataHandler_Decorated$$Lambda+0x000001af81604810
instanceKlass org/gradle/api/artifacts/ComponentModuleMetadataDetails
instanceKlass org/gradle/api/artifacts/ComponentModuleMetadata
instanceKlass org/gradle/api/internal/artifacts/dsl/ComponentModuleMetadataContainer
instanceKlass org/gradle/api/internal/artifacts/dsl/ImmutableModuleReplacements
instanceKlass org/gradle/api/internal/artifacts/dsl/DefaultComponentModuleMetadataHandler
# instanceKlass java/lang/invoke/LambdaForm$MH+0x000001af81601800
# instanceKlass java/lang/invoke/LambdaForm$MH+0x000001af81601400
# instanceKlass java/lang/invoke/LambdaForm$DMH+0x000001af81601000
# instanceKlass java/lang/invoke/LambdaForm$MH+0x000001af81600c00
# instanceKlass java/lang/invoke/LambdaForm$DMH+0x000001af81600800
# instanceKlass java/lang/invoke/LambdaForm$MH+0x000001af81600400
# instanceKlass java/lang/invoke/LambdaForm$DMH+0x000001af81600000
# instanceKlass java/lang/invoke/LambdaForm$MH+0x000001af815ffc00
# instanceKlass java/lang/invoke/LambdaForm$DMH+0x000001af815ff800
# instanceKlass java/lang/invoke/LambdaForm$MH+0x000001af815ff400
# instanceKlass java/lang/invoke/LambdaForm$DMH+0x000001af815ff000
# instanceKlass java/lang/invoke/LambdaForm$MH+0x000001af815fec00
# instanceKlass java/lang/invoke/LambdaForm$DMH+0x000001af815fe800
# instanceKlass java/lang/invoke/LambdaForm$MH+0x000001af815fe400
# instanceKlass java/lang/invoke/LambdaForm$DMH+0x000001af815fe000
# instanceKlass java/lang/invoke/LambdaForm$MH+0x000001af815fdc00
# instanceKlass java/lang/invoke/LambdaForm$DMH+0x000001af815fd800
# instanceKlass java/lang/invoke/LambdaForm$MH+0x000001af815fd400
# instanceKlass java/lang/invoke/LambdaForm$MH+0x000001af815fd000
# instanceKlass java/lang/invoke/LambdaForm$MH+0x000001af815fcc00
# instanceKlass java/lang/invoke/LambdaForm$MH+0x000001af815fc800
# instanceKlass java/lang/invoke/LambdaForm$MH+0x000001af815fc400
# instanceKlass java/lang/invoke/LambdaForm$MH+0x000001af815fc000
# instanceKlass java/lang/invoke/LambdaForm$MH+0x000001af815fbc00
# instanceKlass java/lang/invoke/LambdaForm$MH+0x000001af815fb800
# instanceKlass java/lang/invoke/LambdaForm$MH+0x000001af815fb400
# instanceKlass java/lang/invoke/LambdaForm$MH+0x000001af815fb000
# instanceKlass java/lang/invoke/LambdaForm$MH+0x000001af815fac00
# instanceKlass java/lang/invoke/LambdaForm$MH+0x000001af815fa800
# instanceKlass java/lang/invoke/LambdaForm$MH+0x000001af815fa400
# instanceKlass java/lang/invoke/LambdaForm$MH+0x000001af815fa000
# instanceKlass java/lang/invoke/LambdaForm$MH+0x000001af815f9c00
# instanceKlass java/lang/invoke/LambdaForm$MH+0x000001af815f9800
# instanceKlass java/lang/invoke/LambdaForm$MH+0x000001af815f9400
# instanceKlass java/lang/invoke/LambdaForm$MH+0x000001af815f9000
# instanceKlass java/lang/invoke/LambdaForm$MH+0x000001af815f8c00
# instanceKlass java/lang/invoke/LambdaForm$MH+0x000001af815f8800
# instanceKlass java/lang/invoke/LambdaForm$MH+0x000001af815f8400
# instanceKlass java/lang/invoke/LambdaForm$MH+0x000001af815f8000
# instanceKlass java/lang/invoke/LambdaForm$MH+0x000001af815f3c00
# instanceKlass java/lang/invoke/LambdaForm$BMH+0x000001af815f3800
# instanceKlass java/lang/invoke/LambdaForm$DMH+0x000001af815f3400
# instanceKlass java/lang/invoke/LambdaForm$DMH+0x000001af815f3000
instanceKlass  @bci org/gradle/api/internal/artifacts/ivyservice/ResolutionExecutor <clinit> ()V 0 <appendix> argL0 ; # org/gradle/api/internal/artifacts/ivyservice/ResolutionExecutor$$Lambda+0x000001af815f7b80
instanceKlass  @bci org/gradle/api/internal/artifacts/DefaultDependencyManagementServices$DependencyResolutionScopeServices createComponentMetadataProcessorFactory (Lorg/gradle/api/internal/artifacts/dsl/ComponentMetadataHandlerInternal;Lorg/gradle/internal/management/DependencyResolutionManagementInternal;Lorg/gradle/api/internal/DomainObjectContext;)Lorg/gradle/api/internal/artifacts/ComponentMetadataProcessorFactory; 15 <appendix> member <vmtarget> ; # org/gradle/api/internal/artifacts/DefaultDependencyManagementServices$DependencyResolutionScopeServices$$Lambda+0x000001af815f7958
instanceKlass  @bci org/gradle/api/internal/artifacts/dsl/DefaultComponentMetadataHandler_Decorated $gradleInit ()V 1 <appendix> member <vmtarget> ; # org/gradle/api/internal/artifacts/dsl/DefaultComponentMetadataHandler_Decorated$$Lambda+0x000001af815f74f8
instanceKlass org/gradle/internal/component/external/model/AbstractStatelessDerivationStrategy
instanceKlass org/gradle/api/internal/artifacts/dsl/MetadataRuleWrapper
instanceKlass org/gradle/api/internal/notations/ComponentIdentifierParserFactory
instanceKlass org/gradle/api/artifacts/DependencyConstraintMetadata
instanceKlass org/gradle/api/internal/catalog/parser/StrictVersionParser
instanceKlass org/gradle/api/internal/notations/DependencyStringNotationConverter
instanceKlass org/gradle/api/internal/notations/DependencyMetadataNotationParser
instanceKlass org/gradle/api/internal/artifacts/repositories/resolver/AbstractDependencyImpl
instanceKlass org/gradle/api/artifacts/DirectDependencyMetadata
instanceKlass org/gradle/api/artifacts/DependencyMetadata
instanceKlass org/gradle/internal/rules/DefaultRuleActionAdapter
instanceKlass org/gradle/api/artifacts/maven/PomModuleDescriptor
instanceKlass org/gradle/api/artifacts/ivy/IvyModuleDescriptor
instanceKlass org/gradle/internal/rules/DefaultRuleActionValidator
# instanceKlass java/lang/invoke/LambdaForm$MH+0x000001af815f2c00
# instanceKlass java/lang/invoke/LambdaForm$MH+0x000001af815f2800
# instanceKlass java/lang/invoke/LambdaForm$MH+0x000001af815f2400
# instanceKlass java/lang/invoke/LambdaForm$MH+0x000001af815f2000
# instanceKlass java/lang/invoke/LambdaForm$MH+0x000001af815f1c00
# instanceKlass java/lang/invoke/LambdaForm$MH+0x000001af815f1800
# instanceKlass java/lang/invoke/LambdaForm$MH+0x000001af815f1400
instanceKlass org/gradle/api/internal/artifacts/dsl/ComponentMetadataRuleContainer
instanceKlass org/gradle/internal/rules/RuleAction
instanceKlass org/gradle/api/internal/artifacts/dsl/SpecConfigurableRule
instanceKlass org/gradle/internal/rules/SpecRuleAction
instanceKlass org/gradle/internal/rules/RuleActionAdapter
instanceKlass org/gradle/internal/rules/RuleActionValidator
instanceKlass org/gradle/api/internal/artifacts/ComponentMetadataProcessor
# instanceKlass java/lang/invoke/LambdaForm$MH+0x000001af815f1000
# instanceKlass java/lang/invoke/LambdaForm$MH+0x000001af815f0c00
# instanceKlass java/lang/invoke/LambdaForm$MH+0x000001af815f0800
# instanceKlass java/lang/invoke/LambdaForm$MH+0x000001af815f0400
# instanceKlass java/lang/invoke/LambdaForm$MH+0x000001af815f0000
# instanceKlass java/lang/invoke/LambdaForm$MH+0x000001af815edc00
# instanceKlass java/lang/invoke/LambdaForm$MH+0x000001af815ed800
instanceKlass  @bci org/gradle/internal/resolve/caching/ComponentMetadataRuleExecutor getKeyToSnapshotableTransformer ()Lorg/gradle/api/Transformer; 0 <appendix> argL0 ; # org/gradle/internal/resolve/caching/ComponentMetadataRuleExecutor$$Lambda+0x000001af815ef9e8
instanceKlass  @bci org/gradle/internal/resolve/caching/ComponentMetadataRuleExecutor createValidator (Lorg/gradle/util/internal/BuildCommencedTimeProvider;)Lorg/gradle/internal/resolve/caching/CrossBuildCachingRuleExecutor$EntryValidator; 1 <appendix> member <vmtarget> ; # org/gradle/internal/resolve/caching/ComponentMetadataRuleExecutor$$Lambda+0x000001af815ef7c0
# instanceKlass java/lang/invoke/LambdaForm$MH+0x000001af815ed400
# instanceKlass java/lang/invoke/LambdaForm$MH+0x000001af815ed000
# instanceKlass java/lang/invoke/LambdaForm$MH+0x000001af815ecc00
# instanceKlass java/lang/invoke/LambdaForm$MH+0x000001af815ec800
instanceKlass org/gradle/internal/component/model/ModuleConfigurationMetadata
instanceKlass org/gradle/internal/component/model/VariantResolveMetadata
instanceKlass org/gradle/internal/component/external/model/ExternalModuleVariantGraphResolveMetadata
instanceKlass org/gradle/internal/component/model/ConfigurationGraphResolveMetadata
instanceKlass org/gradle/internal/component/external/model/ModuleDependencyMetadata
instanceKlass org/gradle/internal/component/model/ConfigurationMetadata
instanceKlass org/gradle/internal/component/external/model/AbstractRealisedModuleResolveMetadataSerializationHelper
instanceKlass org/gradle/internal/component/external/model/VirtualComponentIdentifier
instanceKlass org/gradle/internal/component/external/model/ModuleComponentResolveMetadata
# instanceKlass java/lang/invoke/LambdaForm$MH+0x000001af815ec400
# instanceKlass java/lang/invoke/LambdaForm$MH+0x000001af815ec000
# instanceKlass java/lang/invoke/LambdaForm$MH+0x000001af815ebc00
# instanceKlass java/lang/invoke/LambdaForm$MH+0x000001af815eb800
# instanceKlass java/lang/invoke/LambdaForm$MH+0x000001af815eb400
# instanceKlass java/lang/invoke/LambdaForm$MH+0x000001af815eb000
# instanceKlass java/lang/invoke/LambdaForm$MH+0x000001af815eac00
instanceKlass  @bci org/gradle/api/internal/artifacts/transform/ConsumerProvidedVariantFinder <init> (Lorg/gradle/api/internal/artifacts/VariantTransformRegistry;Lorg/gradle/api/internal/attributes/AttributesSchemaInternal;Lorg/gradle/api/internal/attributes/AttributesFactory;Lorg/gradle/api/internal/attributes/AttributeSchemaServices;)V 40 <appendix> member <vmtarget> ; # org/gradle/api/internal/artifacts/transform/ConsumerProvidedVariantFinder$$Lambda+0x000001af815d7da8
instanceKlass org/gradle/api/internal/artifacts/transform/ConsumerProvidedVariantFinder$TransformCache
instanceKlass  @bci org/gradle/api/internal/artifacts/transform/ConsumerProvidedVariantFinder <init> (Lorg/gradle/api/internal/artifacts/VariantTransformRegistry;Lorg/gradle/api/internal/attributes/AttributesSchemaInternal;Lorg/gradle/api/internal/attributes/AttributesFactory;Lorg/gradle/api/internal/attributes/AttributeSchemaServices;)V 21 <appendix> member <vmtarget> ; # org/gradle/api/internal/artifacts/transform/ConsumerProvidedVariantFinder$$Lambda+0x000001af815d7970
instanceKlass org/gradle/api/artifacts/transform/TransformParameters$None
instanceKlass org/gradle/api/artifacts/transform/TransformParameters
instanceKlass org/gradle/api/artifacts/transform/TransformAction
instanceKlass org/gradle/api/internal/artifacts/transform/DefaultVariantTransformRegistry
# instanceKlass java/lang/invoke/LambdaForm$MH+0x000001af815ea800
# instanceKlass java/lang/invoke/LambdaForm$MH+0x000001af815ea400
# instanceKlass java/lang/invoke/LambdaForm$MH+0x000001af815ea000
# instanceKlass java/lang/invoke/LambdaForm$MH+0x000001af815e9c00
# instanceKlass java/lang/invoke/LambdaForm$MH+0x000001af815e9800
instanceKlass org/gradle/api/internal/artifacts/TransformRegistration
instanceKlass org/gradle/api/internal/artifacts/transform/Transform
instanceKlass org/gradle/internal/properties/PropertyVisitor
instanceKlass org/gradle/api/internal/artifacts/transform/DefaultTransformRegistrationFactory
# instanceKlass java/lang/invoke/LambdaForm$MH+0x000001af815e9400
# instanceKlass java/lang/invoke/LambdaForm$MH+0x000001af815e9000
# instanceKlass java/lang/invoke/LambdaForm$MH+0x000001af815e8c00
# instanceKlass java/lang/invoke/LambdaForm$MH+0x000001af815e8800
# instanceKlass java/lang/invoke/LambdaForm$MH+0x000001af815e8400
# instanceKlass java/lang/invoke/LambdaForm$MH+0x000001af815e8000
# instanceKlass java/lang/invoke/LambdaForm$MH+0x000001af815e7c00
# instanceKlass java/lang/invoke/LambdaForm$MH+0x000001af815e7800
# instanceKlass java/lang/invoke/LambdaForm$MH+0x000001af815e7400
# instanceKlass java/lang/invoke/LambdaForm$MH+0x000001af815e7000
# instanceKlass java/lang/invoke/LambdaForm$MH+0x000001af815e6c00
# instanceKlass java/lang/invoke/LambdaForm$MH+0x000001af815e6800
instanceKlass org/gradle/api/reflect/InjectionPointQualifier
instanceKlass org/gradle/api/internal/artifacts/transform/DefaultTransformInvocationFactory
# instanceKlass java/lang/invoke/LambdaForm$MH+0x000001af815e6400
# instanceKlass java/lang/invoke/LambdaForm$MH+0x000001af815e6000
# instanceKlass java/lang/invoke/LambdaForm$MH+0x000001af815e5c00
# instanceKlass java/lang/invoke/LambdaForm$MH+0x000001af815e5800
# instanceKlass java/lang/invoke/LambdaForm$MH+0x000001af815e5400
# instanceKlass java/lang/invoke/LambdaForm$MH+0x000001af815e5000
# instanceKlass java/lang/invoke/LambdaForm$MH+0x000001af815e4c00
# instanceKlass java/lang/invoke/LambdaForm$MH+0x000001af815e4800
# instanceKlass java/lang/invoke/LambdaForm$MH+0x000001af815e4400
# instanceKlass java/lang/invoke/LambdaForm$MH+0x000001af815e4000
instanceKlass org/gradle/api/internal/artifacts/DefaultDependencyManagementServices$TransformGradleUserHomeServices$1
instanceKlass org/gradle/api/internal/artifacts/DependencyManagementGradleUserHomeScopeServices$3
instanceKlass org/gradle/cache/ManualEvictionInMemoryCache
instanceKlass org/gradle/cache/internal/DefaultCrossBuildInMemoryCacheFactory$CrossBuildCacheRetainingDataFromPreviousBuild
instanceKlass  @bci org/gradle/api/internal/artifacts/DependencyManagementGradleUserHomeScopeServices createTransformWorkspaceServices (Lorg/gradle/cache/scopes/GlobalScopedCacheBuilderFactory;Lorg/gradle/cache/internal/CrossBuildInMemoryCacheFactory;Lorg/gradle/internal/file/FileAccessTimeJournal;Lorg/gradle/api/internal/cache/CacheConfigurationsInternal;Lorg/gradle/cache/CacheCleanupStrategyFactory;)Lorg/gradle/api/internal/artifacts/transform/ImmutableTransformWorkspaceServices; 22 <appendix> argL0 ; # org/gradle/api/internal/artifacts/DependencyManagementGradleUserHomeScopeServices$$Lambda+0x000001af815d6568
# instanceKlass java/lang/invoke/LambdaForm$MH+0x000001af815ddc00
# instanceKlass java/lang/invoke/LambdaForm$MH+0x000001af815dd800
# instanceKlass java/lang/invoke/LambdaForm$MH+0x000001af815dd400
# instanceKlass java/lang/invoke/LambdaForm$MH+0x000001af815dd000
# instanceKlass java/lang/invoke/LambdaForm$MH+0x000001af815dcc00
# instanceKlass java/lang/invoke/LambdaForm$MH+0x000001af815dc800
instanceKlass org/gradle/api/internal/file/DefaultFileSystemLocation
instanceKlass org/gradle/internal/locking/LockFileReaderWriter
instanceKlass org/gradle/api/internal/provider/AbstractCollectionProperty$NoValueSupplier
instanceKlass org/gradle/api/internal/provider/AbstractCollectionProperty$EmptySupplier
instanceKlass org/gradle/api/internal/provider/ValidatingValueCollector
instanceKlass  @bci org/gradle/api/internal/provider/DefaultListProperty <clinit> ()V 0 <appendix> argL0 ; # org/gradle/api/internal/provider/DefaultListProperty$$Lambda+0x000001af815dee68
instanceKlass org/gradle/api/internal/provider/CollectionSupplier
instanceKlass org/gradle/api/internal/file/FileSystemLocationPropertyInternal
instanceKlass  @bci org/gradle/internal/locking/LockEntryFilterFactory <clinit> ()V 8 <appendix> argL0 ; # org/gradle/internal/locking/LockEntryFilterFactory$$Lambda+0x000001af815d6108
instanceKlass  @bci org/gradle/internal/locking/LockEntryFilterFactory <clinit> ()V 0 <appendix> argL0 ; # org/gradle/internal/locking/LockEntryFilterFactory$$Lambda+0x000001af815d5ed8
instanceKlass org/gradle/api/internal/artifacts/dsl/dependencies/LockEntryFilter
instanceKlass org/gradle/internal/locking/LockEntryFilterFactory
instanceKlass org/gradle/internal/locking/DependencyLockingNotationConverter
instanceKlass org/gradle/api/internal/artifacts/dsl/dependencies/DependencyLockingState
instanceKlass org/gradle/internal/locking/DefaultDependencyLockingProvider
# instanceKlass java/lang/invoke/LambdaForm$MH+0x000001af815dc400
# instanceKlass java/lang/invoke/LambdaForm$MH+0x000001af815dc000
# instanceKlass java/lang/invoke/LambdaForm$MH+0x000001af815dbc00
# instanceKlass java/lang/invoke/LambdaForm$MH+0x000001af815db800
# instanceKlass java/lang/invoke/LambdaForm$MH+0x000001af815db400
# instanceKlass java/lang/invoke/LambdaForm$MH+0x000001af815db000
# instanceKlass java/lang/invoke/LambdaForm$MH+0x000001af815dac00
# instanceKlass java/lang/invoke/LambdaForm$MH+0x000001af815da800
instanceKlass org/gradle/api/internal/artifacts/GlobalDependencyResolutionRules$CompositeSubstitutionRules
instanceKlass org/gradle/api/artifacts/component/ModuleComponentSelector
instanceKlass org/gradle/api/internal/artifacts/ivyservice/CacheExpirationControl$Expiry
instanceKlass org/gradle/api/internal/artifacts/ivyservice/ivyresolve/ChangingValueDependencyResolutionListener
# instanceKlass java/lang/invoke/LambdaForm$MH+0x000001af815da400
# instanceKlass java/lang/invoke/LambdaForm$MH+0x000001af815da000
# instanceKlass java/lang/invoke/LambdaForm$MH+0x000001af815d9c00
# instanceKlass java/lang/invoke/LambdaForm$MH+0x000001af815d9800
# instanceKlass java/lang/invoke/LambdaForm$MH+0x000001af815d9400
# instanceKlass java/lang/invoke/LambdaForm$MH+0x000001af815d9000
# instanceKlass java/lang/invoke/LambdaForm$MH+0x000001af815d8c00
# instanceKlass java/lang/invoke/LambdaForm$MH+0x000001af815d8800
# instanceKlass java/lang/invoke/LambdaForm$MH+0x000001af815d8400
# instanceKlass java/lang/invoke/LambdaForm$MH+0x000001af815d8000
# instanceKlass java/lang/invoke/LambdaForm$MH+0x000001af815d3c00
# instanceKlass java/lang/invoke/LambdaForm$MH+0x000001af815d3800
# instanceKlass java/lang/invoke/LambdaForm$MH+0x000001af815d3400
# instanceKlass java/lang/invoke/LambdaForm$MH+0x000001af815d3000
# instanceKlass java/lang/invoke/LambdaForm$MH+0x000001af815d2c00
# instanceKlass java/lang/invoke/LambdaForm$BMH+0x000001af815d2800
# instanceKlass java/lang/invoke/LambdaForm$DMH+0x000001af815d2400
# instanceKlass java/lang/invoke/LambdaForm$DMH+0x000001af815d2000
instanceKlass org/gradle/internal/resolve/caching/CrossBuildCachingRuleExecutor$AnySerializer
instanceKlass  @bci org/gradle/internal/resolve/caching/ComponentMetadataSupplierRuleExecutor createValidator (Lorg/gradle/util/internal/BuildCommencedTimeProvider;)Lorg/gradle/internal/resolve/caching/CrossBuildCachingRuleExecutor$EntryValidator; 1 <appendix> member <vmtarget> ; # org/gradle/internal/resolve/caching/ComponentMetadataSupplierRuleExecutor$$Lambda+0x000001af815d4000
instanceKlass org/gradle/internal/resolve/caching/CrossBuildCachingRuleExecutor$CachedEntry
instanceKlass org/gradle/api/internal/artifacts/ivyservice/CacheExpirationControl
instanceKlass org/gradle/internal/resolve/caching/CrossBuildCachingRuleExecutor$EntryValidator
instanceKlass  @bci org/gradle/internal/resolve/caching/ComponentMetadataSupplierRuleExecutor <clinit> ()V 0 <appendix> argL0 ; # org/gradle/internal/resolve/caching/ComponentMetadataSupplierRuleExecutor$$Lambda+0x000001af815cf658
instanceKlass org/gradle/api/artifacts/ResolvedModuleVersion
instanceKlass org/gradle/internal/resolve/caching/ImplicitInputRecorder
instanceKlass org/gradle/api/internal/artifacts/DependencyManagementBuildScopeServices$1
# instanceKlass java/lang/invoke/LambdaForm$MH+0x000001af815d1c00
# instanceKlass java/lang/invoke/LambdaForm$MH+0x000001af815d1800
# instanceKlass java/lang/invoke/LambdaForm$MH+0x000001af815d1400
# instanceKlass java/lang/invoke/LambdaForm$MH+0x000001af815d1000
# instanceKlass java/lang/invoke/LambdaForm$MH+0x000001af815d0c00
# instanceKlass java/lang/invoke/LambdaForm$MH+0x000001af815d0800
# instanceKlass java/lang/invoke/LambdaForm$MH+0x000001af815d0400
instanceKlass org/gradle/api/artifacts/ComponentMetadata
instanceKlass org/gradle/api/internal/artifacts/ivyservice/modulecache/ResolvedArtifactCaches
instanceKlass org/gradle/api/internal/artifacts/ivyservice/modulecache/artifacts/InMemoryModuleArtifactCache
instanceKlass  @bci org/gradle/api/internal/artifacts/DependencyManagementBuildTreeScopeServices createModuleRepositoryCacheProvider (Lorg/gradle/util/internal/BuildCommencedTimeProvider;Lorg/gradle/api/internal/artifacts/ImmutableModuleIdentifierFactory;Lorg/gradle/api/internal/artifacts/ivyservice/ArtifactCachesProvider;Lorg/gradle/api/internal/artifacts/ivyservice/resolveengine/result/AttributeContainerSerializer;Lorg/gradle/api/internal/artifacts/capability/CapabilitySelectorSerializer;Lorg/gradle/api/internal/artifacts/repositories/metadata/MavenMutableModuleMetadataFactory;Lorg/gradle/api/internal/artifacts/repositories/metadata/IvyMutableModuleMetadataFactory;Lorg/gradle/util/internal/SimpleMapInterner;Lorg/gradle/api/internal/artifacts/ivyservice/modulecache/FileStoreAndIndexProvider;Lorg/gradle/api/internal/artifacts/ivyservice/modulecache/ModuleSourcesSerializer;Lorg/gradle/internal/hash/ChecksumService;)Lorg/gradle/api/internal/artifacts/ivyservice/modulecache/ModuleRepositoryCacheProvider; 167 <appendix> membe ; # org/gradle/api/internal/artifacts/DependencyManagementBuildTreeScopeServices$$Lambda+0x000001af815ceb48
instanceKlass  @bci org/gradle/api/internal/artifacts/DependencyManagementBuildTreeScopeServices createModuleRepositoryCacheProvider (Lorg/gradle/util/internal/BuildCommencedTimeProvider;Lorg/gradle/api/internal/artifacts/ImmutableModuleIdentifierFactory;Lorg/gradle/api/internal/artifacts/ivyservice/ArtifactCachesProvider;Lorg/gradle/api/internal/artifacts/ivyservice/resolveengine/result/AttributeContainerSerializer;Lorg/gradle/api/internal/artifacts/capability/CapabilitySelectorSerializer;Lorg/gradle/api/internal/artifacts/repositories/metadata/MavenMutableModuleMetadataFactory;Lorg/gradle/api/internal/artifacts/repositories/metadata/IvyMutableModuleMetadataFactory;Lorg/gradle/util/internal/SimpleMapInterner;Lorg/gradle/api/internal/artifacts/ivyservice/modulecache/FileStoreAndIndexProvider;Lorg/gradle/api/internal/artifacts/ivyservice/modulecache/ModuleSourcesSerializer;Lorg/gradle/internal/hash/ChecksumService;)Lorg/gradle/api/internal/artifacts/ivyservice/modulecache/ModuleRepositoryCacheProvider; 140 <appendix> membe ; # org/gradle/api/internal/artifacts/DependencyManagementBuildTreeScopeServices$$Lambda+0x000001af815ce900
instanceKlass  @bci org/gradle/api/internal/artifacts/DependencyManagementBuildTreeScopeServices createModuleRepositoryCacheProvider (Lorg/gradle/util/internal/BuildCommencedTimeProvider;Lorg/gradle/api/internal/artifacts/ImmutableModuleIdentifierFactory;Lorg/gradle/api/internal/artifacts/ivyservice/ArtifactCachesProvider;Lorg/gradle/api/internal/artifacts/ivyservice/resolveengine/result/AttributeContainerSerializer;Lorg/gradle/api/internal/artifacts/capability/CapabilitySelectorSerializer;Lorg/gradle/api/internal/artifacts/repositories/metadata/MavenMutableModuleMetadataFactory;Lorg/gradle/api/internal/artifacts/repositories/metadata/IvyMutableModuleMetadataFactory;Lorg/gradle/util/internal/SimpleMapInterner;Lorg/gradle/api/internal/artifacts/ivyservice/modulecache/FileStoreAndIndexProvider;Lorg/gradle/api/internal/artifacts/ivyservice/modulecache/ModuleSourcesSerializer;Lorg/gradle/internal/hash/ChecksumService;)Lorg/gradle/api/internal/artifacts/ivyservice/modulecache/ModuleRepositoryCacheProvider; 114 <appendix> membe ; # org/gradle/api/internal/artifacts/DependencyManagementBuildTreeScopeServices$$Lambda+0x000001af815ce6b8
instanceKlass  @bci org/gradle/api/internal/artifacts/DependencyManagementBuildTreeScopeServices createModuleRepositoryCacheProvider (Lorg/gradle/util/internal/BuildCommencedTimeProvider;Lorg/gradle/api/internal/artifacts/ImmutableModuleIdentifierFactory;Lorg/gradle/api/internal/artifacts/ivyservice/ArtifactCachesProvider;Lorg/gradle/api/internal/artifacts/ivyservice/resolveengine/result/AttributeContainerSerializer;Lorg/gradle/api/internal/artifacts/capability/CapabilitySelectorSerializer;Lorg/gradle/api/internal/artifacts/repositories/metadata/MavenMutableModuleMetadataFactory;Lorg/gradle/api/internal/artifacts/repositories/metadata/IvyMutableModuleMetadataFactory;Lorg/gradle/util/internal/SimpleMapInterner;Lorg/gradle/api/internal/artifacts/ivyservice/modulecache/FileStoreAndIndexProvider;Lorg/gradle/api/internal/artifacts/ivyservice/modulecache/ModuleSourcesSerializer;Lorg/gradle/internal/hash/ChecksumService;)Lorg/gradle/api/internal/artifacts/ivyservice/modulecache/ModuleRepositoryCacheProvider; 88 <appendix> member ; # org/gradle/api/internal/artifacts/DependencyManagementBuildTreeScopeServices$$Lambda+0x000001af815ce470
instanceKlass  @bci org/gradle/api/internal/artifacts/DependencyManagementBuildTreeScopeServices createModuleRepositoryCacheProvider (Lorg/gradle/util/internal/BuildCommencedTimeProvider;Lorg/gradle/api/internal/artifacts/ImmutableModuleIdentifierFactory;Lorg/gradle/api/internal/artifacts/ivyservice/ArtifactCachesProvider;Lorg/gradle/api/internal/artifacts/ivyservice/resolveengine/result/AttributeContainerSerializer;Lorg/gradle/api/internal/artifacts/capability/CapabilitySelectorSerializer;Lorg/gradle/api/internal/artifacts/repositories/metadata/MavenMutableModuleMetadataFactory;Lorg/gradle/api/internal/artifacts/repositories/metadata/IvyMutableModuleMetadataFactory;Lorg/gradle/util/internal/SimpleMapInterner;Lorg/gradle/api/internal/artifacts/ivyservice/modulecache/FileStoreAndIndexProvider;Lorg/gradle/api/internal/artifacts/ivyservice/modulecache/ModuleSourcesSerializer;Lorg/gradle/internal/hash/ChecksumService;)Lorg/gradle/api/internal/artifacts/ivyservice/modulecache/ModuleRepositoryCacheProvider; 71 <adapter> ; # java/lang/invoke/LambdaForm$MH+0x000001af815d0000
instanceKlass  @bci org/gradle/api/internal/artifacts/DependencyManagementBuildTreeScopeServices createModuleRepositoryCacheProvider (Lorg/gradle/util/internal/BuildCommencedTimeProvider;Lorg/gradle/api/internal/artifacts/ImmutableModuleIdentifierFactory;Lorg/gradle/api/internal/artifacts/ivyservice/ArtifactCachesProvider;Lorg/gradle/api/internal/artifacts/ivyservice/resolveengine/result/AttributeContainerSerializer;Lorg/gradle/api/internal/artifacts/capability/CapabilitySelectorSerializer;Lorg/gradle/api/internal/artifacts/repositories/metadata/MavenMutableModuleMetadataFactory;Lorg/gradle/api/internal/artifacts/repositories/metadata/IvyMutableModuleMetadataFactory;Lorg/gradle/util/internal/SimpleMapInterner;Lorg/gradle/api/internal/artifacts/ivyservice/modulecache/FileStoreAndIndexProvider;Lorg/gradle/api/internal/artifacts/ivyservice/modulecache/ModuleSourcesSerializer;Lorg/gradle/internal/hash/ChecksumService;)Lorg/gradle/api/internal/artifacts/ivyservice/modulecache/ModuleRepositoryCacheProvider; 71 <appendix> form v ; # java/lang/invoke/LambdaForm$DMH+0x000001af815cbc00
instanceKlass  @bci org/gradle/api/internal/artifacts/DependencyManagementBuildTreeScopeServices createModuleRepositoryCacheProvider (Lorg/gradle/util/internal/BuildCommencedTimeProvider;Lorg/gradle/api/internal/artifacts/ImmutableModuleIdentifierFactory;Lorg/gradle/api/internal/artifacts/ivyservice/ArtifactCachesProvider;Lorg/gradle/api/internal/artifacts/ivyservice/resolveengine/result/AttributeContainerSerializer;Lorg/gradle/api/internal/artifacts/capability/CapabilitySelectorSerializer;Lorg/gradle/api/internal/artifacts/repositories/metadata/MavenMutableModuleMetadataFactory;Lorg/gradle/api/internal/artifacts/repositories/metadata/IvyMutableModuleMetadataFactory;Lorg/gradle/util/internal/SimpleMapInterner;Lorg/gradle/api/internal/artifacts/ivyservice/modulecache/FileStoreAndIndexProvider;Lorg/gradle/api/internal/artifacts/ivyservice/modulecache/ModuleSourcesSerializer;Lorg/gradle/internal/hash/ChecksumService;)Lorg/gradle/api/internal/artifacts/ivyservice/modulecache/ModuleRepositoryCacheProvider; 71 <appendix> member ; # org/gradle/api/internal/artifacts/DependencyManagementBuildTreeScopeServices$$Lambda+0x000001af815ce238
instanceKlass org/gradle/api/internal/artifacts/ivyservice/modulecache/artifacts/DefaultModuleArtifactCache$CachedArtifactSerializer
instanceKlass org/gradle/api/internal/artifacts/ivyservice/modulecache/artifacts/DefaultModuleArtifactCache$ArtifactAtRepositoryKeySerializer
instanceKlass org/gradle/api/internal/artifacts/ivyservice/modulecache/artifacts/CachedArtifact
instanceKlass org/gradle/api/internal/artifacts/ivyservice/modulecache/artifacts/CachedArtifacts
instanceKlass org/gradle/api/internal/artifacts/ivyservice/modulecache/ModuleMetadataSerializer
instanceKlass org/gradle/api/internal/artifacts/ivyservice/modulecache/ModuleMetadataStore
instanceKlass org/gradle/api/internal/artifacts/ivyservice/modulecache/ModuleMetadataCache$CachedMetadata
instanceKlass org/gradle/api/internal/artifacts/ivyservice/modulecache/dynamicversions/ModuleVersionsCache$CachedModuleVersionList
instanceKlass  @bci org/gradle/api/internal/artifacts/DependencyManagementBuildTreeScopeServices createModuleRepositoryCacheProvider (Lorg/gradle/util/internal/BuildCommencedTimeProvider;Lorg/gradle/api/internal/artifacts/ImmutableModuleIdentifierFactory;Lorg/gradle/api/internal/artifacts/ivyservice/ArtifactCachesProvider;Lorg/gradle/api/internal/artifacts/ivyservice/resolveengine/result/AttributeContainerSerializer;Lorg/gradle/api/internal/artifacts/capability/CapabilitySelectorSerializer;Lorg/gradle/api/internal/artifacts/repositories/metadata/MavenMutableModuleMetadataFactory;Lorg/gradle/api/internal/artifacts/repositories/metadata/IvyMutableModuleMetadataFactory;Lorg/gradle/util/internal/SimpleMapInterner;Lorg/gradle/api/internal/artifacts/ivyservice/modulecache/FileStoreAndIndexProvider;Lorg/gradle/api/internal/artifacts/ivyservice/modulecache/ModuleSourcesSerializer;Lorg/gradle/internal/hash/ChecksumService;)Lorg/gradle/api/internal/artifacts/ivyservice/modulecache/ModuleRepositoryCacheProvider; 26 <appendix> member ; # org/gradle/api/internal/artifacts/DependencyManagementBuildTreeScopeServices$$Lambda+0x000001af815ccc98
# instanceKlass java/lang/invoke/LambdaForm$MH+0x000001af815cb800
# instanceKlass java/lang/invoke/LambdaForm$MH+0x000001af815cb400
# instanceKlass java/lang/invoke/LambdaForm$MH+0x000001af815cb000
# instanceKlass java/lang/invoke/LambdaForm$MH+0x000001af815cac00
# instanceKlass java/lang/invoke/LambdaForm$MH+0x000001af815ca800
# instanceKlass java/lang/invoke/LambdaForm$MH+0x000001af815ca400
# instanceKlass java/lang/invoke/LambdaForm$MH+0x000001af815ca000
# instanceKlass java/lang/invoke/LambdaForm$MH+0x000001af815c9c00
# instanceKlass java/lang/invoke/LambdaForm$MH+0x000001af815c9800
# instanceKlass java/lang/invoke/LambdaForm$MH+0x000001af815c9400
# instanceKlass java/lang/invoke/LambdaForm$MH+0x000001af815c9000
# instanceKlass java/lang/invoke/LambdaForm$MH+0x000001af815c8c00
instanceKlass org/gradle/internal/component/model/ModuleSources
instanceKlass org/gradle/api/internal/artifacts/ivyservice/ivyresolve/ModuleDescriptorHashCodec
instanceKlass org/gradle/api/internal/artifacts/repositories/metadata/MetadataFileSource
instanceKlass org/gradle/internal/component/model/PersistentModuleSource
instanceKlass org/gradle/internal/component/model/ModuleSource
instanceKlass org/gradle/api/internal/artifacts/repositories/metadata/DefaultMetadataFileSourceCodec
instanceKlass org/gradle/internal/component/model/PersistentModuleSource$Codec
# instanceKlass java/lang/invoke/LambdaForm$MH+0x000001af815c8800
# instanceKlass java/lang/invoke/LambdaForm$MH+0x000001af815c8400
# instanceKlass java/lang/invoke/LambdaForm$MH+0x000001af815c8000
instanceKlass it/unimi/dsi/fastutil/longs/Long2ObjectFunctions$SynchronizedFunction
instanceKlass it/unimi/dsi/fastutil/longs/Long2ObjectMaps
instanceKlass it/unimi/dsi/fastutil/longs/Long2ObjectMap$FastEntrySet
instanceKlass it/unimi/dsi/fastutil/objects/ObjectSet
instanceKlass it/unimi/dsi/fastutil/longs/LongSet
instanceKlass it/unimi/dsi/fastutil/longs/LongCollection
instanceKlass it/unimi/dsi/fastutil/longs/LongIterable
instanceKlass it/unimi/dsi/fastutil/objects/ObjectCollection
instanceKlass it/unimi/dsi/fastutil/longs/AbstractLong2ObjectFunction
# instanceKlass java/lang/invoke/LambdaForm$MH+0x000001af815c5c00
instanceKlass org/gradle/api/internal/artifacts/DependencyManagementBuildScopeServices$2
instanceKlass  @bci org/gradle/api/internal/artifacts/ivyservice/ivyresolve/verification/DependencyVerificationOverride <clinit> ()V 0 <appendix> argL0 ; # org/gradle/api/internal/artifacts/ivyservice/ivyresolve/verification/DependencyVerificationOverride$$Lambda+0x000001af815bb7e0
instanceKlass  @bci org/gradle/api/internal/artifacts/DependencyManagementBuildScopeServices createDependencyVerificationOverride (Lorg/gradle/api/internal/artifacts/ivyservice/ivyresolve/StartParameterResolutionOverride;Lorg/gradle/internal/operations/BuildOperationExecutor;Lorg/gradle/internal/hash/ChecksumService;Lorg/gradle/api/internal/artifacts/verification/signatures/SignatureVerificationServiceFactory;Lorg/gradle/api/internal/DocumentationRegistry;Lorg/gradle/internal/event/ListenerManager;Lorg/gradle/util/internal/BuildCommencedTimeProvider;Lorg/gradle/internal/service/ServiceRegistry;)Lorg/gradle/api/internal/artifacts/ivyservice/ivyresolve/verification/DependencyVerificationOverride; 11 <appendix> member <vmtarget> ; # org/gradle/api/internal/artifacts/DependencyManagementBuildScopeServices$$Lambda+0x000001af815bb5b8
# instanceKlass java/lang/invoke/LambdaForm$MH+0x000001af815c5800
# instanceKlass java/lang/invoke/LambdaForm$MH+0x000001af815c5400
# instanceKlass java/lang/invoke/LambdaForm$MH+0x000001af815c5000
# instanceKlass java/lang/invoke/LambdaForm$MH+0x000001af815c4c00
# instanceKlass java/lang/invoke/LambdaForm$MH+0x000001af815c4800
# instanceKlass java/lang/invoke/LambdaForm$MH+0x000001af815c4400
# instanceKlass java/lang/invoke/LambdaForm$MH+0x000001af815c4000
# instanceKlass java/lang/invoke/LambdaForm$MH+0x000001af815c3c00
# instanceKlass java/lang/invoke/LambdaForm$MH+0x000001af815c3800
instanceKlass org/gradle/api/internal/artifacts/verification/signatures/SignatureVerificationService
instanceKlass org/gradle/security/internal/PublicKeyService
instanceKlass org/gradle/api/internal/artifacts/verification/signatures/DefaultSignatureVerificationServiceFactory
# instanceKlass java/lang/invoke/LambdaForm$MH+0x000001af815c3400
# instanceKlass java/lang/invoke/LambdaForm$MH+0x000001af815c3000
# instanceKlass java/lang/invoke/LambdaForm$MH+0x000001af815c2c00
# instanceKlass java/lang/invoke/LambdaForm$MH+0x000001af815c2800
# instanceKlass java/lang/invoke/LambdaForm$MH+0x000001af815c2400
# instanceKlass java/lang/invoke/LambdaForm$MH+0x000001af815c2000
# instanceKlass java/lang/invoke/LambdaForm$MH+0x000001af815c1c00
# instanceKlass java/lang/invoke/LambdaForm$MH+0x000001af815c1800
# instanceKlass java/lang/invoke/LambdaForm$MH+0x000001af815c1400
instanceKlass  @bci org/gradle/composite/internal/DefaultBuildTreeLocalComponentProvider <init> (Lorg/gradle/api/internal/project/ProjectStateRegistry;Lorg/gradle/internal/model/InMemoryCacheFactory;Lorg/gradle/api/internal/artifacts/ivyservice/projectmodule/LocalComponentCache;Lorg/gradle/api/internal/artifacts/ivyservice/projectmodule/LocalComponentProvider;)V 47 <appendix> member <vmtarget> ; # org/gradle/composite/internal/DefaultBuildTreeLocalComponentProvider$$Lambda+0x000001af815bab18
instanceKlass  @bci org/gradle/internal/model/InMemoryCacheFactory$CalculatedValueCache <init> (Lorg/gradle/internal/DisplayName;Lorg/gradle/internal/model/CalculatedValueContainerFactory;ILjava/util/function/Function;)V 14 <appendix> member <vmtarget> ; # org/gradle/internal/model/InMemoryCacheFactory$CalculatedValueCache$$Lambda+0x000001af815ac6f8
instanceKlass org/gradle/internal/model/InMemoryCacheFactory$CalculatedValueCache
instanceKlass  @bci org/gradle/composite/internal/DefaultBuildTreeLocalComponentProvider <init> (Lorg/gradle/api/internal/project/ProjectStateRegistry;Lorg/gradle/internal/model/InMemoryCacheFactory;Lorg/gradle/api/internal/artifacts/ivyservice/projectmodule/LocalComponentCache;Lorg/gradle/api/internal/artifacts/ivyservice/projectmodule/LocalComponentProvider;)V 28 <appendix> member <vmtarget> ; # org/gradle/composite/internal/DefaultBuildTreeLocalComponentProvider$$Lambda+0x000001af815ba8d0
# instanceKlass java/lang/invoke/LambdaForm$MH+0x000001af815c1000
instanceKlass  @bci org/gradle/api/internal/artifacts/ivyservice/projectmodule/LocalComponentCache <clinit> ()V 0 <appendix> argL0 ; # org/gradle/api/internal/artifacts/ivyservice/projectmodule/LocalComponentCache$$Lambda+0x000001af815ba6b0
instanceKlass org/gradle/api/internal/artifacts/ivyservice/resolveengine/store/StoreSet
# instanceKlass java/lang/invoke/LambdaForm$MH+0x000001af815c0c00
# instanceKlass java/lang/invoke/LambdaForm$MH+0x000001af815c0800
# instanceKlass java/lang/invoke/LambdaForm$MH+0x000001af815c0400
# instanceKlass java/lang/invoke/LambdaForm$MH+0x000001af815c0000
# instanceKlass java/lang/invoke/LambdaForm$MH+0x000001af815bfc00
# instanceKlass java/lang/invoke/LambdaForm$MH+0x000001af815bf800
# instanceKlass java/lang/invoke/LambdaForm$MH+0x000001af815bf400
# instanceKlass java/lang/invoke/LambdaForm$MH+0x000001af815bf000
# instanceKlass java/lang/invoke/LambdaForm$MH+0x000001af815bec00
# instanceKlass java/lang/invoke/LambdaForm$MH+0x000001af815be800
# instanceKlass java/lang/invoke/LambdaForm$MH+0x000001af815be400
# instanceKlass java/lang/invoke/LambdaForm$MH+0x000001af815be000
# instanceKlass java/lang/invoke/LambdaForm$MH+0x000001af815bdc00
# instanceKlass java/lang/invoke/LambdaForm$MH+0x000001af815bd800
# instanceKlass java/lang/invoke/LambdaForm$MH+0x000001af815bd400
# instanceKlass java/lang/invoke/LambdaForm$MH+0x000001af815bd000
# instanceKlass java/lang/invoke/LambdaForm$MH+0x000001af815bcc00
# instanceKlass java/lang/invoke/LambdaForm$MH+0x000001af815bc800
# instanceKlass java/lang/invoke/LambdaForm$MH+0x000001af815bc400
instanceKlass  @bci org/gradle/api/internal/artifacts/DependencyManagementBuildTreeScopeServices createModuleRepositoryCacheProvider (Lorg/gradle/util/internal/BuildCommencedTimeProvider;Lorg/gradle/api/internal/artifacts/ImmutableModuleIdentifierFactory;Lorg/gradle/api/internal/artifacts/ivyservice/ArtifactCachesProvider;Lorg/gradle/api/internal/artifacts/ivyservice/resolveengine/result/AttributeContainerSerializer;Lorg/gradle/api/internal/artifacts/capability/CapabilitySelectorSerializer;Lorg/gradle/api/internal/artifacts/repositories/metadata/MavenMutableModuleMetadataFactory;Lorg/gradle/api/internal/artifacts/repositories/metadata/IvyMutableModuleMetadataFactory;Lorg/gradle/util/internal/SimpleMapInterner;Lorg/gradle/api/internal/artifacts/ivyservice/modulecache/FileStoreAndIndexProvider;Lorg/gradle/api/internal/artifacts/ivyservice/modulecache/ModuleSourcesSerializer;Lorg/gradle/internal/hash/ChecksumService;)Lorg/gradle/api/internal/artifacts/ivyservice/modulecache/ModuleRepositoryCacheProvider; 26 <appendix> form v ; # java/lang/invoke/LambdaForm$DMH+0x000001af815bc000
instanceKlass  @bci org/gradle/api/internal/artifacts/dsl/dependencies/TargetJVMVersionOnLibraryTooNewFailureDescriber$Inject $gradleInit ()V 1 <appendix> member <vmtarget> ; # org/gradle/api/internal/artifacts/dsl/dependencies/TargetJVMVersionOnLibraryTooNewFailureDescriber$Inject$$Lambda+0x000001af815ba288
instanceKlass  @bci org/gradle/api/internal/artifacts/dsl/dependencies/TargetJVMVersionOnPluginTooNewFailureDescriber$Inject $gradleInit ()V 1 <appendix> member <vmtarget> ; # org/gradle/api/internal/artifacts/dsl/dependencies/TargetJVMVersionOnPluginTooNewFailureDescriber$Inject$$Lambda+0x000001af815b9a58
instanceKlass  @bci org/gradle/api/internal/artifacts/dsl/dependencies/NewerGradleNeededByPluginFailureDescriber$Inject $gradleInit ()V 1 <appendix> member <vmtarget> ; # org/gradle/api/internal/artifacts/dsl/dependencies/NewerGradleNeededByPluginFailureDescriber$Inject$$Lambda+0x000001af815b8ff8
instanceKlass  @bci org/gradle/internal/component/resolution/failure/ResolutionFailureHandler configureAdditionalDataBuilder (Lorg/gradle/api/problems/internal/AdditionalDataBuilderFactory;)V 12 <appendix> argL0 ; # org/gradle/internal/component/resolution/failure/ResolutionFailureHandler$$Lambda+0x000001af815b87e8
instanceKlass org/gradle/api/problems/internal/AdditionalDataBuilder
instanceKlass org/gradle/api/problems/internal/ResolutionFailureDataSpec
instanceKlass  @bci org/gradle/internal/component/resolution/failure/describer/UnknownArtifactSelectionFailureDescriber$Inject $gradleInit ()V 1 <appendix> member <vmtarget> ; # org/gradle/internal/component/resolution/failure/describer/UnknownArtifactSelectionFailureDescriber$Inject$$Lambda+0x000001af815b7d90
instanceKlass  @bci org/gradle/internal/component/resolution/failure/describer/AmbiguousArtifactTransformsFailureDescriber$Inject $gradleInit ()V 1 <appendix> member <vmtarget> ; # org/gradle/internal/component/resolution/failure/describer/AmbiguousArtifactTransformsFailureDescriber$Inject$$Lambda+0x000001af815b78e8
instanceKlass org/gradle/internal/component/resolution/failure/transform/TransformationChainData
instanceKlass org/gradle/internal/component/resolution/failure/transform/TransformData
instanceKlass org/gradle/internal/component/resolution/failure/transform/SourceVariantData
instanceKlass  @bci org/gradle/internal/component/resolution/failure/describer/IncompatibleMultipleNodesValidationFailureDescriber$Inject $gradleInit ()V 1 <appendix> member <vmtarget> ; # org/gradle/internal/component/resolution/failure/describer/IncompatibleMultipleNodesValidationFailureDescriber$Inject$$Lambda+0x000001af815b6828
instanceKlass org/gradle/internal/component/resolution/failure/interfaces/GraphNodesValidationFailure
instanceKlass org/gradle/internal/component/resolution/failure/interfaces/GraphValidationFailure
instanceKlass  @bci org/gradle/internal/component/resolution/failure/describer/NoCompatibleArtifactFailureDescriber$Inject $gradleInit ()V 1 <appendix> member <vmtarget> ; # org/gradle/internal/component/resolution/failure/describer/NoCompatibleArtifactFailureDescriber$Inject$$Lambda+0x000001af815b56e0
instanceKlass  @bci org/gradle/internal/component/resolution/failure/describer/AmbiguousArtifactsFailureDescriber$Inject $gradleInit ()V 1 <appendix> member <vmtarget> ; # org/gradle/internal/component/resolution/failure/describer/AmbiguousArtifactsFailureDescriber$Inject$$Lambda+0x000001af815b4c98
instanceKlass org/gradle/internal/component/resolution/failure/interfaces/ArtifactSelectionFailure
instanceKlass  @bci org/gradle/internal/component/resolution/failure/describer/NoVariantsWithMatchingCapabilitiesFailureDescriber$Inject $gradleInit ()V 1 <appendix> member <vmtarget> ; # org/gradle/internal/component/resolution/failure/describer/NoVariantsWithMatchingCapabilitiesFailureDescriber$Inject$$Lambda+0x000001af815b3b08
instanceKlass  @bci org/gradle/internal/component/resolution/failure/describer/ConfigurationDoesNotExistFailureDescriber$Inject $gradleInit ()V 1 <appendix> member <vmtarget> ; # org/gradle/internal/component/resolution/failure/describer/ConfigurationDoesNotExistFailureDescriber$Inject$$Lambda+0x000001af815b3068
instanceKlass  @bci org/gradle/internal/component/resolution/failure/describer/ConfigurationNotCompatibleFailureDescriber$Inject $gradleInit ()V 1 <appendix> member <vmtarget> ; # org/gradle/internal/component/resolution/failure/describer/ConfigurationNotCompatibleFailureDescriber$Inject$$Lambda+0x000001af815b25d8
instanceKlass org/gradle/internal/component/resolution/failure/interfaces/VariantSelectionByNameFailure
instanceKlass  @bci org/gradle/internal/component/resolution/failure/describer/NoCompatibleVariantsFailureDescriber$Inject $gradleInit ()V 1 <appendix> member <vmtarget> ; # org/gradle/internal/component/resolution/failure/describer/NoCompatibleVariantsFailureDescriber$Inject$$Lambda+0x000001af815b1450
instanceKlass org/gradle/internal/component/resolution/failure/formatting/StyledAttributeDescriber
instanceKlass  @bci org/gradle/internal/component/resolution/failure/describer/AmbiguousVariantsFailureDescriber$Inject $gradleInit ()V 1 <appendix> member <vmtarget> ; # org/gradle/internal/component/resolution/failure/describer/AmbiguousVariantsFailureDescriber$Inject$$Lambda+0x000001af815b0570
instanceKlass  @bci org/gradle/internal/component/resolution/failure/ResolutionFailureDescriberRegistry registerDescriber (Ljava/lang/Class;Ljava/lang/Class;)V 23 <appendix> argL0 ; # org/gradle/internal/component/resolution/failure/ResolutionFailureDescriberRegistry$$Lambda+0x000001af815b0000
instanceKlass  @bci org/gradle/internal/component/resolution/failure/describer/MissingAttributeAmbiguousVariantsFailureDescriber$Inject $gradleInit ()V 1 <appendix> member <vmtarget> ; # org/gradle/internal/component/resolution/failure/describer/MissingAttributeAmbiguousVariantsFailureDescriber$Inject$$Lambda+0x000001af815abcb0
instanceKlass org/gradle/internal/component/resolution/failure/ResolutionCandidateAssessor$AssessedCandidate
instanceKlass org/gradle/internal/component/resolution/failure/ResolutionCandidateAssessor$AssessedAttribute
instanceKlass org/gradle/internal/logging/text/TreeFormatter
instanceKlass org/gradle/internal/component/resolution/failure/describer/AbstractResolutionFailureDescriber
instanceKlass org/gradle/internal/component/resolution/failure/describer/ResolutionFailureDescriber
instanceKlass org/gradle/internal/component/resolution/failure/type/AbstractResolutionFailure
instanceKlass org/gradle/internal/component/resolution/failure/interfaces/VariantSelectionByAttributesFailure
instanceKlass org/gradle/internal/component/resolution/failure/interfaces/VariantSelectionFailure
instanceKlass org/gradle/internal/component/resolution/failure/ResolutionFailureDescriberRegistry
instanceKlass org/gradle/internal/component/resolution/failure/interfaces/ResolutionFailure
instanceKlass  @bci org/gradle/internal/model/InMemoryCacheFactory$IdentityLoadingCache <init> (ILjava/util/function/Function;)V 11 <appendix> member <vmtarget> ; # org/gradle/internal/model/InMemoryCacheFactory$IdentityLoadingCache$$Lambda+0x000001af81597c28
instanceKlass org/gradle/internal/model/InMemoryCacheFactory$IdentityKey
instanceKlass org/gradle/internal/model/InMemoryCacheFactory$IdentityLoadingCache
instanceKlass  @bci org/gradle/api/internal/attributes/AttributeSchemaServices <init> (Lorg/gradle/api/internal/attributes/immutable/ImmutableAttributesSchemaFactory;Lorg/gradle/api/internal/attributes/immutable/artifact/ImmutableArtifactTypeRegistryFactory;Lorg/gradle/internal/model/InMemoryCacheFactory;)V 22 <appendix> member <vmtarget> ; # org/gradle/api/internal/attributes/AttributeSchemaServices$$Lambda+0x000001af815a9730
instanceKlass org/gradle/api/internal/attributes/matching/DefaultAttributeMatcher
instanceKlass org/gradle/api/internal/attributes/matching/AttributeMatcher
instanceKlass org/gradle/api/internal/artifacts/ivyservice/resolveengine/excludes/simple/DefaultExcludeNothing
instanceKlass org/gradle/api/internal/artifacts/ivyservice/resolveengine/excludes/specs/ExcludeNothing
instanceKlass org/gradle/api/internal/artifacts/ivyservice/resolveengine/excludes/factories/Unions
instanceKlass org/gradle/api/internal/artifacts/ivyservice/resolveengine/excludes/specs/ModuleExclude
instanceKlass org/gradle/api/internal/artifacts/ivyservice/resolveengine/excludes/specs/ModuleIdSetExclude
instanceKlass org/gradle/api/internal/artifacts/ivyservice/resolveengine/excludes/specs/ModuleIdExclude
instanceKlass org/gradle/api/internal/artifacts/ivyservice/resolveengine/excludes/specs/GroupExclude
instanceKlass org/gradle/api/internal/artifacts/ivyservice/resolveengine/excludes/specs/ExcludeAnyOf
instanceKlass org/gradle/api/internal/artifacts/ivyservice/resolveengine/excludes/specs/CompositeExclude
instanceKlass org/gradle/api/internal/artifacts/ivyservice/resolveengine/excludes/factories/AbstractIntersection
instanceKlass org/gradle/api/internal/artifacts/ivyservice/resolveengine/excludes/factories/Intersection
instanceKlass org/gradle/api/internal/artifacts/ivyservice/resolveengine/excludes/factories/Intersections
instanceKlass org/gradle/api/internal/artifacts/ivyservice/resolveengine/excludes/specs/GroupSetExclude
instanceKlass org/gradle/api/internal/artifacts/ivyservice/resolveengine/excludes/specs/ModuleSetExclude
instanceKlass org/gradle/api/internal/artifacts/ivyservice/resolveengine/excludes/simple/DefaultExcludeFactory
instanceKlass org/gradle/api/internal/artifacts/ivyservice/resolveengine/excludes/factories/DelegatingExcludeFactory
instanceKlass org/gradle/api/internal/artifacts/ivyservice/resolveengine/excludes/factories/CachingExcludeFactory$ConcurrentCache
instanceKlass org/gradle/api/internal/artifacts/ivyservice/resolveengine/excludes/factories/CachingExcludeFactory$MergeCaches
instanceKlass org/gradle/api/internal/artifacts/ivyservice/resolveengine/excludes/factories/ExcludeFactory
instanceKlass  @bci org/gradle/api/internal/artifacts/DefaultDependencyManagementServices$DependencyResolutionScopeServices createRepositoriesSupplier (Lorg/gradle/api/artifacts/dsl/RepositoryHandler;Lorg/gradle/internal/management/DependencyResolutionManagementInternal;Lorg/gradle/api/internal/DomainObjectContext;)Lorg/gradle/api/internal/artifacts/RepositoriesSupplier; 3 <appendix> member <vmtarget> ; # org/gradle/api/internal/artifacts/DefaultDependencyManagementServices$DependencyResolutionScopeServices$$Lambda+0x000001af8159f790
instanceKlass  @bci org/gradle/api/internal/artifacts/dsl/DefaultRepositoryHandler_Decorated $gradleInit ()V 1 <appendix> member <vmtarget> ; # org/gradle/api/internal/artifacts/dsl/DefaultRepositoryHandler_Decorated$$Lambda+0x000001af8159f568
instanceKlass  @bci org/gradle/api/internal/artifacts/DefaultArtifactRepositoryContainer <init> (Lorg/gradle/internal/reflect/Instantiator;Lorg/gradle/api/internal/CollectionCallbackActionDecorator;)V 28 <appendix> member <vmtarget> ; # org/gradle/api/internal/artifacts/DefaultArtifactRepositoryContainer$$Lambda+0x000001af8159f330
instanceKlass  @bci org/gradle/api/internal/artifacts/DefaultArtifactRepositoryContainer <init> (Lorg/gradle/internal/reflect/Instantiator;Lorg/gradle/api/internal/CollectionCallbackActionDecorator;)V 18 <appendix> member <vmtarget> ; # org/gradle/api/internal/artifacts/DefaultArtifactRepositoryContainer$$Lambda+0x000001af8159f108
instanceKlass org/gradle/api/internal/collections/AbstractIterationOrderRetainingElementSource$RealizedElementCollectionIterator
instanceKlass  @bci org/gradle/api/internal/collections/ListElementSource <clinit> ()V 0 <appendix> argL0 ; # org/gradle/api/internal/collections/ListElementSource$$Lambda+0x000001af81597068
instanceKlass org/gradle/api/internal/artifacts/DefaultArtifactRepositoryContainer$RepositoryNamer
instanceKlass org/gradle/api/artifacts/repositories/IvyArtifactRepository
instanceKlass org/gradle/api/artifacts/repositories/RepositoryContentDescriptor
instanceKlass org/gradle/api/artifacts/repositories/InclusiveRepositoryContentDescriptor
instanceKlass org/gradle/api/artifacts/repositories/FlatDirectoryArtifactRepository
instanceKlass org/gradle/api/artifacts/repositories/MavenArtifactRepository
instanceKlass org/gradle/api/artifacts/repositories/MetadataSupplierAware
instanceKlass org/gradle/api/artifacts/repositories/AuthenticationSupported
instanceKlass org/gradle/api/artifacts/repositories/UrlArtifactRepository
instanceKlass org/gradle/api/internal/collections/IndexedElementSource
instanceKlass org/gradle/api/internal/artifacts/dsl/RepositoryHandlerInternal
# instanceKlass java/lang/invoke/LambdaForm$MH+0x000001af8159d800
# instanceKlass java/lang/invoke/LambdaForm$MH+0x000001af8159d400
instanceKlass org/gradle/api/internal/artifacts/ivyservice/ivyresolve/parser/GradleModuleMetadataParser
instanceKlass org/gradle/api/internal/artifacts/ivyservice/ivyresolve/strategy/MavenVersionSelectorScheme
instanceKlass org/gradle/api/internal/artifacts/ivyservice/ivyresolve/parser/PomParent
instanceKlass org/gradle/api/internal/artifacts/ivyservice/ivyresolve/parser/AbstractModuleDescriptorParser
instanceKlass org/gradle/api/artifacts/repositories/AuthenticationContainer
instanceKlass org/gradle/api/internal/artifacts/repositories/DefaultBaseRepositoryFactory
# instanceKlass java/lang/invoke/LambdaForm$MH+0x000001af8159d000
# instanceKlass java/lang/invoke/LambdaForm$MH+0x000001af8159cc00
# instanceKlass java/lang/invoke/LambdaForm$MH+0x000001af8159c800
# instanceKlass java/lang/invoke/LambdaForm$MH+0x000001af8159c400
# instanceKlass java/lang/invoke/LambdaForm$MH+0x000001af8159c000
# instanceKlass java/lang/invoke/LambdaForm$MH+0x000001af8159bc00
# instanceKlass java/lang/invoke/LambdaForm$MH+0x000001af8159b800
# instanceKlass java/lang/invoke/LambdaForm$MH+0x000001af8159b400
# instanceKlass java/lang/invoke/LambdaForm$MH+0x000001af8159b000
# instanceKlass java/lang/invoke/LambdaForm$MH+0x000001af8159ac00
# instanceKlass java/lang/invoke/LambdaForm$MH+0x000001af8159a800
# instanceKlass java/lang/invoke/LambdaForm$MH+0x000001af8159a400
# instanceKlass java/lang/invoke/LambdaForm$MH+0x000001af8159a000
# instanceKlass java/lang/invoke/LambdaForm$MH+0x000001af81599c00
# instanceKlass java/lang/invoke/LambdaForm$MH+0x000001af81599800
# instanceKlass java/lang/invoke/LambdaForm$MH+0x000001af81599400
# instanceKlass java/lang/invoke/LambdaForm$MH+0x000001af81599000
# instanceKlass java/lang/invoke/LambdaForm$MH+0x000001af81598c00
# instanceKlass java/lang/invoke/LambdaForm$MH+0x000001af81598800
# instanceKlass java/lang/invoke/LambdaForm$MH+0x000001af81598400
# instanceKlass java/lang/invoke/LambdaForm$MH+0x000001af81598000
# instanceKlass java/lang/invoke/LambdaForm$MH+0x000001af81591c00
# instanceKlass java/lang/invoke/LambdaForm$MH+0x000001af81001c00
instanceKlass org/gradle/internal/component/external/descriptor/Configuration
instanceKlass org/gradle/api/internal/artifacts/repositories/metadata/DefaultMavenAttributesFactory
# instanceKlass java/lang/invoke/LambdaForm$MH+0x000001af81002000
instanceKlass org/gradle/api/internal/attributes/immutable/ImmutableAttributesSchema$ImmutableAttributeMatchingStrategy$ChainedDisambiguationRule
instanceKlass org/gradle/api/internal/attributes/immutable/ImmutableAttributesSchema$ImmutableAttributeMatchingStrategy$ChainedCompatibilityRule
instanceKlass org/gradle/api/internal/attributes/CompatibilityRule
instanceKlass org/gradle/api/internal/attributes/DisambiguationRule
instanceKlass org/gradle/api/internal/attributes/immutable/ImmutableAttributesSchema$ImmutableAttributeMatchingStrategy
instanceKlass org/gradle/internal/component/external/model/PreferJavaRuntimeVariant$PreferJarVariantUsageDisambiguationRule
instanceKlass org/gradle/internal/component/external/model/PreferJavaRuntimeVariant$PreferRuntimeVariantUsageDisambiguationRule
instanceKlass org/gradle/internal/resource/local/CompositeLocallyAvailableResourceFinder
instanceKlass org/gradle/internal/resource/local/ivy/PatternBasedLocallyAvailableResourceFinder$1
instanceKlass org/gradle/util/internal/MavenUtil
instanceKlass org/gradle/api/internal/artifacts/repositories/resolver/AbstractResourcePattern
instanceKlass  @bci org/gradle/internal/resource/local/LocallyAvailableResourceFinderSearchableFileStoreAdapter <init> (Lorg/gradle/internal/resource/local/FileStoreSearcher;Lorg/gradle/internal/hash/ChecksumService;)V 2 <appendix> member <vmtarget> ; # org/gradle/internal/resource/local/LocallyAvailableResourceFinderSearchableFileStoreAdapter$$Lambda+0x000001af81594000
instanceKlass  @bci org/gradle/internal/resource/local/ivy/LocallyAvailableResourceFinderFactory create ()Lorg/gradle/internal/resource/local/LocallyAvailableResourceFinder; 14 <appendix> member <vmtarget> ; # org/gradle/internal/resource/local/ivy/LocallyAvailableResourceFinderFactory$$Lambda+0x000001af8158e570
instanceKlass org/gradle/internal/resource/local/LocallyAvailableResourceCandidates
instanceKlass org/gradle/internal/resource/local/AbstractLocallyAvailableResourceFinder
instanceKlass  @bci org/gradle/internal/resource/local/ivy/LocallyAvailableResourceFinderFactory buildRootCachesDirectories (Lorg/gradle/api/internal/artifacts/ivyservice/ArtifactCachesProvider;)Ljava/util/List; 14 <appendix> member <vmtarget> ; # org/gradle/internal/resource/local/ivy/LocallyAvailableResourceFinderFactory$$Lambda+0x000001af8158e338
instanceKlass org/gradle/api/internal/artifacts/repositories/resolver/ResourcePattern
instanceKlass org/gradle/internal/resource/local/ivy/LocallyAvailableResourceFinderFactory
instanceKlass org/gradle/api/internal/artifacts/mvnsettings/DefaultLocalMavenRepositoryLocator$CurrentSystemPropertyAccess
instanceKlass org/gradle/api/internal/artifacts/mvnsettings/DefaultLocalMavenRepositoryLocator$SystemPropertyAccess
instanceKlass org/gradle/api/internal/artifacts/mvnsettings/DefaultLocalMavenRepositoryLocator
instanceKlass org/gradle/api/internal/artifacts/mvnsettings/DefaultMavenFileLocations
instanceKlass org/apache/maven/settings/io/SettingsReader
instanceKlass org/apache/maven/settings/building/SettingsBuildingRequest
instanceKlass org/gradle/api/internal/artifacts/mvnsettings/DefaultMavenSettingsProvider
# instanceKlass java/lang/invoke/LambdaForm$MH+0x000001af81591800
# instanceKlass java/lang/invoke/LambdaForm$MH+0x000001af81591400
# instanceKlass java/lang/invoke/LambdaForm$MH+0x000001af81591000
# instanceKlass java/lang/invoke/LambdaForm$MH+0x000001af81590c00
# instanceKlass java/lang/invoke/LambdaForm$MH+0x000001af81590800
instanceKlass  @bci org/gradle/api/internal/attributes/immutable/ImmutableAttributesSchemaFactory <init> (Lorg/gradle/internal/model/InMemoryCacheFactory;)V 28 <appendix> member <vmtarget> ; # org/gradle/api/internal/attributes/immutable/ImmutableAttributesSchemaFactory$$Lambda+0x000001af8158c8f0
instanceKlass org/gradle/api/internal/attributes/immutable/ImmutableAttributesSchemaFactory$SchemaPair
instanceKlass org/gradle/api/internal/attributes/immutable/ImmutableAttributesSchema
instanceKlass org/gradle/internal/model/InMemoryCacheFactory$DefaultInterner
# instanceKlass java/lang/invoke/LambdaForm$MH+0x000001af81590400
# instanceKlass java/lang/invoke/LambdaForm$MH+0x000001af81590000
# instanceKlass java/lang/invoke/LambdaForm$MH+0x000001af8158bc00
# instanceKlass java/lang/invoke/LambdaForm$MH+0x000001af8158b800
instanceKlass org/gradle/util/internal/WrapUtil
instanceKlass org/gradle/api/internal/artifacts/ivyservice/moduleconverter/dependencies/AbstractDependencyMetadataConverter
instanceKlass org/gradle/api/internal/artifacts/ivyservice/moduleconverter/dependencies/DependencyMetadataConverter
instanceKlass org/gradle/internal/component/model/LocalOriginDependencyMetadata
instanceKlass org/gradle/internal/component/model/ForcingDependencyMetadata
instanceKlass org/gradle/internal/component/model/DependencyMetadata
instanceKlass org/gradle/api/internal/artifacts/ivyservice/moduleconverter/dependencies/DefaultDependencyMetadataFactory
# instanceKlass java/lang/invoke/LambdaForm$MH+0x000001af8158b400
# instanceKlass java/lang/invoke/LambdaForm$MH+0x000001af8158b000
# instanceKlass java/lang/invoke/LambdaForm$MH+0x000001af8158ac00
instanceKlass org/gradle/vcs/internal/resolver/OncePerBuildInvocationVcsVersionWorkingDirResolver
instanceKlass org/gradle/vcs/internal/resolver/DefaultVcsVersionWorkingDirResolver
# instanceKlass java/lang/invoke/LambdaForm$MH+0x000001af8158a800
# instanceKlass java/lang/invoke/LambdaForm$MH+0x000001af8158a400
# instanceKlass java/lang/invoke/LambdaForm$MH+0x000001af8158a000
# instanceKlass java/lang/invoke/LambdaForm$MH+0x000001af81589c00
# instanceKlass java/lang/invoke/LambdaForm$MH+0x000001af81589800
# instanceKlass java/lang/invoke/LambdaForm$MH+0x000001af81589400
# instanceKlass java/lang/invoke/LambdaForm$MH+0x000001af81589000
instanceKlass org/gradle/vcs/internal/VersionRef
instanceKlass org/gradle/vcs/internal/resolver/PersistentVcsMetadataCache$VersionRefSerializer
instanceKlass org/gradle/api/internal/artifacts/ivyservice/ivyresolve/strategy/CachingVersionSelectorScheme
instanceKlass org/gradle/api/internal/artifacts/ivyservice/ivyresolve/strategy/VersionSelector
instanceKlass org/gradle/api/internal/artifacts/ivyservice/ivyresolve/strategy/DefaultVersionSelectorScheme
instanceKlass org/gradle/api/internal/artifacts/ivyservice/ivyresolve/strategy/StaticVersionComparator
instanceKlass org/gradle/api/internal/artifacts/ivyservice/ivyresolve/strategy/DefaultVersionComparator
instanceKlass  @bci org/gradle/cache/internal/DefaultCacheCleanupStrategyFactory daily (Lorg/gradle/cache/CleanupAction;)Lorg/gradle/cache/CacheCleanupStrategy; 5 <appendix> argL0 ; # org/gradle/cache/internal/DefaultCacheCleanupStrategyFactory$$Lambda+0x000001af815871f8
instanceKlass org/gradle/internal/time/TimestampSuppliers$1
instanceKlass org/gradle/internal/time/TimestampSuppliers
instanceKlass org/gradle/internal/file/nio/ModificationTimeFileAccessTimeJournal
instanceKlass org/gradle/vcs/internal/DefaultVcsMappingsStore
instanceKlass org/gradle/vcs/internal/DefaultVcsMappingFactory
# instanceKlass java/lang/invoke/LambdaForm$MH+0x000001af81588c00
# instanceKlass java/lang/invoke/LambdaForm$MH+0x000001af81588800
# instanceKlass java/lang/invoke/LambdaForm$MH+0x000001af81588400
# instanceKlass java/lang/invoke/LambdaForm$MH+0x000001af81588000
# instanceKlass java/lang/invoke/LambdaForm$MH+0x000001af81585c00
instanceKlass org/gradle/vcs/internal/services/DefaultVersionControlSpecFactory
instanceKlass org/gradle/internal/typeconversion/CharSequenceNotationConverter
instanceKlass org/gradle/api/internal/notations/ModuleIdentifierNotationConverter
instanceKlass org/gradle/internal/time/TimeFormatting
instanceKlass org/gradle/util/internal/NameValidator
instanceKlass org/codehaus/groovy/runtime/typehandling/DefaultTypeTransformation
instanceKlass org/codehaus/groovy/runtime/wrappers/Wrapper
instanceKlass org/codehaus/groovy/runtime/ScriptBytecodeAdapter
instanceKlass org/gradle/internal/classpath/declarations/GroovyDynamicDispatchInterceptors
instanceKlass org/codehaus/groovy/reflection/AccessPermissionChecker
instanceKlass  @bci org/codehaus/groovy/reflection/ReflectionUtils makeAccessibleInPrivilegedAction (Ljava/lang/reflect/AccessibleObject;)Ljava/util/Optional; 1 <appendix> member <vmtarget> ; # org/codehaus/groovy/reflection/ReflectionUtils$$Lambda+0x000001af81582ef0
instanceKlass org/gradle/api/initialization/ConfigurableIncludedBuild
instanceKlass org/gradle/internal/metaobject/DynamicInvokeResult
# instanceKlass java/lang/invoke/LambdaForm$MH+0x000001af81585800
# instanceKlass java/lang/invoke/LambdaForm$MH+0x000001af81585400
# instanceKlass java/lang/invoke/LambdaForm$MH+0x000001af81585000
# instanceKlass java/lang/invoke/LambdaForm$MH+0x000001af81584c00
# instanceKlass java/lang/invoke/LambdaForm$DMH+0x000001af81584800
# instanceKlass java/lang/invoke/LambdaForm$DMH+0x000001af81584400
instanceKlass sun/invoke/util/ValueConversions$1
instanceKlass org/gradle/internal/metaobject/InstrumentedMetaClass
instanceKlass  @bci org/gradle/internal/classpath/intercept/CallInterceptorResolver$ClosureCallInterceptorResolver <clinit> ()V 3 <appendix> argL0 ; # org/gradle/internal/classpath/intercept/CallInterceptorResolver$ClosureCallInterceptorResolver$$Lambda+0x000001af81582420
instanceKlass org/gradle/internal/classpath/intercept/CallInterceptorResolver$ClosureCallInterceptorResolver
instanceKlass  @bci org/gradle/internal/metaobject/BeanDynamicObject$MetaClassAdapter maybeAddCallInterceptionHooksToMetaclass (Ljava/lang/String;)V 14 <adapter> ; # java/lang/invoke/LambdaForm$MH+0x000001af81584000
instanceKlass org/gradle/api/internal/file/copy/CopySpecInternal
instanceKlass org/gradle/api/file/SyncSpec
instanceKlass org/gradle/api/internal/file/copy/CopyAction
instanceKlass org/gradle/api/internal/file/copy/FileCopier
instanceKlass org/gradle/api/internal/resources/DefaultResourceHandler
instanceKlass org/gradle/api/resources/TextResource
instanceKlass org/gradle/api/internal/resources/DefaultTextResourceFactory
instanceKlass org/gradle/api/internal/resources/DefaultResourceResolver
instanceKlass org/gradle/api/internal/resources/ResourceResolver
instanceKlass org/gradle/api/resources/TextResourceFactory
instanceKlass org/gradle/api/internal/resources/DefaultResourceHandler$Factory$FactoryImpl
instanceKlass org/gradle/api/internal/file/archive/DefaultDecompressionCoordinator
instanceKlass  @bci org/gradle/api/internal/provider/DefaultProviderFactory_Decorated $gradleInit ()V 1 <appendix> member <vmtarget> ; # org/gradle/api/internal/provider/DefaultProviderFactory_Decorated$$Lambda+0x000001af8157e800
instanceKlass org/gradle/api/internal/provider/CredentialsProviderFactory
instanceKlass org/gradle/api/provider/ValueSourceSpec
instanceKlass org/gradle/api/file/FileContents
instanceKlass org/gradle/process/ExecOutput
instanceKlass org/gradle/api/internal/provider/DefaultProviderFactory
# instanceKlass java/lang/invoke/LambdaForm$MH+0x000001af8157e400
# instanceKlass java/lang/invoke/LambdaForm$MH+0x000001af8157e000
# instanceKlass java/lang/invoke/LambdaForm$MH+0x000001af8157dc00
# instanceKlass java/lang/invoke/LambdaForm$MH+0x000001af8157d800
# instanceKlass java/lang/invoke/LambdaForm$MH+0x000001af8157d400
# instanceKlass java/lang/invoke/LambdaForm$MH+0x000001af8157d000
instanceKlass org/gradle/api/internal/provider/sources/process/DelegatingExecSpec
instanceKlass org/gradle/api/internal/provider/sources/process/DelegatingJavaExecSpec
instanceKlass org/gradle/api/internal/provider/sources/process/ProviderCompatibleBaseExecSpec
instanceKlass org/gradle/api/internal/provider/sources/process/DelegatingBaseExecSpec
instanceKlass org/gradle/process/internal/DefaultExecSpecFactory
instanceKlass org/gradle/api/internal/provider/ValueSourceProviderFactory$ComputationListener
instanceKlass org/gradle/api/internal/provider/ValueSourceProviderFactory$ValueListener
instanceKlass org/gradle/api/provider/ValueSourceParameters$None
instanceKlass org/gradle/api/provider/ValueSourceParameters
instanceKlass org/gradle/api/provider/ValueSource
instanceKlass org/gradle/internal/isolated/IsolationScheme
instanceKlass org/gradle/api/internal/provider/DefaultValueSourceProviderFactory
# instanceKlass java/lang/invoke/LambdaForm$MH+0x000001af8157cc00
# instanceKlass java/lang/invoke/LambdaForm$MH+0x000001af8157c800
# instanceKlass java/lang/invoke/LambdaForm$MH+0x000001af8157c400
# instanceKlass java/lang/invoke/LambdaForm$MH+0x000001af8157c000
# instanceKlass java/lang/invoke/LambdaForm$MH+0x000001af8157bc00
# instanceKlass java/lang/invoke/LambdaForm$MH+0x000001af8157b800
# instanceKlass java/lang/invoke/LambdaForm$MH+0x000001af8157b400
# instanceKlass java/lang/invoke/LambdaForm$MH+0x000001af8157b000
# instanceKlass java/lang/invoke/LambdaForm$MH+0x000001af8157ac00
# instanceKlass java/lang/invoke/LambdaForm$MH+0x000001af8157a800
# instanceKlass java/lang/invoke/LambdaForm$MH+0x000001af8157a400
# instanceKlass java/lang/invoke/LambdaForm$MH+0x000001af8157a000
# instanceKlass java/lang/invoke/LambdaForm$MH+0x000001af81579c00
# instanceKlass java/lang/invoke/LambdaForm$MH+0x000001af81579800
# instanceKlass java/lang/invoke/LambdaForm$MH+0x000001af81579400
# instanceKlass java/lang/invoke/LambdaForm$MH+0x000001af81579000
# instanceKlass java/lang/invoke/LambdaForm$MH+0x000001af81578c00
# instanceKlass java/lang/invoke/LambdaForm$MH+0x000001af81578800
# instanceKlass java/lang/invoke/LambdaForm$MH+0x000001af81578400
# instanceKlass java/lang/invoke/LambdaForm$MH+0x000001af81578000
# instanceKlass java/lang/invoke/LambdaForm$MH+0x000001af81573c00
# instanceKlass java/lang/invoke/LambdaForm$MH+0x000001af81573800
instanceKlass org/gradle/process/internal/DefaultExecActionFactory$BuilderImpl
instanceKlass org/gradle/process/internal/ExecFactory$Builder
# instanceKlass java/lang/invoke/LambdaForm$MH+0x000001af81573400
# instanceKlass java/lang/invoke/LambdaForm$MH+0x000001af81573000
# instanceKlass java/lang/invoke/LambdaForm$MH+0x000001af81572c00
# instanceKlass java/lang/invoke/LambdaForm$MH+0x000001af81572800
# instanceKlass java/lang/invoke/LambdaForm$MH+0x000001af81572400
# instanceKlass java/lang/invoke/LambdaForm$MH+0x000001af81572000
instanceKlass org/gradle/cache/internal/DefaultFileContentCacheFactory$DefaultFileContentCache
instanceKlass org/gradle/internal/jvm/JavaModuleDetector$ModuleInfoLocator
instanceKlass org/gradle/cache/internal/FileContentCache
instanceKlass org/gradle/cache/internal/DefaultFileContentCacheFactory
# instanceKlass java/lang/invoke/LambdaForm$MH+0x000001af81571c00
# instanceKlass java/lang/invoke/LambdaForm$MH+0x000001af81571800
# instanceKlass java/lang/invoke/LambdaForm$MH+0x000001af81571400
# instanceKlass java/lang/invoke/LambdaForm$MH+0x000001af81571000
# instanceKlass java/lang/invoke/LambdaForm$MH+0x000001af81570c00
instanceKlass org/gradle/process/internal/ExecHandleBuilder
instanceKlass org/gradle/process/internal/JavaForkOptionsInternal
instanceKlass org/gradle/process/internal/ExecHandleListener
instanceKlass org/gradle/process/internal/ExecAction
instanceKlass org/gradle/process/internal/JavaExecAction
instanceKlass org/gradle/process/internal/DefaultExecActionFactory
# instanceKlass java/lang/invoke/LambdaForm$MH+0x000001af81570800
# instanceKlass java/lang/invoke/LambdaForm$MH+0x000001af81570400
# instanceKlass java/lang/invoke/LambdaForm$MH+0x000001af81570000
# instanceKlass java/lang/invoke/LambdaForm$MH+0x000001af8156fc00
# instanceKlass java/lang/invoke/LambdaForm$MH+0x000001af8156f800
# instanceKlass java/lang/invoke/LambdaForm$MH+0x000001af8156f400
# instanceKlass java/lang/invoke/LambdaForm$MH+0x000001af8156f000
# instanceKlass java/lang/invoke/LambdaForm$MH+0x000001af8156ec00
instanceKlass  @bci org/gradle/api/internal/artifacts/DependencyManagementBuildScopeServices createTextUrlResourceLoaderFactory (Lorg/gradle/api/internal/artifacts/ivyservice/modulecache/FileStoreAndIndexProvider;Lorg/gradle/api/internal/artifacts/repositories/transport/RepositoryTransportFactory;Lorg/gradle/internal/file/RelativeFilePathResolver;)Lorg/gradle/internal/resource/TextUriResourceLoader$Factory; 24 <appendix> member <vmtarget> ; # org/gradle/api/internal/artifacts/DependencyManagementBuildScopeServices$$Lambda+0x000001af81569140
instanceKlass org/gradle/api/internal/artifacts/repositories/transport/RepositoryTransport
instanceKlass org/gradle/api/internal/artifacts/ivyservice/resolutionstrategy/ExternalResourceCachePolicy
instanceKlass org/gradle/internal/resource/connector/ResourceConnectorSpecification
instanceKlass  @bci org/gradle/api/internal/artifacts/DependencyManagementBuildScopeServices createRepositoryTransportFactory (Lorg/gradle/api/internal/file/temp/TemporaryFileProvider;Lorg/gradle/api/internal/artifacts/ivyservice/modulecache/FileStoreAndIndexProvider;Lorg/gradle/util/internal/BuildCommencedTimeProvider;Lorg/gradle/api/internal/artifacts/ivyservice/ArtifactCachesProvider;Ljava/util/List;Lorg/gradle/internal/operations/BuildOperationRunner;Lorg/gradle/cache/internal/ProducerGuard;Lorg/gradle/internal/resource/local/FileResourceRepository;Lorg/gradle/internal/hash/ChecksumService;Lorg/gradle/api/internal/artifacts/ivyservice/ivyresolve/StartParameterResolutionOverride;)Lorg/gradle/api/internal/artifacts/repositories/transport/RepositoryTransportFactory; 17 <appendix> member <vmtarget> ; # org/gradle/api/internal/artifacts/DependencyManagementBuildScopeServices$$Lambda+0x000001af81568b08
# instanceKlass java/lang/invoke/LambdaForm$MH+0x000001af8156e800
# instanceKlass java/lang/invoke/LambdaForm$MH+0x000001af8156e400
# instanceKlass java/lang/invoke/LambdaForm$MH+0x000001af8156e000
# instanceKlass java/lang/invoke/LambdaForm$MH+0x000001af8156dc00
# instanceKlass java/lang/invoke/LambdaForm$MH+0x000001af8156d800
# instanceKlass java/lang/invoke/LambdaForm$MH+0x000001af8156d400
# instanceKlass java/lang/invoke/LambdaForm$MH+0x000001af8156d000
# instanceKlass java/lang/invoke/LambdaForm$MH+0x000001af8156cc00
# instanceKlass java/lang/invoke/LambdaForm$MH+0x000001af8156c800
# instanceKlass java/lang/invoke/LambdaForm$MH+0x000001af8156c400
# instanceKlass java/lang/invoke/LambdaForm$MH+0x000001af8156c000
instanceKlass  @bci org/gradle/api/internal/artifacts/DependencyManagementBuildTreeScopeServices createFileStoreAndIndexProvider (Lorg/gradle/util/internal/BuildCommencedTimeProvider;Lorg/gradle/api/internal/artifacts/ivyservice/ArtifactCachesProvider;Lorg/gradle/internal/resource/cached/DefaultExternalResourceFileStore$Factory;Lorg/gradle/api/internal/filestore/DefaultArtifactIdentifierFileStore$Factory;)Lorg/gradle/api/internal/artifacts/ivyservice/modulecache/FileStoreAndIndexProvider; 111 <appendix> member <vmtarget> ; # org/gradle/api/internal/artifacts/DependencyManagementBuildTreeScopeServices$$Lambda+0x000001af815688d0
instanceKlass  @bci org/gradle/api/internal/artifacts/DependencyManagementBuildTreeScopeServices createFileStoreAndIndexProvider (Lorg/gradle/util/internal/BuildCommencedTimeProvider;Lorg/gradle/api/internal/artifacts/ivyservice/ArtifactCachesProvider;Lorg/gradle/internal/resource/cached/DefaultExternalResourceFileStore$Factory;Lorg/gradle/api/internal/filestore/DefaultArtifactIdentifierFileStore$Factory;)Lorg/gradle/api/internal/artifacts/ivyservice/modulecache/FileStoreAndIndexProvider; 80 <appendix> member <vmtarget> ; # org/gradle/api/internal/artifacts/DependencyManagementBuildTreeScopeServices$$Lambda+0x000001af81568698
instanceKlass  @bci org/gradle/api/internal/filestore/DefaultArtifactIdentifierFileStore <clinit> ()V 10 <appendix> argL0 ; # org/gradle/api/internal/filestore/DefaultArtifactIdentifierFileStore$$Lambda+0x000001af81568478
instanceKlass org/gradle/api/internal/filestore/DefaultArtifactIdentifierFileStore$1
instanceKlass  @bci org/gradle/api/internal/artifacts/DependencyManagementBuildTreeScopeServices createFileStoreAndIndexProvider (Lorg/gradle/util/internal/BuildCommencedTimeProvider;Lorg/gradle/api/internal/artifacts/ivyservice/ArtifactCachesProvider;Lorg/gradle/internal/resource/cached/DefaultExternalResourceFileStore$Factory;Lorg/gradle/api/internal/filestore/DefaultArtifactIdentifierFileStore$Factory;)Lorg/gradle/api/internal/artifacts/ivyservice/modulecache/FileStoreAndIndexProvider; 60 <appendix> member <vmtarget> ; # org/gradle/api/internal/artifacts/DependencyManagementBuildTreeScopeServices$$Lambda+0x000001af81568000
instanceKlass org/gradle/internal/resource/cached/CachedExternalResource
instanceKlass org/gradle/internal/resource/metadata/ExternalResourceMetaData
instanceKlass org/gradle/internal/resource/cached/DefaultCachedExternalResourceIndex$CachedExternalResourceSerializer
instanceKlass org/gradle/internal/resource/cached/CachedItem
instanceKlass  @bci org/gradle/api/internal/artifacts/ivyservice/ArtifactCachesProvider withReadOnlyCache (Ljava/util/function/BiFunction;)Ljava/util/Optional; 8 <appendix> member <vmtarget> ; # org/gradle/api/internal/artifacts/ivyservice/ArtifactCachesProvider$$Lambda+0x000001af81487c70
instanceKlass  @cpi org/gradle/api/internal/artifacts/ivyservice/ArtifactCachesProvider 87 form vmentry <vmtarget> ; # java/lang/invoke/LambdaForm$DMH+0x000001af81565400
instanceKlass  @bci org/gradle/api/internal/artifacts/DependencyManagementBuildTreeScopeServices createFileStoreAndIndexProvider (Lorg/gradle/util/internal/BuildCommencedTimeProvider;Lorg/gradle/api/internal/artifacts/ivyservice/ArtifactCachesProvider;Lorg/gradle/internal/resource/cached/DefaultExternalResourceFileStore$Factory;Lorg/gradle/api/internal/filestore/DefaultArtifactIdentifierFileStore$Factory;)Lorg/gradle/api/internal/artifacts/ivyservice/modulecache/FileStoreAndIndexProvider; 16 <appendix> member <vmtarget> ; # org/gradle/api/internal/artifacts/DependencyManagementBuildTreeScopeServices$$Lambda+0x000001af81487a38
instanceKlass org/gradle/internal/resource/local/LocallyAvailableResource
instanceKlass org/gradle/internal/resource/local/DefaultPathKeyFileStore
instanceKlass  @bci org/gradle/internal/resource/cached/DefaultExternalResourceFileStore <clinit> ()V 10 <appendix> argL0 ; # org/gradle/internal/resource/cached/DefaultExternalResourceFileStore$$Lambda+0x000001af81487818
instanceKlass org/gradle/internal/resource/cached/DefaultExternalResourceFileStore$1
instanceKlass org/gradle/internal/resource/local/GroupedAndNamedUniqueFileStore$Grouper
instanceKlass org/gradle/internal/resource/local/PathKeyFileStore
instanceKlass org/gradle/internal/hash/ChecksumHasher
instanceKlass org/gradle/internal/hash/DefaultChecksumService
# instanceKlass java/lang/invoke/LambdaForm$MH+0x000001af81565000
# instanceKlass java/lang/invoke/LambdaForm$MH+0x000001af81564c00
# instanceKlass java/lang/invoke/LambdaForm$MH+0x000001af81564800
# instanceKlass java/lang/invoke/LambdaForm$MH+0x000001af81564400
# instanceKlass java/lang/invoke/LambdaForm$MH+0x000001af81564000
instanceKlass org/gradle/internal/resource/transport/sftp/SftpConnectorFactory
instanceKlass org/gradle/internal/resource/transport/sftp/LockableSftpClient
instanceKlass com/jcraft/jsch/HostKeyRepository
instanceKlass com/jcraft/jsch/Logger
instanceKlass org/gradle/internal/resource/transport/sftp/SftpClientFactory$SftpClientCreator
instanceKlass org/gradle/internal/resource/transport/http/HttpConnectorFactory
instanceKlass  @bci org/gradle/internal/resource/transport/http/HttpClientHelper$Factory createFactory (Lorg/gradle/api/internal/DocumentationRegistry;)Lorg/gradle/internal/resource/transport/http/HttpClientHelper$Factory; 1 <appendix> member <vmtarget> ; # org/gradle/internal/resource/transport/http/HttpClientHelper$Factory$$Lambda+0x000001af81562cd8
instanceKlass org/gradle/internal/resource/transport/http/HttpClientHelper
instanceKlass org/gradle/internal/resource/transport/http/HttpSettings
instanceKlass java/security/CodeSigner
instanceKlass org/gradle/internal/resource/transport/http/DefaultSslContextFactory
instanceKlass org/gradle/internal/resource/transport/gcp/gcs/GcsConnectorFactory
instanceKlass org/gradle/internal/resource/transport/aws/s3/S3ConnectorFactory
instanceKlass org/gradle/internal/resource/transport/file/FileConnectorFactory
instanceKlass org/gradle/internal/metaobject/DynamicObjectUtil
instanceKlass org/gradle/api/internal/project/DefaultDynamicLookupRoutine
instanceKlass  @bci java/lang/reflect/Executable sharedToGenericString (IZ)Ljava/lang/String; 33 <appendix> argL0 ; # java/lang/reflect/Executable$$Lambda+0x000001af814e9be8
instanceKlass org/gradle/process/JavaExecSpec
instanceKlass org/gradle/process/JavaForkOptions
instanceKlass org/gradle/process/ExecSpec
instanceKlass org/gradle/process/BaseExecSpec
instanceKlass org/gradle/process/ProcessForkOptions
instanceKlass  @bci org/gradle/internal/classpath/intercept/DefaultCallSiteDecorator addInterceptor (Lorg/gradle/internal/instrumentation/api/groovybytecode/CallInterceptor;)V 37 <appendix> member <vmtarget> ; # org/gradle/internal/classpath/intercept/DefaultCallSiteDecorator$$Lambda+0x000001af81561540
instanceKlass  @bci org/gradle/internal/classpath/intercept/DefaultCallSiteDecorator <init> (Ljava/util/List;)V 44 <appendix> member <vmtarget> ; # org/gradle/internal/classpath/intercept/DefaultCallSiteDecorator$$Lambda+0x000001af81561308
instanceKlass  @bci org/gradle/internal/classpath/intercept/DefaultCallSiteInterceptorSet getCallInterceptors (Lorg/gradle/internal/instrumentation/api/types/BytecodeInterceptorFilter;)Ljava/util/List; 20 <appendix> member <vmtarget> ; # org/gradle/internal/classpath/intercept/DefaultCallSiteInterceptorSet$$Lambda+0x000001af81559d98
instanceKlass org/gradle/internal/instrumentation/api/groovybytecode/PropertyAwareCallInterceptor
instanceKlass org/gradle/internal/instrumentation/api/groovybytecode/SignatureAwareCallInterceptor
instanceKlass org/gradle/internal/instrumentation/api/groovybytecode/InterceptScope
# instanceKlass java/lang/invoke/LambdaForm$DMH+0x000001af81558400
instanceKlass org/gradle/internal/instrumentation/api/groovybytecode/Invocation
instanceKlass org/gradle/internal/instrumentation/api/groovybytecode/AbstractCallInterceptor
instanceKlass org/gradle/internal/instrumentation/api/groovybytecode/FilterableCallInterceptor
instanceKlass java/lang/ProcessBuilder
# instanceKlass java/lang/invoke/LambdaForm$DMH+0x000001af81558000
instanceKlass org/gradle/internal/instrumentation/api/groovybytecode/CallInterceptor
instanceKlass org/gradle/internal/classpath/intercept/DefaultCallSiteDecorator
instanceKlass org/gradle/internal/classpath/intercept/CallInterceptorResolver
instanceKlass  @bci org/gradle/internal/classpath/intercept/CallInterceptorRegistry getGroovyCallDecorator (Lorg/gradle/internal/instrumentation/api/types/BytecodeInterceptorFilter;)Lorg/gradle/internal/classpath/intercept/CallSiteDecorator; 5 <appendix> member <vmtarget> ; # org/gradle/internal/classpath/intercept/CallInterceptorRegistry$$Lambda+0x000001af81553be0
instanceKlass  @bci org/gradle/internal/classpath/Instrumented <clinit> ()V 50 <appendix> argL0 ; # org/gradle/internal/classpath/Instrumented$$Lambda+0x000001af815539c0
instanceKlass  @bci org/gradle/internal/classpath/Instrumented <clinit> ()V 34 <appendix> argL0 ; # org/gradle/internal/classpath/Instrumented$$Lambda+0x000001af815537a0
instanceKlass  @bci org/gradle/internal/classpath/MethodHandleUtils lazyKotlinStaticDefaultHandle (Ljava/lang/Class;Ljava/lang/String;Ljava/lang/Class;[Ljava/lang/Class;)Lorg/gradle/internal/lazy/Lazy; 7 <appendix> member <vmtarget> ; # org/gradle/internal/classpath/MethodHandleUtils$$Lambda+0x000001af81553578
instanceKlass org/gradle/internal/classpath/MethodHandleUtils
instanceKlass kotlin/io/FilesKt__FilePathComponentsKt
instanceKlass org/gradle/internal/configuration/inputs/AccessTrackingProperties$Listener
instanceKlass org/gradle/internal/instrumentation/api/types/FilterableBytecodeInterceptorFactory$BytecodeUpgradeReportInterceptorFactory
instanceKlass org/gradle/internal/instrumentation/api/types/FilterableBytecodeInterceptor$BytecodeUpgradeReportInterceptor
instanceKlass org/gradle/internal/instrumentation/api/types/FilterableBytecodeInterceptorFactory$BytecodeUpgradeInterceptorFactory
instanceKlass org/gradle/internal/instrumentation/api/types/FilterableBytecodeInterceptor$BytecodeUpgradeInterceptor
instanceKlass org/gradle/internal/instrumentation/api/types/FilterableBytecodeInterceptorFactory$InstrumentationInterceptorFactory
instanceKlass org/gradle/internal/instrumentation/api/types/FilterableBytecodeInterceptorFactory
instanceKlass org/gradle/internal/instrumentation/api/types/FilterableBytecodeInterceptor$InstrumentationInterceptor
instanceKlass org/gradle/internal/instrumentation/api/types/FilterableBytecodeInterceptor
instanceKlass  @bci org/codehaus/groovy/runtime/callsite/CallSiteArray <init> (Ljava/lang/Class;[Ljava/lang/String;)V 28 <appendix> argL0 ; # org/codehaus/groovy/runtime/callsite/CallSiteArray$$Lambda+0x000001af81550848
instanceKlass  @bci org/codehaus/groovy/runtime/callsite/CallSiteArray <init> (Ljava/lang/Class;[Ljava/lang/String;)V 18 <appendix> member <vmtarget> ; # org/codehaus/groovy/runtime/callsite/CallSiteArray$$Lambda+0x000001af8154fc40
instanceKlass org/codehaus/groovy/runtime/callsite/AbstractCallSite
instanceKlass org/gradle/internal/instantiation/generator/AsmBackedClassGenerator$NoOpBuilder
instanceKlass groovy/transform/Internal
instanceKlass org/gradle/api/internal/DeprecatedProcessOperations
instanceKlass org/gradle/api/file/CopySpec
instanceKlass org/gradle/api/file/CopyProcessingSpec
instanceKlass org/gradle/api/file/ContentFilterable
instanceKlass org/gradle/api/file/CopySourceSpec
instanceKlass org/gradle/process/ExecResult
instanceKlass org/gradle/api/tasks/WorkResult
instanceKlass org/gradle/api/resources/ResourceHandler
instanceKlass org/gradle/plugin/use/internal/PluginRequestCollector
# instanceKlass java/lang/invoke/LambdaForm$MH+0x000001af8154e400
# instanceKlass java/lang/invoke/LambdaForm$MH+0x000001af8154e000
# instanceKlass java/lang/invoke/LambdaForm$MH+0x000001af8154dc00
# instanceKlass java/lang/invoke/LambdaForm$MH+0x000001af8154d800
# instanceKlass java/lang/invoke/LambdaForm$MH+0x000001af8154d400
# instanceKlass java/lang/invoke/LambdaForm$MH+0x000001af8154d000
# instanceKlass java/lang/invoke/LambdaForm$MH+0x000001af8154cc00
# instanceKlass java/lang/invoke/LambdaForm$MH+0x000001af8154c800
# instanceKlass java/lang/invoke/LambdaForm$BMH+0x000001af8154c400
# instanceKlass java/lang/invoke/LambdaForm$DMH+0x000001af8154c000
instanceKlass com/google/common/collect/Count
instanceKlass org/gradle/api/internal/initialization/loadercache/DefaultClassLoaderCache$CachedClassLoader
instanceKlass  @bci org/gradle/api/internal/initialization/loadercache/DefaultClassLoaderCache createIfAbsent (Lorg/gradle/api/internal/initialization/loadercache/ClassLoaderId;Lorg/gradle/internal/classpath/ClassPath;Ljava/lang/ClassLoader;Ljava/util/function/Function;Lorg/gradle/internal/hash/HashCode;)Ljava/lang/ClassLoader; 9 <appendix> member <vmtarget> ; # org/gradle/api/internal/initialization/loadercache/DefaultClassLoaderCache$$Lambda+0x000001af815494c0
instanceKlass  @bci org/gradle/groovy/scripts/internal/DefaultScriptCompilationHandler$ClassesDirCompiledScript prepareClassLoaderScope ()Lorg/gradle/api/internal/initialization/ClassLoaderScope; 93 <appendix> member <vmtarget> ; # org/gradle/groovy/scripts/internal/DefaultScriptCompilationHandler$ClassesDirCompiledScript$$Lambda+0x000001af81548f60
instanceKlass org/gradle/initialization/ClassLoaderScopeOrigin$Script
instanceKlass  @bci org/gradle/configuration/DefaultScriptPluginFactory$ScriptPluginImpl apply (Ljava/lang/Object;)V 306 <appendix> member <vmtarget> ; # org/gradle/configuration/DefaultScriptPluginFactory$ScriptPluginImpl$$Lambda+0x000001af81548b10
instanceKlass org/gradle/groovy/scripts/internal/BuildScriptData
instanceKlass org/gradle/internal/fingerprint/impl/DefaultFileSystemLocationFingerprint$1
instanceKlass org/gradle/internal/fingerprint/impl/DefaultFileSystemLocationFingerprint
instanceKlass  @bci org/gradle/api/internal/changedetection/state/PropertiesFileAwareClasspathResourceHasher matchesAnyFilters (Ljava/util/function/Supplier;)Z 15 <appendix> member <vmtarget> ; # org/gradle/api/internal/changedetection/state/PropertiesFileAwareClasspathResourceHasher$$Lambda+0x000001af815478e8
instanceKlass  @bci org/gradle/internal/io/IoSupplier wrap (Lorg/gradle/internal/io/IoSupplier;)Ljava/util/function/Supplier; 1 <appendix> member <vmtarget> ; # org/gradle/internal/io/IoSupplier$$Lambda+0x000001af815476c0
instanceKlass  @bci org/gradle/api/internal/changedetection/state/FallbackHandlingResourceHasher hash (Lorg/gradle/internal/fingerprint/hashing/RegularFileSnapshotContext;)Lorg/gradle/internal/hash/HashCode; 25 <appendix> member <vmtarget> ; # org/gradle/api/internal/changedetection/state/FallbackHandlingResourceHasher$$Lambda+0x000001af81547498
instanceKlass org/gradle/internal/io/IoSupplier
instanceKlass  @bci org/gradle/api/internal/changedetection/state/FallbackHandlingResourceHasher hash (Lorg/gradle/internal/fingerprint/hashing/RegularFileSnapshotContext;)Lorg/gradle/internal/hash/HashCode; 15 <appendix> member <vmtarget> ; # org/gradle/api/internal/changedetection/state/FallbackHandlingResourceHasher$$Lambda+0x000001af81547050
instanceKlass  @bci org/gradle/api/internal/changedetection/state/FallbackHandlingResourceHasher hash (Lorg/gradle/internal/fingerprint/hashing/RegularFileSnapshotContext;)Lorg/gradle/internal/hash/HashCode; 5 <appendix> member <vmtarget> ; # org/gradle/api/internal/changedetection/state/FallbackHandlingResourceHasher$$Lambda+0x000001af81546df8
instanceKlass  @bci org/gradle/internal/fingerprint/classpath/impl/ClasspathFingerprintingStrategy$ClasspathFingerprintingVisitor hashContent (Lorg/gradle/internal/snapshot/RegularFileSnapshot;Lorg/gradle/internal/RelativePathSupplier;)Lorg/gradle/internal/hash/HashCode; 5 <appendix> member <vmtarget> ; # org/gradle/internal/fingerprint/classpath/impl/ClasspathFingerprintingStrategy$ClasspathFingerprintingVisitor$$Lambda+0x000001af81546bd0
instanceKlass org/gradle/api/internal/changedetection/state/DefaultRegularFileSnapshotContext
instanceKlass  @bci org/gradle/internal/snapshot/AbstractIncompleteFileSystemNode$2 lambda$createNodeFromChildren$1 (Lorg/gradle/internal/snapshot/FileSystemNode;)Z 7 <appendix> member <vmtarget> ; # org/gradle/internal/snapshot/AbstractIncompleteFileSystemNode$2$$Lambda+0x000001af81546748
instanceKlass  @bci org/gradle/internal/snapshot/AbstractIncompleteFileSystemNode anyChildMatches (Lorg/gradle/internal/snapshot/ChildMap;Ljava/util/function/Predicate;)Z 6 <appendix> argL0 ; # org/gradle/internal/snapshot/AbstractIncompleteFileSystemNode$$Lambda+0x000001af81546508
instanceKlass  @bci org/gradle/internal/snapshot/AbstractIncompleteFileSystemNode$2 createNodeFromChildren (Lorg/gradle/internal/snapshot/ChildMap;)Lorg/gradle/internal/snapshot/FileSystemNode; 2 <appendix> member <vmtarget> ; # org/gradle/internal/snapshot/AbstractIncompleteFileSystemNode$2$$Lambda+0x000001af815462b0
instanceKlass org/gradle/internal/snapshot/PathUtil$1
instanceKlass org/gradle/internal/snapshot/AbstractStorePathRelationshipHandler
instanceKlass org/gradle/internal/snapshot/AbstractIncompleteFileSystemNode$2
instanceKlass  @bci org/gradle/internal/vfs/impl/DefaultSnapshotHierarchy rootSnapshotsUnder (Ljava/lang/String;)Ljava/util/stream/Stream; 13 <appendix> argL0 ; # org/gradle/internal/vfs/impl/DefaultSnapshotHierarchy$$Lambda+0x000001af81543628
instanceKlass  @bci org/gradle/internal/vfs/impl/DefaultSnapshotHierarchy rootSnapshotsUnder (Ljava/lang/String;)Ljava/util/stream/Stream; 5 <appendix> argL0 ; # org/gradle/internal/vfs/impl/DefaultSnapshotHierarchy$$Lambda+0x000001af815433e8
instanceKlass org/gradle/api/internal/initialization/ClassLoaderScopeIdentifier$Id
instanceKlass org/gradle/model/dsl/internal/transform/ClosureCreationInterceptingVerifier
instanceKlass org/gradle/groovy/scripts/internal/FactoryBackedCompileOperation
instanceKlass org/gradle/groovy/scripts/internal/BuildScriptTransformer$1
instanceKlass org/gradle/groovy/scripts/internal/BuildScriptTransformer
instanceKlass  @bci org/gradle/plugin/management/internal/argumentloaded/ArgumentSourcedPluginHandler getArgumentSourcedPlugins ()Lorg/gradle/plugin/management/internal/PluginRequests; 12 <appendix> member <vmtarget> ; # org/gradle/plugin/management/internal/argumentloaded/ArgumentSourcedPluginHandler$$Lambda+0x000001af815423b0
instanceKlass  @bci org/gradle/plugin/management/internal/autoapply/CompositeAutoAppliedPluginRegistry getAutoAppliedPlugins (Lorg/gradle/api/initialization/Settings;)Lorg/gradle/plugin/management/internal/PluginRequests; 23 <appendix> argL0 ; # org/gradle/plugin/management/internal/autoapply/CompositeAutoAppliedPluginRegistry$$Lambda+0x000001af8146bb30
instanceKlass  @bci org/gradle/plugin/management/internal/autoapply/CompositeAutoAppliedPluginRegistry getAutoAppliedPlugins (Lorg/gradle/api/initialization/Settings;)Lorg/gradle/plugin/management/internal/PluginRequests; 10 <appendix> member <vmtarget> ; # org/gradle/plugin/management/internal/autoapply/CompositeAutoAppliedPluginRegistry$$Lambda+0x000001af8146b8e8
instanceKlass  @bci org/gradle/api/internal/plugins/DefaultPluginManager_Decorated $gradleInit ()V 1 <appendix> member <vmtarget> ; # org/gradle/api/internal/plugins/DefaultPluginManager_Decorated$$Lambda+0x000001af81542188
instanceKlass  @bci org/gradle/api/internal/collections/AbstractIterationOrderRetainingElementSource <init> ()V 27 <appendix> argL0 ; # org/gradle/api/internal/collections/AbstractIterationOrderRetainingElementSource$$Lambda+0x000001af81541f68
instanceKlass  @bci org/gradle/api/internal/collections/IterationOrderRetainingSetElementSource <clinit> ()V 0 <appendix> argL0 ; # org/gradle/api/internal/collections/IterationOrderRetainingSetElementSource$$Lambda+0x000001af81541d48
instanceKlass org/gradle/api/internal/collections/AbstractIterationOrderRetainingElementSource$ValuePointer
instanceKlass org/gradle/api/internal/collections/AbstractIterationOrderRetainingElementSource
# instanceKlass java/lang/invoke/LambdaForm$MH+0x000001af81545c00
# instanceKlass java/lang/invoke/LambdaForm$MH+0x000001af81545800
# instanceKlass java/lang/invoke/LambdaForm$MH+0x000001af81545400
# instanceKlass java/lang/invoke/LambdaForm$MH+0x000001af81545000
# instanceKlass java/lang/invoke/LambdaForm$MH+0x000001af81544c00
# instanceKlass java/lang/invoke/LambdaForm$MH+0x000001af81544800
# instanceKlass java/lang/invoke/LambdaForm$MH+0x000001af81544400
# instanceKlass java/lang/invoke/LambdaForm$MH+0x000001af81544000
instanceKlass org/gradle/api/internal/plugins/DefaultPluginManager$3
instanceKlass org/gradle/api/plugins/AppliedPlugin
instanceKlass org/gradle/api/internal/plugins/ApplyPluginBuildOperationType$Result
instanceKlass org/gradle/api/internal/plugins/DefaultPluginManager
instanceKlass org/gradle/api/internal/plugins/ImperativeOnlyPluginTarget
instanceKlass org/gradle/api/internal/plugins/SoftwareTypeRegistrationPluginTarget
# instanceKlass java/lang/invoke/LambdaForm$MH+0x000001af8153ac00
# instanceKlass java/lang/invoke/LambdaForm$MH+0x000001af8153a800
# instanceKlass java/lang/invoke/LambdaForm$MH+0x000001af8153a400
# instanceKlass java/lang/invoke/LambdaForm$MH+0x000001af8153a000
# instanceKlass java/lang/invoke/LambdaForm$MH+0x000001af81539c00
# instanceKlass java/lang/invoke/LambdaForm$MH+0x000001af81539800
# instanceKlass java/lang/invoke/LambdaForm$MH+0x000001af81539400
# instanceKlass java/lang/invoke/LambdaForm$MH+0x000001af81539000
# instanceKlass java/lang/invoke/LambdaForm$MH+0x000001af81538c00
# instanceKlass java/lang/invoke/LambdaForm$MH+0x000001af81538800
# instanceKlass java/lang/invoke/LambdaForm$MH+0x000001af81538400
instanceKlass org/gradle/groovy/scripts/internal/DefaultScriptRunnerFactory$ScriptRunnerImpl
instanceKlass org/gradle/groovy/scripts/internal/CrossBuildInMemoryCachingScriptClassCache$CachedCompiledScript
instanceKlass org/gradle/internal/classloader/ImplementationHashAware
instanceKlass org/gradle/groovy/scripts/internal/DefaultScriptCompilationHandler$ClassesDirCompiledScript
instanceKlass  @bci org/gradle/internal/classpath/DefaultCachedClasspathTransformer$ParallelTransformExecutor lambda$transformAll$5 (Ljava/util/Collection;Lorg/gradle/internal/classpath/DefaultCachedClasspathTransformer$ValueOrTransformProvider;)Ljava/util/List; 139 <appendix> member <vmtarget> ; # org/gradle/internal/classpath/DefaultCachedClasspathTransformer$ParallelTransformExecutor$$Lambda+0x000001af8153d608
instanceKlass  @bci org/gradle/internal/snapshot/DirectorySnapshot accept (Lorg/gradle/internal/snapshot/RelativePathTracker;Lorg/gradle/internal/snapshot/RelativePathTrackingFileSystemSnapshotHierarchyVisitor;)Lorg/gradle/internal/snapshot/SnapshotVisitResult; 81 <appendix> member <vmtarget> ; # org/gradle/internal/snapshot/DirectorySnapshot$$Lambda+0x000001af8153d170
instanceKlass  @bci org/gradle/internal/snapshot/DirectorySnapshot accept (Lorg/gradle/internal/snapshot/RelativePathTracker;Lorg/gradle/internal/snapshot/RelativePathTrackingFileSystemSnapshotHierarchyVisitor;)Lorg/gradle/internal/snapshot/SnapshotVisitResult; 69 <appendix> argL0 ; # org/gradle/internal/snapshot/DirectorySnapshot$$Lambda+0x000001af8153cf30
instanceKlass org/gradle/internal/fingerprint/classpath/impl/ClasspathFingerprintingStrategy$ClasspathFingerprintingVisitor$1
instanceKlass org/gradle/internal/fingerprint/hashing/RegularFileSnapshotContext
instanceKlass org/gradle/internal/fingerprint/classpath/impl/ClasspathFingerprintingStrategy$ClasspathFingerprintingVisitor
instanceKlass org/gradle/internal/snapshot/DirectorySnapshot$2
instanceKlass  @bci org/gradle/internal/snapshot/SnapshotUtil getRootHashes (Lorg/gradle/internal/snapshot/FileSystemSnapshot;)Lcom/google/common/collect/ImmutableListMultimap; 17 <appendix> member <vmtarget> ; # org/gradle/internal/snapshot/SnapshotUtil$$Lambda+0x000001af8153c248
instanceKlass org/gradle/internal/snapshot/FileSystemSnapshot$1
instanceKlass org/gradle/internal/fingerprint/impl/DefaultCurrentFileCollectionFingerprint
instanceKlass  @bci org/gradle/internal/classpath/DefaultCachedClasspathTransformer$ParallelTransformExecutor lambda$transformAll$5 (Ljava/util/Collection;Lorg/gradle/internal/classpath/DefaultCachedClasspathTransformer$ValueOrTransformProvider;)Ljava/util/List; 92 <appendix> member <vmtarget> ; # org/gradle/internal/classpath/DefaultCachedClasspathTransformer$ParallelTransformExecutor$$Lambda+0x000001af815358d0
instanceKlass  @bci org/gradle/internal/classpath/DefaultCachedClasspathTransformer$ParallelTransformExecutor lambda$transformAll$2 (Ljava/util/List;Ljava/util/List;Ljava/util/concurrent/Callable;)V 19 <adapter> ; # java/lang/invoke/LambdaForm$MH+0x000001af81538000
instanceKlass  @cpi org/gradle/api/internal/artifacts/ivyservice/resolveengine/graph/builder/ResolveState 573 form vmentry <vmtarget> ; # java/lang/invoke/LambdaForm$DMH+0x000001af81534c00
instanceKlass  @bci org/gradle/internal/classpath/DefaultCachedClasspathTransformer$ParallelTransformExecutor lambda$transformAll$2 (Ljava/util/List;Ljava/util/List;Ljava/util/concurrent/Callable;)V 19 <appendix> form vmentry <vmtarget> ; # java/lang/invoke/LambdaForm$DMH+0x000001af81534800
instanceKlass  @bci org/gradle/internal/classpath/DefaultCachedClasspathTransformer$ParallelTransformExecutor lambda$transformAll$2 (Ljava/util/List;Ljava/util/List;Ljava/util/concurrent/Callable;)V 19 <appendix> member <vmtarget> ; # org/gradle/internal/classpath/DefaultCachedClasspathTransformer$ParallelTransformExecutor$$Lambda+0x000001af815356a8
instanceKlass  @bci org/gradle/internal/classpath/DefaultCachedClasspathTransformer$ParallelTransformExecutor lambda$transformAll$3 (Ljava/util/List;Ljava/util/List;Lorg/gradle/internal/Either;)V 9 <appendix> member <vmtarget> ; # org/gradle/internal/classpath/DefaultCachedClasspathTransformer$ParallelTransformExecutor$$Lambda+0x000001af81535470
instanceKlass  @bci org/gradle/internal/classpath/DefaultCachedClasspathTransformer$ParallelTransformExecutor lambda$transformAll$3 (Ljava/util/List;Ljava/util/List;Lorg/gradle/internal/Either;)V 2 <appendix> member <vmtarget> ; # org/gradle/internal/classpath/DefaultCachedClasspathTransformer$ParallelTransformExecutor$$Lambda+0x000001af81535238
instanceKlass  @bci org/gradle/internal/classpath/DefaultCachedClasspathTransformer$ParallelTransformExecutor lambda$transformAll$5 (Ljava/util/Collection;Lorg/gradle/internal/classpath/DefaultCachedClasspathTransformer$ValueOrTransformProvider;)Ljava/util/List; 78 <appendix> member <vmtarget> ; # org/gradle/internal/classpath/DefaultCachedClasspathTransformer$ParallelTransformExecutor$$Lambda+0x000001af81535000
instanceKlass  @bci org/gradle/internal/classpath/DefaultCachedClasspathTransformer cachedFile (Ljava/io/File;Lorg/gradle/internal/classpath/ClasspathFileTransformer;Ljava/util/Set;)Ljava/util/Optional; 61 <appendix> member <vmtarget> ; # org/gradle/internal/classpath/DefaultCachedClasspathTransformer$$Lambda+0x000001af81537c18
instanceKlass  @bci org/gradle/internal/classpath/DefaultCachedClasspathTransformer$ParallelTransformExecutor transformAll (Ljava/util/Collection;Lorg/gradle/internal/classpath/DefaultCachedClasspathTransformer$ValueOrTransformProvider;)Ljava/util/List; 30 <appendix> member <vmtarget> ; # org/gradle/internal/classpath/DefaultCachedClasspathTransformer$ParallelTransformExecutor$$Lambda+0x000001af815379f0
instanceKlass  @bci org/gradle/internal/classpath/DefaultCachedClasspathTransformer transformFiles (Lorg/gradle/internal/classpath/ClassPath;Lorg/gradle/internal/classpath/ClasspathFileTransformer;)Lorg/gradle/internal/classpath/ClassPath; 12 <appendix> member <vmtarget> ; # org/gradle/internal/classpath/DefaultCachedClasspathTransformer$$Lambda+0x000001af815377c8
instanceKlass org/gradle/internal/classpath/DefaultCachedClasspathTransformer$ValueOrTransformProvider
instanceKlass  @bci org/gradle/internal/classpath/CustomClasspathFileTransformer createFileHasherWithConfig (Lorg/gradle/internal/hash/HashCode;Lorg/gradle/internal/classpath/ClasspathFileHasher;)Lorg/gradle/internal/classpath/ClasspathFileHasher; 2 <appendix> member <vmtarget> ; # org/gradle/internal/classpath/CustomClasspathFileTransformer$$Lambda+0x000001af815373a0
instanceKlass  @bci org/gradle/internal/classpath/DefaultCachedClasspathTransformer customClasspathFileTransformerFor (Lorg/gradle/internal/classpath/transforms/ClasspathElementTransformFactory;Lorg/gradle/internal/classpath/transforms/ClassTransform;)Lorg/gradle/internal/classpath/CustomClasspathFileTransformer; 9 <appendix> member <vmtarget> ; # org/gradle/internal/classpath/DefaultCachedClasspathTransformer$$Lambda+0x000001af81537178
instanceKlass org/gradle/internal/classpath/ClasspathFileHasher
instanceKlass org/gradle/internal/classpath/CustomClasspathFileTransformer
instanceKlass org/gradle/groovy/scripts/internal/GroovyScriptClassCompiler$1
instanceKlass  @bci org/gradle/internal/execution/steps/WorkspaceResult getOutputAs (Ljava/lang/Class;)Lorg/gradle/internal/Try; 19 <appendix> member <vmtarget> ; # org/gradle/internal/execution/steps/WorkspaceResult$$Lambda+0x000001af815368b0
instanceKlass org/gradle/internal/scripts/BuildScriptCompilationAndInstrumentation$Output
instanceKlass  @bci org/gradle/internal/execution/steps/WorkspaceResult getOutputAs (Ljava/lang/Class;)Lorg/gradle/internal/Try; 5 <appendix> member <vmtarget> ; # org/gradle/internal/execution/steps/WorkspaceResult$$Lambda+0x000001af81536448
instanceKlass org/gradle/groovy/scripts/internal/GroovyScriptClassCompiler$GroovyScriptCompilationAndInstrumentation$GroovyScriptCompilationOutput
instanceKlass  @bci org/gradle/internal/execution/steps/AssignImmutableWorkspaceStep execute (Lorg/gradle/internal/execution/UnitOfWork;Lorg/gradle/internal/execution/steps/IdentityContext;)Lorg/gradle/internal/execution/steps/WorkspaceResult; 43 <appendix> member <vmtarget> ; # org/gradle/internal/execution/steps/AssignImmutableWorkspaceStep$$Lambda+0x000001af81536000
instanceKlass org/gradle/internal/Try
instanceKlass org/gradle/internal/execution/ExecutionEngine$Execution$1
instanceKlass org/gradle/internal/execution/history/impl/DefaultExecutionOutputState
instanceKlass org/gradle/internal/execution/history/ImmutableWorkspaceMetadata
instanceKlass org/gradle/caching/internal/origin/OriginMetadata
instanceKlass  @bci org/gradle/internal/execution/steps/AssignImmutableWorkspaceStep lambda$calculateOutputHashes$5 (Ljava/util/Map$Entry;)Ljava/util/stream/Stream; 15 <appendix> member <vmtarget> ; # org/gradle/internal/execution/steps/AssignImmutableWorkspaceStep$$Lambda+0x000001af81532830
instanceKlass  @bci com/google/common/collect/CollectSpliterators$1WithCharacteristics forEachRemaining (Ljava/util/function/Consumer;)V 9 <appendix> member <vmtarget> ; # com/google/common/collect/CollectSpliterators$1WithCharacteristics$$Lambda+0x000001af815325f8
instanceKlass  @cpi com/google/common/collect/CollectSpliterators$1WithCharacteristics 118 form vmentry <vmtarget> ; # java/lang/invoke/LambdaForm$DMH+0x000001af81534400
instanceKlass  @bci com/google/common/collect/CollectCollectors toImmutableListMultimap (Ljava/util/function/Function;Ljava/util/function/Function;)Ljava/util/stream/Collector; 31 <appendix> argL0 ; # com/google/common/collect/CollectCollectors$$Lambda+0x000001af815323b8
instanceKlass  @bci com/google/common/collect/CollectCollectors toImmutableListMultimap (Ljava/util/function/Function;Ljava/util/function/Function;)Ljava/util/stream/Collector; 26 <appendix> argL0 ; # com/google/common/collect/CollectCollectors$$Lambda+0x000001af81532170
instanceKlass  @bci com/google/common/collect/CollectCollectors toImmutableListMultimap (Ljava/util/function/Function;Ljava/util/function/Function;)Ljava/util/stream/Collector; 21 <appendix> member <vmtarget> ; # com/google/common/collect/CollectCollectors$$Lambda+0x000001af81531f38
instanceKlass  @bci com/google/common/collect/CollectCollectors toImmutableListMultimap (Ljava/util/function/Function;Ljava/util/function/Function;)Ljava/util/stream/Collector; 14 <appendix> argL0 ; # com/google/common/collect/CollectCollectors$$Lambda+0x000001af81531d18
instanceKlass  @bci org/gradle/internal/execution/steps/AssignImmutableWorkspaceStep calculateOutputHashes (Lcom/google/common/collect/ImmutableSortedMap;)Lcom/google/common/collect/ImmutableListMultimap; 22 <appendix> argL0 ; # org/gradle/internal/execution/steps/AssignImmutableWorkspaceStep$$Lambda+0x000001af81531ad8
instanceKlass  @bci org/gradle/internal/execution/steps/AssignImmutableWorkspaceStep calculateOutputHashes (Lcom/google/common/collect/ImmutableSortedMap;)Lcom/google/common/collect/ImmutableListMultimap; 17 <appendix> argL0 ; # org/gradle/internal/execution/steps/AssignImmutableWorkspaceStep$$Lambda+0x000001af81531898
instanceKlass  @bci org/gradle/internal/execution/steps/AssignImmutableWorkspaceStep calculateOutputHashes (Lcom/google/common/collect/ImmutableSortedMap;)Lcom/google/common/collect/ImmutableListMultimap; 7 <appendix> argL0 ; # org/gradle/internal/execution/steps/AssignImmutableWorkspaceStep$$Lambda+0x000001af81531658
instanceKlass java/util/stream/Streams$RangeIntSpliterator
instanceKlass com/google/common/collect/CollectSpliterators$1WithCharacteristics
instanceKlass com/google/common/collect/CollectSpliterators
instanceKlass  @bci com/google/common/collect/ImmutableSortedMap$1EntrySet$1 spliterator ()Ljava/util/Spliterator; 8 <appendix> member <vmtarget> ; # com/google/common/collect/ImmutableSortedMap$1EntrySet$1$$Lambda+0x000001af81530f88
instanceKlass  @cpi com/google/common/collect/ImmutableSortedMap$1EntrySet$1 98 form vmentry <vmtarget> ; # java/lang/invoke/LambdaForm$DMH+0x000001af81534000
instanceKlass org/gradle/internal/fingerprint/impl/DefaultFileCollectionSnapshotter$1
instanceKlass org/gradle/internal/snapshot/CompositeFileSystemSnapshot
instanceKlass  @bci org/gradle/internal/snapshot/DirectorySnapshot getChildSnapshot (Lorg/gradle/internal/snapshot/VfsRelativePath;Lorg/gradle/internal/snapshot/CaseSensitivity;)Ljava/util/Optional; 15 <appendix> member <vmtarget> ; # org/gradle/internal/snapshot/DirectorySnapshot$$Lambda+0x000001af8152d400
instanceKlass  @bci org/gradle/internal/snapshot/DirectorySnapshot getChildSnapshot (Lorg/gradle/internal/snapshot/VfsRelativePath;Lorg/gradle/internal/snapshot/CaseSensitivity;)Ljava/util/Optional; 6 <appendix> argL0 ; # org/gradle/internal/snapshot/DirectorySnapshot$$Lambda+0x000001af8152dca0
instanceKlass org/gradle/internal/snapshot/SnapshotUtil$1
instanceKlass  @bci org/gradle/internal/snapshot/AbstractIncompleteFileSystemNode getSnapshot (Lorg/gradle/internal/snapshot/VfsRelativePath;Lorg/gradle/internal/snapshot/CaseSensitivity;)Ljava/util/Optional; 6 <appendix> argL0 ; # org/gradle/internal/snapshot/AbstractIncompleteFileSystemNode$$Lambda+0x000001af8152d800
instanceKlass org/gradle/internal/fingerprint/impl/DefaultFileCollectionSnapshotter$SnapshottingVisitor
instanceKlass org/gradle/internal/execution/UnitOfWork$OutputFileValueSupplier
instanceKlass org/gradle/internal/execution/UnitOfWork$FileValueSupplier
instanceKlass org/gradle/api/internal/file/FileCollectionInternal$1
instanceKlass org/gradle/api/file/FileVisitor
instanceKlass org/gradle/api/internal/file/FileCollectionInternal$Source
instanceKlass org/gradle/api/internal/file/AbstractFileCollection
instanceKlass org/gradle/internal/execution/impl/DefaultOutputSnapshotter$1
instanceKlass org/gradle/internal/execution/steps/AssignImmutableWorkspaceStep$2
instanceKlass  @bci org/gradle/internal/vfs/impl/DefaultFileSystemAccess read (Ljava/lang/String;)Lorg/gradle/internal/snapshot/FileSystemLocationSnapshot; 21 <appendix> member <vmtarget> ; # org/gradle/internal/vfs/impl/DefaultFileSystemAccess$$Lambda+0x000001af8152b648
instanceKlass  @bci org/gradle/internal/vfs/impl/DefaultSnapshotHierarchy hasDescendantsUnder (Ljava/lang/String;)Z 5 <appendix> argL0 ; # org/gradle/internal/vfs/impl/DefaultSnapshotHierarchy$$Lambda+0x000001af8152b408
instanceKlass  @cpi org/gradle/api/internal/artifacts/configurations/DefaultConfiguration 2095 form vmentry <vmtarget> ; # java/lang/invoke/LambdaForm$DMH+0x000001af8152d000
instanceKlass  @bci org/gradle/internal/snapshot/ChildMap$Entry withNode (Lorg/gradle/internal/snapshot/VfsRelativePath;Lorg/gradle/internal/snapshot/CaseSensitivity;Lorg/gradle/internal/snapshot/ChildMap$NodeHandler;)Ljava/lang/Object; 13 <appendix> member <vmtarget> ; # org/gradle/internal/snapshot/ChildMap$Entry$$Lambda+0x000001af8152b1e0
instanceKlass org/gradle/internal/snapshot/SnapshotUtil$2
instanceKlass org/gradle/internal/snapshot/FileSystemLocationSnapshot$FileSystemLocationSnapshotTransformer
instanceKlass org/gradle/internal/snapshot/SnapshotUtil
instanceKlass  @bci org/gradle/internal/watch/registry/impl/HierarchicalFileWatcherUpdater handleVirtualFileSystemContentsChanged (Ljava/util/Collection;Ljava/util/Collection;Lorg/gradle/internal/snapshot/SnapshotHierarchy;)Z 9 <appendix> member <vmtarget> ; # org/gradle/internal/watch/registry/impl/HierarchicalFileWatcherUpdater$$Lambda+0x000001af8152a900
instanceKlass  @bci org/gradle/internal/watch/vfs/impl/WatchingVirtualFileSystem lambda$updateNotifyingListeners$1 (Lorg/gradle/internal/watch/registry/impl/SnapshotCollectingDiffListener;Lorg/gradle/internal/snapshot/SnapshotHierarchy;)V 3 <appendix> member <vmtarget> ; # org/gradle/internal/watch/vfs/impl/WatchingVirtualFileSystem$$Lambda+0x000001af8152a6d8
instanceKlass org/gradle/internal/snapshot/SnapshotHierarchy$SnapshotDiffListener
instanceKlass  @bci org/gradle/internal/watch/vfs/impl/WatchingVirtualFileSystem withWatcherChangeErrorHandling (Lorg/gradle/internal/snapshot/SnapshotHierarchy;Ljava/lang/Runnable;)Lorg/gradle/internal/snapshot/SnapshotHierarchy; 4 <appendix> member <vmtarget> ; # org/gradle/internal/watch/vfs/impl/WatchingVirtualFileSystem$$Lambda+0x000001af8152a2b0
instanceKlass  @bci org/gradle/internal/watch/vfs/impl/WatchingVirtualFileSystem updateNotifyingListeners (Lorg/gradle/internal/vfs/impl/AbstractVirtualFileSystem$UpdateFunction;)Lorg/gradle/internal/snapshot/SnapshotHierarchy; 38 <appendix> member <vmtarget> ; # org/gradle/internal/watch/vfs/impl/WatchingVirtualFileSystem$$Lambda+0x000001af8152a088
instanceKlass  @bci org/gradle/internal/watch/registry/impl/SnapshotCollectingDiffListener nodeAdded (Lorg/gradle/internal/snapshot/FileSystemNode;)V 15 <appendix> member <vmtarget> ; # org/gradle/internal/watch/registry/impl/SnapshotCollectingDiffListener$$Lambda+0x000001af81529e50
instanceKlass  @bci org/gradle/internal/snapshot/AbstractIncompleteFileSystemNode rootSnapshots ()Ljava/util/stream/Stream; 19 <appendix> argL0 ; # org/gradle/internal/snapshot/AbstractIncompleteFileSystemNode$$Lambda+0x000001af81529c10
instanceKlass  @bci org/gradle/internal/snapshot/AbstractIncompleteFileSystemNode rootSnapshots ()Ljava/util/stream/Stream; 9 <appendix> argL0 ; # org/gradle/internal/snapshot/AbstractIncompleteFileSystemNode$$Lambda+0x000001af815299d0
instanceKlass org/gradle/internal/snapshot/AbstractIncompleteFileSystemNode
instanceKlass org/gradle/internal/watch/registry/impl/SnapshotCollectingDiffListener
instanceKlass  @bci org/gradle/internal/vfs/impl/AbstractVirtualFileSystem lambda$storeIfUnchanged$3 (Ljava/lang/String;JLjava/util/concurrent/atomic/AtomicBoolean;Lorg/gradle/internal/snapshot/FileSystemLocationSnapshot;Lorg/gradle/internal/snapshot/SnapshotHierarchy;)Lorg/gradle/internal/snapshot/SnapshotHierarchy; 29 <appendix> member <vmtarget> ; # org/gradle/internal/vfs/impl/AbstractVirtualFileSystem$$Lambda+0x000001af81529010
instanceKlass org/gradle/internal/vfs/impl/AbstractVirtualFileSystem$UpdateFunction
instanceKlass  @bci org/gradle/internal/vfs/impl/AbstractVirtualFileSystem storeIfUnchanged (Ljava/lang/String;JLorg/gradle/internal/snapshot/FileSystemLocationSnapshot;)V 35 <adapter> ; # java/lang/invoke/LambdaForm$MH+0x000001af8152cc00
# instanceKlass java/lang/invoke/LambdaForm$DMH+0x000001af8152c800
instanceKlass  @bci org/gradle/internal/vfs/impl/AbstractVirtualFileSystem storeIfUnchanged (Ljava/lang/String;JLorg/gradle/internal/snapshot/FileSystemLocationSnapshot;)V 35 <appendix> form vmentry <vmtarget> ; # java/lang/invoke/LambdaForm$DMH+0x000001af8152c400
instanceKlass  @bci org/gradle/internal/vfs/impl/AbstractVirtualFileSystem storeIfUnchanged (Ljava/lang/String;JLorg/gradle/internal/snapshot/FileSystemLocationSnapshot;)V 35 <appendix> member <vmtarget> ; # org/gradle/internal/vfs/impl/AbstractVirtualFileSystem$$Lambda+0x000001af81528ba8
instanceKlass  @cpi org/gradle/internal/vfs/impl/AbstractVirtualFileSystem 286 form vmentry <vmtarget> ; # java/lang/invoke/LambdaForm$DMH+0x000001af8152c000
instanceKlass org/gradle/internal/snapshot/AbstractListChildMap
instanceKlass org/gradle/api/internal/changedetection/state/CachingFileHasher$FileInfo
instanceKlass  @bci org/gradle/cache/internal/DefaultMultiProcessSafeIndexedCache getIfPresent (Ljava/lang/Object;)Ljava/lang/Object; 11 <appendix> member <vmtarget> ; # org/gradle/cache/internal/DefaultMultiProcessSafeIndexedCache$$Lambda+0x000001af81528228
instanceKlass  @bci org/gradle/cache/internal/ExclusiveCacheAccessingWorker read (Ljava/util/function/Supplier;)Ljava/lang/Object; 10 <appendix> member <vmtarget> ; # org/gradle/cache/internal/ExclusiveCacheAccessingWorker$$Lambda+0x000001af81528000
instanceKlass  @bci org/gradle/cache/internal/AsyncCacheAccessDecoratedCache get (Ljava/lang/Object;)Ljava/lang/Object; 6 <appendix> member <vmtarget> ; # org/gradle/cache/internal/AsyncCacheAccessDecoratedCache$$Lambda+0x000001af81521d38
instanceKlass  @bci org/gradle/cache/internal/InMemoryDecoratedCache get (Ljava/lang/Object;)Ljava/lang/Object; 7 <appendix> member <vmtarget> ; # org/gradle/cache/internal/InMemoryDecoratedCache$$Lambda+0x000001af81521b10
instanceKlass  @bci org/gradle/cache/internal/CrossProcessSynchronizingIndexedCache getIfPresent (Ljava/lang/Object;)Ljava/lang/Object; 6 <appendix> member <vmtarget> ; # org/gradle/cache/internal/CrossProcessSynchronizingIndexedCache$$Lambda+0x000001af815218e8
instanceKlass  @bci org/gradle/cache/internal/DefaultMultiProcessSafeIndexedCache finishWork ()V 12 <appendix> member <vmtarget> ; # org/gradle/cache/internal/DefaultMultiProcessSafeIndexedCache$$Lambda+0x000001af81523508
instanceKlass org/gradle/cache/internal/btree/BTreePersistentIndexedCache$DataBlockUpdateResult
instanceKlass org/gradle/internal/io/StreamByteBuffer$StreamByteBufferChunk
instanceKlass org/gradle/internal/io/StreamByteBuffer
instanceKlass org/gradle/cache/internal/btree/BTreePersistentIndexedCache$Lookup
instanceKlass org/gradle/internal/snapshot/ChildMap$Entry$PathRelationshipHandler
instanceKlass org/gradle/internal/snapshot/SingletonChildMap
instanceKlass org/gradle/internal/snapshot/ChildMapFactory
instanceKlass  @bci org/gradle/internal/snapshot/DirectorySnapshot <init> (Ljava/lang/String;Ljava/lang/String;Lorg/gradle/internal/file/FileMetadata$AccessType;Lorg/gradle/internal/hash/HashCode;Ljava/util/List;)V 13 <appendix> argL0 ; # org/gradle/internal/snapshot/DirectorySnapshot$$Lambda+0x000001af81527cd8
instanceKlass org/gradle/internal/snapshot/ChildMap$Entry
instanceKlass org/gradle/cache/internal/btree/BTreePersistentIndexedCache$IndexEntry
instanceKlass  @bci org/gradle/cache/internal/DefaultMultiProcessSafeIndexedCache put (Ljava/lang/Object;Ljava/lang/Object;)V 12 <appendix> member <vmtarget> ; # org/gradle/cache/internal/DefaultMultiProcessSafeIndexedCache$$Lambda+0x000001af81527638
instanceKlass org/gradle/cache/internal/btree/BTreePersistentIndexedCache$IndexRoot
instanceKlass com/google/common/primitives/Longs
instanceKlass org/gradle/internal/snapshot/ChildMap$InvalidationHandler
instanceKlass  @bci java/util/Comparator comparing (Ljava/util/function/Function;Ljava/util/Comparator;)Ljava/util/Comparator; 12 <appendix> member <vmtarget> ; # java/util/Comparator$$Lambda+0x000001af814e8cd0
instanceKlass  @cpi java/util/Comparator 256 form vmentry <vmtarget> ; # java/lang/invoke/LambdaForm$DMH+0x000001af81520c00
instanceKlass  @bci org/gradle/internal/snapshot/FileSystemLocationSnapshot <clinit> ()V 5 <appendix> argL0 ; # org/gradle/internal/snapshot/FileSystemLocationSnapshot$$Lambda+0x000001af815269a0
instanceKlass  @bci org/gradle/internal/snapshot/FileSystemLocationSnapshot <clinit> ()V 0 <appendix> argL0 ; # org/gradle/internal/snapshot/FileSystemLocationSnapshot$$Lambda+0x000001af81526760
instanceKlass org/gradle/internal/snapshot/MerkleDirectorySnapshotBuilder$Directory
instanceKlass org/gradle/cache/internal/btree/FreeListBlockStore$FreeListEntry
instanceKlass org/gradle/cache/internal/btree/BlockPointer
instanceKlass org/gradle/cache/internal/btree/ByteInput
instanceKlass org/gradle/cache/internal/btree/ByteOutput
instanceKlass org/gradle/internal/snapshot/MerkleDirectorySnapshotBuilder
instanceKlass org/gradle/internal/snapshot/impl/FilteredTrackingMerkleDirectorySnapshotBuilder
instanceKlass org/gradle/internal/snapshot/DirectorySnapshotBuilder
instanceKlass  @bci org/gradle/internal/snapshot/impl/DirectorySnapshotter$PathVisitor <init> (Lorg/gradle/internal/snapshot/SnapshottingFilter$DirectoryWalkerPredicate;Ljava/util/concurrent/atomic/AtomicBoolean;Lorg/gradle/internal/hash/FileHasher;Lcom/google/common/collect/Interner;Lorg/gradle/internal/snapshot/impl/DirectorySnapshotter$DefaultExcludes;Lorg/gradle/internal/snapshot/impl/DirectorySnapshotterStatistics$Collector;Lorg/gradle/internal/snapshot/impl/DirectorySnapshotter$SymbolicLinkMapping;Ljava/util/Map;Ljava/util/function/Consumer;)V 41 <appendix> member <vmtarget> ; # org/gradle/internal/snapshot/impl/DirectorySnapshotter$PathVisitor$$Lambda+0x000001af815246f0
instanceKlass org/gradle/internal/snapshot/RelativePathTracker
instanceKlass org/gradle/internal/RelativePathSupplier
instanceKlass org/gradle/internal/snapshot/impl/DirectorySnapshotterStatistics$CollectingFileVisitor
instanceKlass  @bci org/gradle/internal/vfs/impl/DefaultFileSystemAccess lambda$snapshotAndReuse$11 (Ljava/lang/String;Lorg/gradle/internal/snapshot/SnapshottingFilter;Lcom/google/common/collect/ImmutableMap;Lorg/gradle/internal/vfs/VirtualFileSystem$VfsStorer;)Ljava/util/Optional; 179 <appendix> member <vmtarget> ; # org/gradle/internal/vfs/impl/DefaultFileSystemAccess$$Lambda+0x000001af8151f9c8
instanceKlass org/gradle/internal/vfs/impl/DefaultFileSystemAccess$1
instanceKlass org/gradle/internal/file/impl/DefaultFileMetadata$1
instanceKlass org/gradle/internal/file/impl/DefaultFileMetadata
instanceKlass org/gradle/internal/file/FileMetadata
instanceKlass org/gradle/internal/nativeintegration/filesystem/services/NativePlatformBackedFileMetadataAccessor$1
instanceKlass net/rubygrapefruit/platform/internal/WindowsFileTime
instanceKlass org/gradle/cache/internal/btree/FreeListBlockStore$2
instanceKlass org/gradle/cache/internal/btree/FreeListBlockStore$1
instanceKlass org/gradle/cache/internal/btree/BTreePersistentIndexedCache$2
instanceKlass org/gradle/cache/internal/btree/BTreePersistentIndexedCache$1
instanceKlass org/gradle/cache/internal/btree/FreeListBlockStore
instanceKlass org/gradle/cache/internal/btree/StateCheckBlockStore
instanceKlass net/rubygrapefruit/platform/internal/jni/WindowsFileFunctions
instanceKlass net/rubygrapefruit/platform/internal/WindowsFileStat
instanceKlass  @bci org/gradle/internal/vfs/impl/AbstractVirtualFileSystem storeWithAction (Ljava/lang/String;Lorg/gradle/internal/vfs/VirtualFileSystem$StoringAction;)Ljava/lang/Object; 12 <adapter> ; # java/lang/invoke/LambdaForm$MH+0x000001af81520800
instanceKlass  @bci org/gradle/internal/vfs/impl/AbstractVirtualFileSystem storeWithAction (Ljava/lang/String;Lorg/gradle/internal/vfs/VirtualFileSystem$StoringAction;)Ljava/lang/Object; 12 <appendix> form vmentry <vmtarget> ; # java/lang/invoke/LambdaForm$DMH+0x000001af81520400
instanceKlass  @bci org/gradle/internal/vfs/impl/AbstractVirtualFileSystem storeWithAction (Ljava/lang/String;Lorg/gradle/internal/vfs/VirtualFileSystem$StoringAction;)Ljava/lang/Object; 12 <appendix> member <vmtarget> ; # org/gradle/internal/vfs/impl/AbstractVirtualFileSystem$$Lambda+0x000001af8151c468
instanceKlass  @cpi org/gradle/internal/vfs/impl/AbstractVirtualFileSystem 282 form vmentry <vmtarget> ; # java/lang/invoke/LambdaForm$DMH+0x000001af81520000
instanceKlass org/gradle/internal/vfs/impl/VersionHierarchy$1
instanceKlass  @bci org/gradle/internal/snapshot/PathUtil <clinit> ()V 46 <appendix> argL0 ; # org/gradle/internal/snapshot/PathUtil$$Lambda+0x000001af8151bcf0
instanceKlass  @bci org/gradle/internal/snapshot/PathUtil <clinit> ()V 38 <appendix> argL0 ; # org/gradle/internal/snapshot/PathUtil$$Lambda+0x000001af8151ba58
instanceKlass org/gradle/internal/snapshot/PathUtil
instanceKlass org/gradle/internal/snapshot/VfsRelativePath
instanceKlass  @bci org/gradle/internal/vfs/impl/DefaultFileSystemAccess snapshotAndReuse (Ljava/lang/String;Lorg/gradle/internal/snapshot/SnapshottingFilter;Lcom/google/common/collect/ImmutableMap;)Ljava/util/Optional; 9 <appendix> member <vmtarget> ; # org/gradle/internal/vfs/impl/DefaultFileSystemAccess$$Lambda+0x000001af8151b3c8
instanceKlass org/gradle/internal/vfs/VirtualFileSystem$VfsStorer
instanceKlass org/gradle/internal/vfs/VirtualFileSystem$StoringAction
instanceKlass  @bci org/gradle/internal/vfs/impl/DefaultFileSystemAccess snapshot (Ljava/lang/String;Lorg/gradle/internal/snapshot/SnapshottingFilter;)Ljava/util/Optional; 10 <appendix> argL0 ; # org/gradle/internal/vfs/impl/DefaultFileSystemAccess$$Lambda+0x000001af8151ad88
instanceKlass org/gradle/internal/snapshot/SnapshottingFilter$1
instanceKlass org/gradle/internal/snapshot/SnapshottingFilter
instanceKlass  @bci org/gradle/internal/vfs/impl/DefaultFileSystemAccess lambda$readSnapshotFromLocation$10 (Ljava/lang/String;Ljava/util/function/Function;Ljava/util/function/Supplier;)Ljava/lang/Object; 9 <appendix> member <vmtarget> ; # org/gradle/internal/vfs/impl/DefaultFileSystemAccess$$Lambda+0x000001af8151a718
instanceKlass  @bci org/gradle/internal/vfs/impl/DefaultFileSystemAccess readSnapshotFromLocation (Ljava/lang/String;Ljava/util/function/Function;Ljava/util/function/Supplier;)Ljava/lang/Object; 18 <appendix> member <vmtarget> ; # org/gradle/internal/vfs/impl/DefaultFileSystemAccess$$Lambda+0x000001af8151a4f0
instanceKlass  @bci org/gradle/internal/snapshot/SnapshotHierarchy findSnapshot (Ljava/lang/String;)Ljava/util/Optional; 29 <appendix> member <vmtarget> ; # org/gradle/internal/snapshot/SnapshotHierarchy$$Lambda+0x000001af8151a2a8
instanceKlass  @bci org/gradle/internal/snapshot/SnapshotHierarchy findSnapshot (Ljava/lang/String;)Ljava/util/Optional; 14 <appendix> member <vmtarget> ; # org/gradle/internal/snapshot/SnapshotHierarchy$$Lambda+0x000001af8151a050
instanceKlass  @bci org/gradle/internal/vfs/impl/DefaultFileSystemAccess read (Ljava/lang/String;)Lorg/gradle/internal/snapshot/FileSystemLocationSnapshot; 9 <appendix> member <vmtarget> ; # org/gradle/internal/vfs/impl/DefaultFileSystemAccess$$Lambda+0x000001af81519e28
instanceKlass  @bci org/gradle/internal/vfs/impl/DefaultFileSystemAccess read (Ljava/lang/String;)Lorg/gradle/internal/snapshot/FileSystemLocationSnapshot; 2 <appendix> argL0 ; # org/gradle/internal/vfs/impl/DefaultFileSystemAccess$$Lambda+0x000001af81519be8
instanceKlass org/gradle/cache/internal/btree/Block
instanceKlass org/gradle/cache/internal/btree/FileBackedBlockStore
instanceKlass org/gradle/cache/internal/btree/CachingBlockStore
instanceKlass org/gradle/cache/internal/btree/KeyHasher
instanceKlass org/gradle/cache/internal/btree/BlockStore$Factory
instanceKlass org/gradle/cache/internal/btree/BlockPayload
instanceKlass org/gradle/cache/internal/btree/BlockStore
instanceKlass  @bci org/gradle/cache/internal/DefaultMultiProcessSafeIndexedCache getCache ()Lorg/gradle/cache/internal/btree/BTreePersistentIndexedCache; 12 <appendix> member <vmtarget> ; # org/gradle/cache/internal/DefaultMultiProcessSafeIndexedCache$$Lambda+0x000001af81518230
instanceKlass org/gradle/cache/internal/ExclusiveCacheAccessingWorker$1
instanceKlass org/gradle/cache/internal/ExclusiveCacheAccessingWorker$FlushOperationsCommand
instanceKlass org/gradle/cache/internal/ExclusiveCacheAccessingWorker$ShutdownOperationsCommand
instanceKlass org/gradle/internal/execution/workspace/impl/CacheBasedImmutableWorkspaceProvider$1
instanceKlass  @bci org/gradle/cache/internal/AsyncCacheAccessDecoratedCache putLater (Ljava/lang/Object;Ljava/lang/Object;Ljava/lang/Runnable;)V 8 <appendix> member <vmtarget> ; # org/gradle/cache/internal/AsyncCacheAccessDecoratedCache$$Lambda+0x000001af81517550
instanceKlass  @bci org/gradle/internal/execution/steps/ExecuteWorkBuildOperationFiringStep execute (Lorg/gradle/internal/execution/UnitOfWork;Lorg/gradle/internal/execution/steps/IdentityContext;)Lorg/gradle/internal/execution/steps/CachingResult; 20 <appendix> member <vmtarget> ; # org/gradle/internal/execution/steps/ExecuteWorkBuildOperationFiringStep$$Lambda+0x000001af81517328
instanceKlass  @bci org/gradle/internal/execution/steps/ExecuteWorkBuildOperationFiringStep execute (Lorg/gradle/internal/execution/UnitOfWork;Lorg/gradle/internal/execution/steps/IdentityContext;)Lorg/gradle/internal/execution/steps/CachingResult; 9 <appendix> member <vmtarget> ; # org/gradle/internal/execution/steps/ExecuteWorkBuildOperationFiringStep$$Lambda+0x000001af815170e0
instanceKlass org/gradle/internal/execution/steps/IdentifyStep$1
instanceKlass org/gradle/internal/execution/steps/IdentifyStep$Operation$Result
instanceKlass  @bci org/gradle/internal/scripts/BuildScriptCompilationAndInstrumentation identify (Ljava/util/Map;Ljava/util/Map;)Lorg/gradle/internal/execution/UnitOfWork$Identity; 34 <appendix> member <vmtarget> ; # org/gradle/internal/scripts/BuildScriptCompilationAndInstrumentation$$Lambda+0x000001af81516a88
instanceKlass org/gradle/internal/execution/UnitOfWork$Identity
instanceKlass  @bci org/gradle/internal/scripts/BuildScriptCompilationAndInstrumentation identify (Ljava/util/Map;Ljava/util/Map;)Lorg/gradle/internal/execution/UnitOfWork$Identity; 11 <appendix> member <vmtarget> ; # org/gradle/internal/scripts/BuildScriptCompilationAndInstrumentation$$Lambda+0x000001af81516650
instanceKlass  @bci com/google/common/collect/ImmutableSortedMap fromEntries (Ljava/util/Comparator;Z[Ljava/util/Map$Entry;I)Lcom/google/common/collect/ImmutableSortedMap; 152 <appendix> member <vmtarget> ; # com/google/common/collect/ImmutableSortedMap$$Lambda+0x000001af815163b0
instanceKlass org/gradle/internal/execution/impl/DefaultInputFingerprinter$InputFingerprints
instanceKlass  @bci org/gradle/groovy/scripts/internal/GroovyScriptClassCompiler$GroovyScriptCompilationAndInstrumentation visitIdentityInputs (Lorg/gradle/internal/execution/UnitOfWork$InputVisitor;)V 37 <appendix> member <vmtarget> ; # org/gradle/groovy/scripts/internal/GroovyScriptClassCompiler$GroovyScriptCompilationAndInstrumentation$$Lambda+0x000001af81515cd8
instanceKlass  @bci org/gradle/groovy/scripts/internal/GroovyScriptClassCompiler$GroovyScriptCompilationAndInstrumentation visitIdentityInputs (Lorg/gradle/internal/execution/UnitOfWork$InputVisitor;)V 23 <appendix> member <vmtarget> ; # org/gradle/groovy/scripts/internal/GroovyScriptClassCompiler$GroovyScriptCompilationAndInstrumentation$$Lambda+0x000001af81515818
instanceKlass  @bci org/gradle/groovy/scripts/internal/GroovyScriptClassCompiler$GroovyScriptCompilationAndInstrumentation visitIdentityInputs (Lorg/gradle/internal/execution/UnitOfWork$InputVisitor;)V 9 <appendix> member <vmtarget> ; # org/gradle/groovy/scripts/internal/GroovyScriptClassCompiler$GroovyScriptCompilationAndInstrumentation$$Lambda+0x000001af815155f0
instanceKlass  @bci org/gradle/internal/scripts/BuildScriptCompilationAndInstrumentation visitIdentityInputs (Lorg/gradle/internal/execution/UnitOfWork$InputVisitor;)V 12 <appendix> member <vmtarget> ; # org/gradle/internal/scripts/BuildScriptCompilationAndInstrumentation$$Lambda+0x000001af815153c8
instanceKlass org/gradle/internal/execution/UnitOfWork$ValueSupplier
instanceKlass org/gradle/internal/execution/InputFingerprinter$Result
instanceKlass org/gradle/internal/execution/impl/DefaultInputFingerprinter$InputCollectingVisitor
instanceKlass  @bci org/gradle/internal/execution/steps/IdentifyStep createIdentityContextInternal (Lorg/gradle/internal/execution/UnitOfWork;Lorg/gradle/internal/execution/steps/ExecutionRequestContext;)Lorg/gradle/internal/execution/steps/IdentityContext; 24 <appendix> member <vmtarget> ; # org/gradle/internal/execution/steps/IdentifyStep$$Lambda+0x000001af815143d8
instanceKlass org/gradle/internal/execution/steps/BuildOperationStep$1
instanceKlass org/gradle/internal/execution/steps/IdentifyStep$2
instanceKlass org/gradle/internal/execution/steps/IdentifyStep$Operation$Details
instanceKlass  @bci org/gradle/internal/execution/steps/IdentifyStep createIdentityContext (Lorg/gradle/internal/execution/UnitOfWork;Lorg/gradle/internal/execution/steps/ExecutionRequestContext;)Lorg/gradle/internal/execution/steps/IdentityContext; 9 <appendix> member <vmtarget> ; # org/gradle/internal/execution/steps/IdentifyStep$$Lambda+0x000001af81512fb0
instanceKlass  @bci org/gradle/internal/execution/WorkValidationContext$TypeOriginInspector <clinit> ()V 0 <appendix> argL0 ; # org/gradle/internal/execution/WorkValidationContext$TypeOriginInspector$$Lambda+0x000001af81512d90
instanceKlass org/gradle/internal/execution/impl/DefaultWorkValidationContext
instanceKlass org/gradle/internal/execution/impl/DefaultExecutionEngine$1
instanceKlass org/gradle/internal/instrumentation/reporting/listener/MethodInterceptionListener
instanceKlass org/gradle/internal/execution/UnitOfWork$WorkOutput
instanceKlass org/gradle/internal/scripts/BuildScriptCompilationAndInstrumentation
instanceKlass org/gradle/internal/execution/ImmutableUnitOfWork
instanceKlass  @bci org/gradle/cache/internal/DefaultCrossBuildInMemoryCacheFactory$AbstractCrossBuildInMemoryCache getIfPresent (Ljava/lang/Object;)Ljava/lang/Object; 6 <appendix> member <vmtarget> ; # org/gradle/cache/internal/DefaultCrossBuildInMemoryCacheFactory$AbstractCrossBuildInMemoryCache$$Lambda+0x000001af815115f8
instanceKlass java/math/MutableBigInteger
instanceKlass org/gradle/groovy/scripts/internal/ScriptCacheKey
instanceKlass org/gradle/groovy/scripts/internal/NoDataCompileOperation
instanceKlass org/codehaus/groovy/control/CompilationUnit$SourceUnitOperation
instanceKlass org/codehaus/groovy/control/CompilationUnit$ISourceUnitOperation
instanceKlass org/gradle/groovy/scripts/internal/Permits
instanceKlass org/gradle/plugin/use/internal/PluginUseScriptBlockMetadataCompiler
instanceKlass org/gradle/groovy/scripts/internal/InitialPassStatementTransformer
instanceKlass org/gradle/internal/resource/CachingTextResource
instanceKlass org/gradle/groovy/scripts/DelegatingScriptSource
instanceKlass org/gradle/groovy/scripts/DefaultScriptCompilerFactory$ScriptCompilerImpl
instanceKlass org/gradle/configuration/DefaultScriptTarget
instanceKlass  @bci org/gradle/configuration/DefaultScriptPluginFactory$ScriptPluginImpl apply (Ljava/lang/Object;)V 19 <appendix> member <vmtarget> ; # org/gradle/configuration/DefaultScriptPluginFactory$ScriptPluginImpl$$Lambda+0x000001af8150d850
instanceKlass org/gradle/configuration/BuildOperationScriptPlugin$OperationDetails
instanceKlass org/gradle/configuration/ApplyScriptPluginBuildOperationType$Details
instanceKlass org/gradle/configuration/BuildOperationScriptPlugin$1
instanceKlass org/gradle/internal/code/DefaultUserCodeApplicationContext$CurrentApplication
instanceKlass org/gradle/internal/code/UserCodeApplicationContext$Application
instanceKlass  @bci org/gradle/configuration/BuildOperationScriptPlugin apply (Ljava/lang/Object;)V 66 <appendix> member <vmtarget> ; # org/gradle/configuration/BuildOperationScriptPlugin$$Lambda+0x000001af8150c470
instanceKlass org/gradle/internal/code/UserCodeApplicationId
instanceKlass org/gradle/internal/code/DefaultUserCodeSource
instanceKlass org/gradle/configuration/BuildOperationScriptPlugin$2
instanceKlass org/gradle/internal/code/UserCodeSource
instanceKlass org/gradle/configuration/ApplyScriptPluginBuildOperationType$Result
instanceKlass org/gradle/configuration/BuildOperationScriptPlugin
instanceKlass org/gradle/internal/scripts/GradleScript
instanceKlass org/gradle/api/Script
instanceKlass org/gradle/configuration/ScriptTarget
instanceKlass org/gradle/configuration/DefaultScriptPluginFactory$ScriptPluginImpl
instanceKlass sun/nio/fs/WindowsPath$1
instanceKlass org/gradle/api/internal/cache/CacheDirUtil
instanceKlass  @bci org/gradle/api/internal/provider/AbstractProperty beforeRead (Lorg/gradle/internal/evaluation/EvaluationScopeContext;Lorg/gradle/internal/state/ModelObject;Lorg/gradle/api/internal/provider/ValueSupplier$ValueConsumer;)V 12 <appendix> member <vmtarget> ; # org/gradle/api/internal/provider/AbstractProperty$$Lambda+0x000001af8150a0f8
instanceKlass org/gradle/cache/CleanupFrequency$3
instanceKlass org/gradle/cache/CleanupFrequency$2
instanceKlass org/gradle/cache/CleanupFrequency$1
instanceKlass org/gradle/api/internal/cache/DefaultCleanup
instanceKlass org/gradle/api/internal/cache/CleanupInternal
instanceKlass  @bci it/unimi/dsi/fastutil/objects/ReferenceArrayList <clinit> ()V 26 <appendix> argL0 ; # it/unimi/dsi/fastutil/objects/ReferenceArrayList$$Lambda+0x000001af81508f98
instanceKlass  @bci it/unimi/dsi/fastutil/objects/ReferenceArrayList <clinit> ()V 21 <appendix> argL0 ; # it/unimi/dsi/fastutil/objects/ReferenceArrayList$$Lambda+0x000001af81508d68
instanceKlass  @bci it/unimi/dsi/fastutil/objects/ReferenceArrayList <clinit> ()V 16 <appendix> argL0 ; # it/unimi/dsi/fastutil/objects/ReferenceArrayList$$Lambda+0x000001af81508b48
instanceKlass it/unimi/dsi/fastutil/objects/ObjectListIterator
instanceKlass it/unimi/dsi/fastutil/objects/ObjectBidirectionalIterator
instanceKlass it/unimi/dsi/fastutil/BidirectionalIterator
instanceKlass it/unimi/dsi/fastutil/Stack
instanceKlass it/unimi/dsi/fastutil/objects/ReferenceList
instanceKlass it/unimi/dsi/fastutil/HashCommon
instanceKlass  @bci it/unimi/dsi/fastutil/objects/ReferenceOpenHashSet <clinit> ()V 10 <appendix> argL0 ; # it/unimi/dsi/fastutil/objects/ReferenceOpenHashSet$$Lambda+0x000001af81506a80
instanceKlass  @bci it/unimi/dsi/fastutil/objects/ReferenceOpenHashSet <clinit> ()V 5 <appendix> argL0 ; # it/unimi/dsi/fastutil/objects/ReferenceOpenHashSet$$Lambda+0x000001af81506850
instanceKlass  @bci it/unimi/dsi/fastutil/objects/ReferenceOpenHashSet <clinit> ()V 0 <appendix> argL0 ; # it/unimi/dsi/fastutil/objects/ReferenceOpenHashSet$$Lambda+0x000001af81506630
instanceKlass it/unimi/dsi/fastutil/objects/ObjectSpliterator
instanceKlass it/unimi/dsi/fastutil/objects/ObjectIterator
instanceKlass it/unimi/dsi/fastutil/objects/ReferenceSet
instanceKlass it/unimi/dsi/fastutil/objects/ReferenceCollection
instanceKlass it/unimi/dsi/fastutil/objects/ObjectIterable
instanceKlass it/unimi/dsi/fastutil/Hash
instanceKlass  @bci org/gradle/internal/evaluation/EvaluationContext <init> ()V 6 <appendix> member <vmtarget> ; # org/gradle/internal/evaluation/EvaluationContext$$Lambda+0x000001af81504660
instanceKlass org/gradle/internal/evaluation/EvaluationContext$PerThreadContext
instanceKlass org/gradle/internal/evaluation/EvaluationScopeContext
instanceKlass org/gradle/internal/evaluation/EvaluationContext
instanceKlass  @bci org/gradle/api/internal/cache/DefaultCacheConfigurations$ContextualErrorMessageProperty set (Lorg/gradle/api/provider/Provider;)V 3 <appendix> member <vmtarget> ; # org/gradle/api/internal/cache/DefaultCacheConfigurations$ContextualErrorMessageProperty$$Lambda+0x000001af814dbd98
instanceKlass  @bci org/gradle/api/internal/cache/DefaultCacheConfigurations$ContextualErrorMessageProperty value (Lorg/gradle/api/provider/Provider;)Lorg/gradle/api/internal/cache/DefaultCacheConfigurations$ContextualErrorMessageProperty; 3 <appendix> member <vmtarget> ; # org/gradle/api/internal/cache/DefaultCacheConfigurations$ContextualErrorMessageProperty$$Lambda+0x000001af814dbb70
instanceKlass org/gradle/internal/event/DefaultListenerManager$ExclusiveEventBroadcast$2
instanceKlass org/gradle/internal/event/BroadcastDispatch$ActionInvocationHandler
instanceKlass  @bci org/gradle/internal/operations/notify/BuildOperationNotificationBridge$2 beforeSettings (Lorg/gradle/api/initialization/Settings;)V 21 <appendix> member <vmtarget> ; # org/gradle/internal/operations/notify/BuildOperationNotificationBridge$2$$Lambda+0x000001af814db4d0
instanceKlass org/gradle/internal/extensibility/ExtensionsStorage$ExtensionHolder
instanceKlass org/gradle/api/plugins/ExtensionsSchema$ExtensionSchema
instanceKlass org/gradle/api/NamedDomainObjectCollectionSchema$NamedDomainObjectSchema
instanceKlass  @bci org/codehaus/groovy/runtime/memoize/StampedCommonCache clearAll ()Ljava/util/Map; 1 <appendix> argL0 ; # org/codehaus/groovy/runtime/memoize/StampedCommonCache$$Lambda+0x000001af814da630
instanceKlass org/codehaus/groovy/runtime/memoize/EvictableCache$Action
instanceKlass java/util/WeakHashMap$HashIterator
instanceKlass  @bci java/util/stream/StreamSpliterators$WrappingSpliterator initPartialTraversalState ()V 37 <appendix> member <vmtarget> ; # java/util/stream/StreamSpliterators$WrappingSpliterator$$Lambda+0x000001af814e7668
instanceKlass java/util/function/BooleanSupplier
instanceKlass  @bci java/util/stream/StreamSpliterators$WrappingSpliterator initPartialTraversalState ()V 24 <appendix> member <vmtarget> ; # java/util/stream/StreamSpliterators$WrappingSpliterator$$Lambda+0x000001af814e71b8
instanceKlass jdk/internal/jrtfs/JrtDirectoryStream$1
instanceKlass  @bci jdk/internal/jrtfs/JrtFileSystem iteratorOf (Ljdk/internal/jrtfs/JrtPath;Ljava/nio/file/DirectoryStream$Filter;)Ljava/util/Iterator; 82 <appendix> member <vmtarget> ; # jdk/internal/jrtfs/JrtFileSystem$$Lambda+0x000001af814e6cf8
instanceKlass  @bci jdk/internal/jrtfs/JrtFileSystem iteratorOf (Ljdk/internal/jrtfs/JrtPath;Ljava/nio/file/DirectoryStream$Filter;)Ljava/util/Iterator; 71 <appendix> member <vmtarget> ; # jdk/internal/jrtfs/JrtFileSystem$$Lambda+0x000001af814e6ab0
instanceKlass jdk/internal/jrtfs/JrtDirectoryStream
instanceKlass jdk/internal/jrtfs/JrtFileAttributes
instanceKlass  @bci jdk/internal/jimage/ImageReader$SharedImageReader handleModulesSubTree (Ljava/lang/String;Ljdk/internal/jimage/ImageLocation;)Ljdk/internal/jimage/ImageReader$Node; 37 <appendix> member <vmtarget> ; # jdk/internal/jimage/ImageReader$SharedImageReader$$Lambda+0x000001af814e6000
instanceKlass jdk/internal/jimage/ImageReader$SharedImageReader$LocationVisitor
instanceKlass jdk/internal/jimage/ImageReader$Node
instanceKlass jdk/internal/jrtfs/SystemImage$2
instanceKlass java/lang/Class$Holder
instanceKlass  @bci jdk/internal/jrtfs/SystemImage <clinit> ()V 0 <appendix> argL0 ; # jdk/internal/jrtfs/SystemImage$$Lambda+0x000001af814e4e50
instanceKlass jdk/internal/jrtfs/SystemImage
instanceKlass jdk/internal/jrtfs/JrtPath
instanceKlass groovy/grape/GrapeIvy
instanceKlass groovy/grape/GrapeEngine
instanceKlass  @bci org/codehaus/groovy/vmplugin/v9/Java9 lambda$doFindClasses$3 (Ljava/util/List;Ljava/util/Map$Entry;)Ljava/util/Set; 25 <appendix> argL0 ; # org/codehaus/groovy/vmplugin/v9/Java9$$Lambda+0x000001af814d9c28
instanceKlass  @bci org/codehaus/groovy/vmplugin/v9/Java9 lambda$doFindClasses$3 (Ljava/util/List;Ljava/util/Map$Entry;)Ljava/util/Set; 15 <appendix> member <vmtarget> ; # org/codehaus/groovy/vmplugin/v9/Java9$$Lambda+0x000001af814d99d0
instanceKlass  @bci org/codehaus/groovy/vmplugin/v9/Java9 lambda$doFindClasses$0 (Ljava/util/List;Ljava/util/Map$Entry;)Z 20 <appendix> member <vmtarget> ; # org/codehaus/groovy/vmplugin/v9/Java9$$Lambda+0x000001af814d9778
instanceKlass  @bci org/codehaus/groovy/vmplugin/v9/Java9 doFindClasses (Ljava/net/URI;Ljava/lang/String;Ljava/util/List;)Ljava/util/Map; 33 <appendix> member <vmtarget> ; # org/codehaus/groovy/vmplugin/v9/Java9$$Lambda+0x000001af814d9530
instanceKlass  @bci org/codehaus/groovy/vmplugin/v9/Java9 doFindClasses (Ljava/net/URI;Ljava/lang/String;Ljava/util/List;)Ljava/util/Map; 27 <appendix> argL0 ; # org/codehaus/groovy/vmplugin/v9/Java9$$Lambda+0x000001af814d92f0
instanceKlass  @bci org/codehaus/groovy/vmplugin/v9/Java9 doFindClasses (Ljava/net/URI;Ljava/lang/String;Ljava/util/List;)Ljava/util/Map; 17 <appendix> member <vmtarget> ; # org/codehaus/groovy/vmplugin/v9/Java9$$Lambda+0x000001af814d9098
instanceKlass  @bci jdk/nio/zipfs/ZipFileSystemProvider removeFileSystem (Ljava/nio/file/Path;Ljdk/nio/zipfs/ZipFileSystem;)V 17 <appendix> member <vmtarget> ; # jdk/nio/zipfs/ZipFileSystemProvider$$Lambda+0x000001af81500738
instanceKlass  @bci jdk/nio/zipfs/ZipFileSystem close ()V 97 <appendix> member <vmtarget> ; # jdk/nio/zipfs/ZipFileSystem$$Lambda+0x000001af81500510
instanceKlass  @bci org/codehaus/groovy/vmplugin/v9/ClassFinder$1 visitFile (Ljava/nio/file/Path;Ljava/nio/file/attribute/BasicFileAttributes;)Ljava/nio/file/FileVisitResult; 153 <appendix> argL0 ; # org/codehaus/groovy/vmplugin/v9/ClassFinder$1$$Lambda+0x000001af814d8e58
instanceKlass java/nio/file/Files$3
instanceKlass java/nio/file/FileTreeWalker$Event
instanceKlass jdk/nio/zipfs/ZipDirectoryStream$1
instanceKlass java/nio/file/FileTreeWalker$DirectoryNode
instanceKlass jdk/nio/zipfs/ZipDirectoryStream
instanceKlass java/time/chrono/AbstractChronology
instanceKlass jdk/nio/zipfs/ZipUtils
instanceKlass java/nio/file/FileTreeWalker
instanceKlass java/nio/file/SimpleFileVisitor
instanceKlass jdk/nio/zipfs/ZipFileSystem$END
instanceKlass jdk/nio/zipfs/ZipConstants
instanceKlass sun/nio/fs/WindowsChannelFactory$2
instanceKlass sun/nio/fs/WindowsSecurityDescriptor
instanceKlass java/nio/file/attribute/PosixFileAttributeView
instanceKlass jdk/nio/zipfs/ZipFileAttributeView
instanceKlass jdk/nio/zipfs/ZipPath
instanceKlass jdk/nio/zipfs/ZipCoder
instanceKlass sun/nio/fs/WindowsSecurity
instanceKlass sun/nio/fs/AbstractAclFileAttributeView
instanceKlass java/nio/file/attribute/AclFileAttributeView
instanceKlass java/nio/file/attribute/FileOwnerAttributeView
instanceKlass  @bci jdk/nio/zipfs/ZipFileSystem <init> (Ljdk/nio/zipfs/ZipFileSystemProvider;Ljava/nio/file/Path;Ljava/util/Map;)V 431 <appendix> member <vmtarget> ; # jdk/nio/zipfs/ZipFileSystem$$Lambda+0x000001af814de558
instanceKlass sun/nio/ch/FileChannelImpl$Closer
instanceKlass sun/nio/fs/WindowsChannelFactory$Flags
instanceKlass sun/nio/fs/WindowsChannelFactory$1
instanceKlass sun/nio/fs/WindowsChannelFactory
instanceKlass sun/nio/fs/WindowsFileSystemProvider$1
instanceKlass  @bci jdk/nio/zipfs/ZipFileSystem <clinit> ()V 0 <appendix> argL0 ; # jdk/nio/zipfs/ZipFileSystem$$Lambda+0x000001af814de338
instanceKlass java/nio/file/attribute/PosixFileAttributes
instanceKlass jdk/nio/zipfs/ZipFileAttributes
instanceKlass jdk/nio/zipfs/ZipFileSystem$IndexNode
instanceKlass sun/nio/fs/WindowsLinkSupport
instanceKlass  @bci sun/net/www/protocol/jrt/JavaRuntimeURLConnection <clinit> ()V 0 <appendix> argL0 ; # sun/net/www/protocol/jrt/JavaRuntimeURLConnection$$Lambda+0x000001af8137ee78
instanceKlass java/nio/channels/AsynchronousFileChannel
instanceKlass java/nio/channels/AsynchronousChannel
instanceKlass java/nio/file/FileStore
instanceKlass java/nio/file/spi/FileSystemProvider$1
instanceKlass sun/nio/fs/WindowsUriSupport
instanceKlass org/codehaus/groovy/vmplugin/v9/ClassFinder
instanceKlass org/apache/groovy/util/Maps
instanceKlass org/codehaus/groovy/GroovyExceptionInterface
instanceKlass groovy/lang/GroovyClassLoader$1
instanceKlass org/codehaus/groovy/runtime/memoize/CommonCache
instanceKlass java/util/concurrent/locks/StampedLock
instanceKlass org/codehaus/groovy/runtime/memoize/StampedCommonCache
instanceKlass org/codehaus/groovy/runtime/memoize/ValueConvertable
instanceKlass org/codehaus/groovy/control/CompilationUnit$IPrimaryClassNodeOperation
instanceKlass org/codehaus/groovy/control/CompilationUnit$PhaseOperation
instanceKlass org/codehaus/groovy/control/CompilationUnit$ClassgenCallback
instanceKlass org/codehaus/groovy/runtime/memoize/UnlimitedConcurrentCache
instanceKlass org/codehaus/groovy/runtime/memoize/EvictableCache
instanceKlass org/codehaus/groovy/ast/expr/MethodCall
instanceKlass org/codehaus/groovy/control/messages/Message
instanceKlass org/codehaus/groovy/ast/stmt/LoopingStatement
instanceKlass org/codehaus/groovy/ast/CodeVisitorSupport
instanceKlass org/codehaus/groovy/ast/GroovyCodeVisitor
instanceKlass org/codehaus/groovy/ast/GroovyClassVisitor
instanceKlass org/codehaus/groovy/transform/ErrorCollecting
instanceKlass org/codehaus/groovy/ast/expr/ExpressionTransformer
instanceKlass java/util/concurrent/locks/ReentrantReadWriteLock$WriteLock
instanceKlass java/util/concurrent/locks/ReentrantReadWriteLock$ReadLock
instanceKlass org/apache/groovy/plugin/GroovyRunnerRegistry
instanceKlass  @bci org/codehaus/groovy/runtime/metaclass/MetaClassRegistryImpl <init> (IZ)V 318 <appendix> member <vmtarget> ; # org/codehaus/groovy/runtime/metaclass/MetaClassRegistryImpl$$Lambda+0x000001af814c8d80
instanceKlass  @bci groovy/lang/MetaClassImpl getPropName (Ljava/lang/String;)Ljava/lang/String; 5 <appendix> member <vmtarget> ; # groovy/lang/MetaClassImpl$$Lambda+0x000001af814c88f0
instanceKlass org/codehaus/groovy/runtime/GroovyCategorySupport
instanceKlass java/util/concurrent/locks/ReentrantReadWriteLock
instanceKlass java/util/concurrent/locks/ReadWriteLock
instanceKlass org/codehaus/groovy/util/ComplexKeyHashMap$1
instanceKlass  @bci org/codehaus/groovy/reflection/CachedClass$1 lambda$initValue$2 ()[Lorg/codehaus/groovy/reflection/CachedField; 33 <appendix> argL0 ; # org/codehaus/groovy/reflection/CachedClass$1$$Lambda+0x000001af814c8000
instanceKlass  @bci org/codehaus/groovy/reflection/CachedClass$1 lambda$initValue$2 ()[Lorg/codehaus/groovy/reflection/CachedField; 23 <appendix> argL0 ; # org/codehaus/groovy/reflection/CachedClass$1$$Lambda+0x000001af814c7d60
instanceKlass  @bci org/codehaus/groovy/reflection/CachedClass$1 lambda$initValue$2 ()[Lorg/codehaus/groovy/reflection/CachedField; 13 <appendix> argL0 ; # org/codehaus/groovy/reflection/CachedClass$1$$Lambda+0x000001af814c7b10
instanceKlass  @bci org/codehaus/groovy/reflection/CachedClass$1 initValue ()[Lorg/codehaus/groovy/reflection/CachedField; 1 <appendix> member <vmtarget> ; # org/codehaus/groovy/reflection/CachedClass$1$$Lambda+0x000001af814c78e8
instanceKlass java/beans/SimpleBeanInfo
instanceKlass java/beans/Transient
instanceKlass java/beans/BeanProperty
instanceKlass  @bci com/sun/beans/introspect/PropertyInfo get (Ljava/lang/Class;)Ljava/util/Map; 440 <appendix> argL0 ; # com/sun/beans/introspect/PropertyInfo$$Lambda+0x000001af8137a5c0
instanceKlass com/sun/beans/WildcardTypeImpl
instanceKlass com/sun/beans/introspect/PropertyInfo
instanceKlass  @bci com/sun/beans/introspect/EventSetInfo get (Ljava/lang/Class;)Ljava/util/Map; 314 <appendix> argL0 ; # com/sun/beans/introspect/EventSetInfo$$Lambda+0x000001af81379f10
instanceKlass com/sun/beans/introspect/EventSetInfo
instanceKlass  @bci java/lang/reflect/Executable sharedToGenericString (IZ)Ljava/lang/String; 193 <appendix> argL0 ; # java/lang/reflect/Executable$$Lambda+0x000001af813798c8
instanceKlass com/sun/beans/WeakCache
instanceKlass com/sun/beans/TypeResolver
instanceKlass java/beans/MethodRef
instanceKlass com/sun/beans/introspect/MethodInfo$MethodOrder
instanceKlass  @bci java/util/ArrayDeque copyElements (Ljava/util/Collection;)V 2 <appendix> member <vmtarget> ; # java/util/ArrayDeque$$Lambda+0x000001af81378b00
instanceKlass com/sun/beans/introspect/MethodInfo
instanceKlass com/sun/beans/util/Cache$Ref
instanceKlass com/sun/beans/util/Cache$CacheEntry
instanceKlass com/sun/beans/util/Cache
instanceKlass com/sun/beans/introspect/ClassInfo
instanceKlass javax/swing/SwingContainer
instanceKlass java/beans/JavaBean
instanceKlass com/sun/beans/finder/ClassFinder
instanceKlass com/sun/beans/finder/InstanceFinder
instanceKlass java/beans/WeakIdentityMap
instanceKlass java/beans/ThreadGroupContext
instanceKlass  @bci groovy/lang/MetaClassImpl addProperties ()V 27 <appendix> member <vmtarget> ; # groovy/lang/MetaClassImpl$$Lambda+0x000001af814c72d0
instanceKlass java/beans/BeanInfo
instanceKlass org/codehaus/groovy/reflection/CachedClass$CachedMethodComparatorWithString
instanceKlass org/codehaus/groovy/runtime/callsite/CallSiteArray
instanceKlass org/codehaus/groovy/util/AbstractConcurrentMapBase
instanceKlass  @bci org/codehaus/groovy/reflection/CachedClass$2 lambda$initValue$4 ()[Lorg/codehaus/groovy/reflection/CachedConstructor; 44 <appendix> argL0 ; # org/codehaus/groovy/reflection/CachedClass$2$$Lambda+0x000001af814c5a70
instanceKlass  @bci org/codehaus/groovy/reflection/CachedClass$2 lambda$initValue$4 ()[Lorg/codehaus/groovy/reflection/CachedConstructor; 34 <appendix> member <vmtarget> ; # org/codehaus/groovy/reflection/CachedClass$2$$Lambda+0x000001af814c5828
instanceKlass  @bci org/codehaus/groovy/reflection/CachedClass$2 lambda$initValue$4 ()[Lorg/codehaus/groovy/reflection/CachedConstructor; 23 <appendix> argL0 ; # org/codehaus/groovy/reflection/CachedClass$2$$Lambda+0x000001af814c55d8
instanceKlass  @bci org/codehaus/groovy/reflection/CachedClass$2 lambda$initValue$4 ()[Lorg/codehaus/groovy/reflection/CachedConstructor; 13 <appendix> argL0 ; # org/codehaus/groovy/reflection/CachedClass$2$$Lambda+0x000001af814c5388
instanceKlass groovy/lang/ExpandoMetaClass$Callable
instanceKlass org/codehaus/groovy/runtime/MethodKey
instanceKlass groovy/lang/ClosureInvokingMethod
instanceKlass  @bci org/codehaus/groovy/reflection/CachedClass$2 initValue ()[Lorg/codehaus/groovy/reflection/CachedConstructor; 1 <appendix> member <vmtarget> ; # org/codehaus/groovy/reflection/CachedClass$2$$Lambda+0x000001af814c4080
instanceKlass org/codehaus/groovy/runtime/metaclass/MetaMethodIndex$EntryIterator
instanceKlass  @bci groovy/lang/MetaClassImpl <clinit> ()V 111 <appendix> argL0 ; # groovy/lang/MetaClassImpl$$Lambda+0x000001af814c3840
instanceKlass  @bci groovy/lang/MetaClassImpl <clinit> ()V 103 <appendix> argL0 ; # groovy/lang/MetaClassImpl$$Lambda+0x000001af814c3620
instanceKlass  @bci groovy/lang/MetaClassImpl <clinit> ()V 55 <appendix> argL0 ; # groovy/lang/MetaClassImpl$$Lambda+0x000001af814c33e0
instanceKlass org/codehaus/groovy/runtime/GeneratedClosure
instanceKlass org/gradle/api/internal/provider/MapPropertyExtensions
instanceKlass org/w3c/dom/Document
instanceKlass org/w3c/dom/UserDataHandler
instanceKlass org/w3c/dom/NamedNodeMap
instanceKlass org/w3c/dom/TypeInfo
instanceKlass org/w3c/dom/Attr
instanceKlass org/w3c/dom/Element
instanceKlass org/w3c/dom/Node
instanceKlass org/w3c/dom/NodeList
instanceKlass org/apache/groovy/xml/extensions/XmlExtensions
instanceKlass java/sql/Blob
instanceKlass java/sql/SQLXML
instanceKlass java/sql/NClob
instanceKlass java/sql/Clob
instanceKlass java/sql/Statement
instanceKlass java/sql/SQLType
instanceKlass java/sql/RowId
instanceKlass java/sql/Array
instanceKlass java/sql/Ref
instanceKlass groovy/sql/GroovyResultSet
instanceKlass java/sql/ResultSet
instanceKlass java/sql/ResultSetMetaData
instanceKlass java/sql/Wrapper
instanceKlass org/apache/groovy/sql/extensions/SqlExtensions
instanceKlass java/nio/file/WatchKey
instanceKlass java/nio/file/WatchEvent$Modifier
instanceKlass java/nio/file/WatchEvent$Kind
instanceKlass java/nio/file/WatchService
instanceKlass org/apache/groovy/dateutil/extensions/DateUtilStaticExtensions
instanceKlass org/apache/groovy/dateutil/extensions/DateUtilExtensions
instanceKlass java/time/chrono/Chronology
instanceKlass java/time/chrono/Era
instanceKlass java/time/format/DateTimeFormatter
instanceKlass java/time/temporal/TemporalQuery
instanceKlass java/time/MonthDay
instanceKlass java/time/Year
instanceKlass java/time/OffsetDateTime
instanceKlass java/time/Period
instanceKlass java/time/Instant
instanceKlass java/time/ZonedDateTime
instanceKlass java/time/chrono/ChronoZonedDateTime
instanceKlass java/time/OffsetTime
instanceKlass java/time/YearMonth
instanceKlass java/time/chrono/ChronoPeriod
instanceKlass org/apache/groovy/datetime/extensions/DateTimeStaticExtensions
instanceKlass org/apache/groovy/datetime/extensions/DateTimeExtensions
instanceKlass org/gradle/api/artifacts/DependencyArtifact
instanceKlass org/gradle/api/tasks/TaskDependency
instanceKlass org/gradle/api/artifacts/dsl/DependencyModifier
instanceKlass org/gradle/api/artifacts/DependencyConstraint
instanceKlass org/gradle/api/provider/ProviderConvertible
instanceKlass org/gradle/api/artifacts/ExternalModuleDependency
instanceKlass org/gradle/api/artifacts/ExternalDependency
instanceKlass org/gradle/api/artifacts/ModuleVersionSelector
instanceKlass org/gradle/api/artifacts/dsl/Dependencies
instanceKlass org/gradle/api/internal/artifacts/dsl/dependencies/DependenciesExtensionModule
instanceKlass  @bci org/codehaus/groovy/runtime/metaclass/MetaClassRegistryImpl$DefaultModuleListener onModule (Lorg/codehaus/groovy/runtime/m12n/ExtensionModule;)V 157 <appendix> argL0 ; # org/codehaus/groovy/runtime/metaclass/MetaClassRegistryImpl$DefaultModuleListener$$Lambda+0x000001af814bf880
instanceKlass org/codehaus/groovy/runtime/metaclass/MethodHelper
instanceKlass javax/swing/ButtonModel
instanceKlass java/awt/LayoutManager
instanceKlass javax/swing/AbstractButton$Handler
instanceKlass javax/swing/event/ChangeListener
instanceKlass javax/swing/Icon
instanceKlass javax/swing/ListSelectionModel
instanceKlass javax/swing/event/TableColumnModelListener
instanceKlass java/awt/event/ItemListener
instanceKlass javax/swing/MenuSelectionManager
instanceKlass javax/swing/event/TableModelListener
instanceKlass javax/accessibility/AccessibleStateSet
instanceKlass sun/awt/RequestFocusController
instanceKlass java/awt/im/InputMethodRequests
instanceKlass java/awt/image/BufferStrategy
instanceKlass java/awt/dnd/DropTarget
instanceKlass java/awt/dnd/DropTargetListener
instanceKlass java/awt/peer/ComponentPeer
instanceKlass java/awt/event/MouseWheelListener
instanceKlass java/awt/event/HierarchyBoundsListener
instanceKlass java/awt/event/HierarchyListener
instanceKlass java/awt/event/InputMethodListener
instanceKlass java/awt/event/MouseMotionListener
instanceKlass java/awt/event/MouseListener
instanceKlass java/awt/event/KeyListener
instanceKlass java/awt/event/FocusListener
instanceKlass sun/awt/ComponentFactory
instanceKlass java/awt/BufferCapabilities
instanceKlass java/awt/ImageCapabilities
instanceKlass java/awt/image/ImageProducer
instanceKlass java/awt/Cursor
instanceKlass java/awt/image/ColorModel
instanceKlass java/awt/im/InputContext
instanceKlass java/awt/Toolkit
instanceKlass sun/java2d/pipe/Region
instanceKlass java/awt/ComponentOrientation
instanceKlass java/awt/PointerInfo
instanceKlass java/awt/GraphicsConfiguration
instanceKlass java/awt/Event
instanceKlass java/awt/MenuComponent
instanceKlass java/awt/Image
instanceKlass javax/swing/InputVerifier
instanceKlass javax/swing/event/AncestorListener
instanceKlass javax/swing/AncestorNotifier
instanceKlass java/beans/PropertyChangeListener
instanceKlass java/awt/event/ComponentListener
instanceKlass java/beans/VetoableChangeListener
instanceKlass javax/swing/ArrayTable
instanceKlass java/awt/AWTKeyStroke
instanceKlass javax/swing/ActionMap
instanceKlass javax/swing/InputMap
instanceKlass java/awt/Insets
instanceKlass java/awt/FontMetrics
instanceKlass javax/swing/border/Border
instanceKlass java/awt/Font
instanceKlass java/awt/Color
instanceKlass java/awt/Paint
instanceKlass java/awt/Transparency
instanceKlass javax/swing/plaf/ComponentUI
instanceKlass java/util/EventObject
instanceKlass javax/swing/TransferHandler$DropLocation
instanceKlass java/awt/geom/Dimension2D
instanceKlass java/awt/geom/Point2D
instanceKlass java/awt/geom/RectangularShape
instanceKlass java/awt/Shape
instanceKlass java/awt/Graphics
instanceKlass javax/swing/TransferHandler
instanceKlass javax/accessibility/AccessibleContext
instanceKlass javax/swing/table/TableColumn
instanceKlass javax/swing/Action
instanceKlass javax/swing/table/AbstractTableModel
instanceKlass javax/swing/MutableComboBoxModel
instanceKlass javax/swing/ComboBoxModel
instanceKlass javax/swing/tree/DefaultMutableTreeNode
instanceKlass javax/swing/AbstractListModel
instanceKlass javax/swing/ButtonGroup
instanceKlass javax/swing/table/TableColumnModel
instanceKlass java/awt/event/ActionListener
instanceKlass javax/swing/event/ListDataListener
instanceKlass java/awt/ItemSelectable
instanceKlass javax/swing/MenuElement
instanceKlass javax/swing/table/TableModel
instanceKlass java/awt/Component
instanceKlass java/awt/MenuContainer
instanceKlass java/awt/image/ImageObserver
instanceKlass javax/swing/TransferHandler$HasGetTransferHandler
instanceKlass javax/swing/SwingConstants
instanceKlass javax/accessibility/Accessible
instanceKlass javax/swing/tree/TreePath
instanceKlass javax/swing/tree/MutableTreeNode
instanceKlass javax/swing/tree/TreeNode
instanceKlass javax/swing/ListModel
instanceKlass org/apache/groovy/swing/extensions/SwingExtensions
instanceKlass org/codehaus/groovy/runtime/m12n/ExtensionModule
instanceKlass org/codehaus/groovy/runtime/m12n/PropertiesModuleFactory
instanceKlass org/codehaus/groovy/util/URLStreams
instanceKlass org/codehaus/groovy/runtime/metaclass/MetaClassRegistryImpl$DefaultModuleListener
instanceKlass org/codehaus/groovy/runtime/m12n/ExtensionModuleScanner
instanceKlass java/util/ResourceBundle$CacheKey
instanceKlass org/codehaus/groovy/runtime/DefaultGroovyStaticMethods
instanceKlass java/lang/constant/DynamicConstantDesc
instanceKlass java/lang/constant/ClassDesc
instanceKlass  @bci org/codehaus/groovy/runtime/metaclass/MetaClassRegistryImpl registerMethods (Ljava/lang/Class;ZZLjava/util/Map;)V 253 <appendix> argL0 ; # org/codehaus/groovy/runtime/metaclass/MetaClassRegistryImpl$$Lambda+0x000001af814bdf18
instanceKlass org/codehaus/groovy/runtime/RangeInfo
instanceKlass java/util/function/ToDoubleFunction
instanceKlass java/util/function/ToLongFunction
instanceKlass java/util/function/ToIntFunction
instanceKlass java/util/function/DoubleFunction
instanceKlass java/util/function/DoublePredicate
instanceKlass java/util/function/LongPredicate
instanceKlass java/util/function/IntPredicate
instanceKlass java/util/stream/DoubleStream
instanceKlass java/util/stream/LongStream
instanceKlass java/util/OptionalInt
instanceKlass java/util/OptionalDouble
instanceKlass java/util/OptionalLong
instanceKlass  @bci org/codehaus/groovy/runtime/metaclass/MetaClassRegistryImpl createMetaMethodFromClass (Ljava/util/Map;Ljava/lang/Class;)V 28 <appendix> argL0 ; # org/codehaus/groovy/runtime/metaclass/MetaClassRegistryImpl$$Lambda+0x000001af814bd620
instanceKlass org/codehaus/groovy/runtime/NumberAwareComparator
instanceKlass org/codehaus/groovy/runtime/EncodingGroovyMethods
instanceKlass org/codehaus/groovy/runtime/DefaultGroovyMethodsSupport
instanceKlass java/lang/ProcessHandle
instanceKlass java/lang/ProcessHandle$Info
instanceKlass org/codehaus/groovy/runtime/MetaClassHelper
instanceKlass org/codehaus/groovy/reflection/CachedMethod$MyComparator
instanceKlass  @bci java/lang/SecurityManager nonExportedPkgs (Ljava/lang/module/ModuleDescriptor;)Ljava/util/Set; 92 <appendix> member <vmtarget> ; # java/lang/SecurityManager$$Lambda+0x000001af8134aaf8
instanceKlass  @bci java/lang/SecurityManager nonExportedPkgs (Ljava/lang/module/ModuleDescriptor;)Ljava/util/Set; 76 <appendix> argL0 ; # java/lang/SecurityManager$$Lambda+0x000001af8134a8b8
instanceKlass  @bci java/lang/SecurityManager nonExportedPkgs (Ljava/lang/module/ModuleDescriptor;)Ljava/util/Set; 66 <appendix> argL0 ; # java/lang/SecurityManager$$Lambda+0x000001af8134a668
instanceKlass  @bci java/lang/SecurityManager nonExportedPkgs (Ljava/lang/module/ModuleDescriptor;)Ljava/util/Set; 47 <appendix> member <vmtarget> ; # java/lang/SecurityManager$$Lambda+0x000001af8134a430
instanceKlass  @bci java/lang/SecurityManager nonExportedPkgs (Ljava/lang/module/ModuleDescriptor;)Ljava/util/Set; 31 <appendix> argL0 ; # java/lang/SecurityManager$$Lambda+0x000001af8134a1f0
instanceKlass  @bci java/lang/SecurityManager nonExportedPkgs (Ljava/lang/module/ModuleDescriptor;)Ljava/util/Set; 21 <appendix> argL0 ; # java/lang/SecurityManager$$Lambda+0x000001af81349fa0
instanceKlass  @bci java/lang/SecurityManager addNonExportedPackages (Ljava/lang/ModuleLayer;)V 59 <appendix> argL0 ; # java/lang/SecurityManager$$Lambda+0x000001af81349d70
instanceKlass  @bci java/lang/SecurityManager addNonExportedPackages (Ljava/lang/ModuleLayer;)V 49 <appendix> argL0 ; # java/lang/SecurityManager$$Lambda+0x000001af81349b30
instanceKlass  @bci java/lang/SecurityManager addNonExportedPackages (Ljava/lang/ModuleLayer;)V 39 <appendix> argL0 ; # java/lang/SecurityManager$$Lambda+0x000001af813498f0
instanceKlass  @bci java/lang/SecurityManager addNonExportedPackages (Ljava/lang/ModuleLayer;)V 29 <appendix> member <vmtarget> ; # java/lang/SecurityManager$$Lambda+0x000001af81349698
instanceKlass  @cpi org/gradle/api/internal/artifacts/repositories/DefaultMavenArtifactRepository 557 form vmentry <vmtarget> ; # java/lang/invoke/LambdaForm$DMH+0x000001af814b4800
instanceKlass  @bci java/lang/SecurityManager addNonExportedPackages (Ljava/lang/ModuleLayer;)V 17 <appendix> argL0 ; # java/lang/SecurityManager$$Lambda+0x000001af81349458
instanceKlass  @bci org/codehaus/groovy/vmplugin/v9/Java9 lambda$static$10 (Ljava/util/Map;Ljava/util/Map;Ljava/util/Map;Ljava/lang/String;)V 41 <appendix> argL0 ; # org/codehaus/groovy/vmplugin/v9/Java9$$Lambda+0x000001af814b6928
instanceKlass  @bci org/codehaus/groovy/vmplugin/v9/Java9 lambda$static$10 (Ljava/util/Map;Ljava/util/Map;Ljava/util/Map;Ljava/lang/String;)V 70 <appendix> argL0 ; # org/codehaus/groovy/vmplugin/v9/Java9$$Lambda+0x000001af814b66e8
instanceKlass  @bci org/codehaus/groovy/vmplugin/v9/Java9 isExported (Ljava/lang/module/ModuleDescriptor;Ljava/lang/String;)Z 10 <appendix> member <vmtarget> ; # org/codehaus/groovy/vmplugin/v9/Java9$$Lambda+0x000001af814b6490
instanceKlass  @bci org/codehaus/groovy/vmplugin/v9/Java9 isOpen (Ljava/lang/module/ModuleDescriptor;Ljava/lang/String;)Z 10 <appendix> member <vmtarget> ; # org/codehaus/groovy/vmplugin/v9/Java9$$Lambda+0x000001af814b6238
instanceKlass  @bci org/codehaus/groovy/vmplugin/v9/Java9 <clinit> ()V 69 <appendix> member <vmtarget> ; # org/codehaus/groovy/vmplugin/v9/Java9$$Lambda+0x000001af814b6000
instanceKlass  @cpi org/codehaus/groovy/vmplugin/v9/Java9 3507 form vmentry <vmtarget> ; # java/lang/invoke/LambdaForm$DMH+0x000001af814b4400
instanceKlass  @bci org/codehaus/groovy/vmplugin/v9/Java9 lambda$static$7 (Ljava/util/Map;Ljava/lang/module/ModuleDescriptor;)V 6 <appendix> member <vmtarget> ; # org/codehaus/groovy/vmplugin/v9/Java9$$Lambda+0x000001af814b3c80
instanceKlass  @bci org/codehaus/groovy/vmplugin/v9/Java9 <clinit> ()V 34 <appendix> member <vmtarget> ; # org/codehaus/groovy/vmplugin/v9/Java9$$Lambda+0x000001af814b3a48
instanceKlass  @cpi org/codehaus/groovy/vmplugin/v9/Java9 3488 form vmentry <vmtarget> ; # java/lang/invoke/LambdaForm$DMH+0x000001af814b4000
instanceKlass  @bci org/codehaus/groovy/vmplugin/v9/Java9 <clinit> ()V 23 <appendix> argL0 ; # org/codehaus/groovy/vmplugin/v9/Java9$$Lambda+0x000001af814b3808
instanceKlass org/codehaus/groovy/ast/Variable
instanceKlass org/codehaus/groovy/vmplugin/v8/Java8
instanceKlass  @bci org/codehaus/groovy/vmplugin/VMPluginFactory createPlugin (Ljava/lang/String;Ljava/lang/String;)Lorg/codehaus/groovy/vmplugin/VMPlugin; 2 <appendix> member <vmtarget> ; # org/codehaus/groovy/vmplugin/VMPluginFactory$$Lambda+0x000001af814afb18
instanceKlass  @cpi org/codehaus/groovy/vmplugin/VMPluginFactory 45 form vmentry <vmtarget> ; # java/lang/invoke/LambdaForm$DMH+0x000001af814ad800
instanceKlass org/codehaus/groovy/vmplugin/VMPluginFactory
instanceKlass org/codehaus/groovy/reflection/ReflectionUtils
instanceKlass  @bci org/codehaus/groovy/reflection/CachedClass$3 lambda$initValue$4 ()[Lorg/codehaus/groovy/reflection/CachedMethod; 44 <appendix> argL0 ; # org/codehaus/groovy/reflection/CachedClass$3$$Lambda+0x000001af814af4e8
instanceKlass  @bci org/codehaus/groovy/reflection/CachedClass$3 lambda$initValue$4 ()[Lorg/codehaus/groovy/reflection/CachedMethod; 34 <appendix> member <vmtarget> ; # org/codehaus/groovy/reflection/CachedClass$3$$Lambda+0x000001af814af2a0
instanceKlass  @bci org/codehaus/groovy/reflection/CachedClass$3 lambda$initValue$4 ()[Lorg/codehaus/groovy/reflection/CachedMethod; 23 <appendix> argL0 ; # org/codehaus/groovy/reflection/CachedClass$3$$Lambda+0x000001af814af050
instanceKlass  @bci org/codehaus/groovy/reflection/CachedClass$3 lambda$initValue$4 ()[Lorg/codehaus/groovy/reflection/CachedMethod; 13 <appendix> argL0 ; # org/codehaus/groovy/reflection/CachedClass$3$$Lambda+0x000001af814aee00
instanceKlass org/codehaus/groovy/runtime/memoize/MemoizeCache
instanceKlass  @bci org/codehaus/groovy/reflection/CachedClass$3 initValue ()[Lorg/codehaus/groovy/reflection/CachedMethod; 1 <appendix> member <vmtarget> ; # org/codehaus/groovy/reflection/CachedClass$3$$Lambda+0x000001af814ab518
instanceKlass  @bci org/codehaus/groovy/reflection/stdclasses/CachedSAMClass getSAMMethod (Ljava/lang/Class;)Ljava/lang/reflect/Method; 135 <appendix> member <vmtarget> ; # org/codehaus/groovy/reflection/stdclasses/CachedSAMClass$$Lambda+0x000001af814ab2c0
instanceKlass  @bci org/codehaus/groovy/reflection/stdclasses/CachedSAMClass getDeclaredMethods (Ljava/lang/Class;)[Ljava/lang/reflect/Method; 6 <appendix> member <vmtarget> ; # org/codehaus/groovy/reflection/stdclasses/CachedSAMClass$$Lambda+0x000001af814ab098
# instanceKlass java/lang/invoke/LambdaForm$MH+0x000001af814ad400
# instanceKlass java/lang/invoke/LambdaForm$MH+0x000001af814ad000
# instanceKlass java/lang/invoke/LambdaForm$MH+0x000001af814acc00
# instanceKlass java/lang/invoke/LambdaForm$MH+0x000001af814ac800
# instanceKlass org/codehaus/groovy/reflection/stdclasses/CachedSAMClass$$InjectedInvoker+0x000001af814ac400
instanceKlass java/lang/invoke/MethodHandleImpl$BindCaller$InjectedInvokerHolder
# instanceKlass java/lang/invoke/LambdaForm$MH+0x000001af814ac000
instanceKlass java/lang/invoke/MethodHandleImpl$BindCaller
instanceKlass  @bci org/codehaus/groovy/runtime/metaclass/MetaClassRegistryImpl registerMethods (Ljava/lang/Class;ZZLjava/util/Map;)V 115 <appendix> argL0 ; # org/codehaus/groovy/runtime/metaclass/MetaClassRegistryImpl$$Lambda+0x000001af814aae58
instanceKlass  @bci java/util/stream/Collectors joining (Ljava/lang/CharSequence;Ljava/lang/CharSequence;Ljava/lang/CharSequence;)Ljava/util/stream/Collector; 22 <appendix> argL0 ; # java/util/stream/Collectors$$Lambda+0x800000042
instanceKlass  @bci java/util/stream/Collectors joining (Ljava/lang/CharSequence;Ljava/lang/CharSequence;Ljava/lang/CharSequence;)Ljava/util/stream/Collector; 17 <appendix> argL0 ; # java/util/stream/Collectors$$Lambda+0x800000040
instanceKlass  @bci java/util/stream/Collectors joining (Ljava/lang/CharSequence;Ljava/lang/CharSequence;Ljava/lang/CharSequence;)Ljava/util/stream/Collector; 12 <appendix> argL0 ; # java/util/stream/Collectors$$Lambda+0x80000003d
instanceKlass  @bci java/util/stream/Collectors joining (Ljava/lang/CharSequence;Ljava/lang/CharSequence;Ljava/lang/CharSequence;)Ljava/util/stream/Collector; 7 <appendix> member <vmtarget> ; # java/util/stream/Collectors$$Lambda+0x800000045
instanceKlass  @bci java/lang/Class methodToString (Ljava/lang/String;[Ljava/lang/Class;)Ljava/lang/String; 42 <appendix> argL0 ; # java/lang/Class$$Lambda+0x000001af81348898
instanceKlass org/codehaus/groovy/transform/trait/Traits$Implemented
instanceKlass org/codehaus/groovy/util/ReferenceType$HardRef
instanceKlass org/codehaus/groovy/util/ManagedReference
instanceKlass org/codehaus/groovy/reflection/ClassInfo$GlobalClassSet
instanceKlass org/apache/groovy/util/SystemUtil
instanceKlass org/codehaus/groovy/reflection/GroovyClassValue
instanceKlass org/codehaus/groovy/reflection/GroovyClassValueFactory
instanceKlass org/codehaus/groovy/reflection/ClassInfo$1
instanceKlass org/codehaus/groovy/reflection/GroovyClassValue$ComputeValue
instanceKlass org/codehaus/groovy/util/ComplexKeyHashMap$Entry
instanceKlass org/codehaus/groovy/util/ComplexKeyHashMap$EntryIterator
instanceKlass org/codehaus/groovy/reflection/ReflectionCache
instanceKlass java/lang/Process
instanceKlass java/util/Timer
instanceKlass java/util/TimerTask
instanceKlass groovy/lang/groovydoc/Groovydoc
instanceKlass groovy/lang/ListWithDefault
instanceKlass groovy/lang/Range
instanceKlass groovy/util/BufferedIterator
instanceKlass org/codehaus/groovy/reflection/GeneratedMetaMethod$DgmMethodRecord
instanceKlass groovy/lang/MetaClassRegistry$MetaClassCreationHandle
instanceKlass org/codehaus/groovy/runtime/m12n/ExtensionModuleRegistry
instanceKlass org/codehaus/groovy/util/Reference
instanceKlass org/codehaus/groovy/util/ReferenceManager
instanceKlass org/codehaus/groovy/util/ReferenceBundle
instanceKlass org/codehaus/groovy/util/ManagedConcurrentLinkedQueue
instanceKlass groovy/lang/MetaClassRegistryChangeEventListener
instanceKlass java/util/EventListener
instanceKlass org/codehaus/groovy/runtime/m12n/ExtensionModuleScanner$ExtensionModuleListener
instanceKlass org/codehaus/groovy/runtime/metaclass/MetaClassRegistryImpl
instanceKlass org/codehaus/groovy/runtime/InvokerHelper
instanceKlass org/gradle/api/internal/plugins/ExtraPropertiesExtensionInternal
instanceKlass org/gradle/internal/extensibility/ExtensionsStorage
instanceKlass org/gradle/api/plugins/ExtraPropertiesExtension
instanceKlass org/gradle/internal/extensibility/DefaultConvention
instanceKlass org/gradle/api/internal/plugins/ExtensionContainerInternal
instanceKlass org/gradle/api/internal/coerce/StringToEnumTransformer
instanceKlass org/gradle/internal/classpath/InstrumentedGroovyMetaClassHelper
instanceKlass org/codehaus/groovy/runtime/metaclass/MetaMethodIndex
instanceKlass org/codehaus/groovy/vmplugin/VMPlugin
instanceKlass org/codehaus/groovy/util/FastArray
instanceKlass org/codehaus/groovy/reflection/ClassInfo
instanceKlass org/codehaus/groovy/util/Finalizable
instanceKlass groovyjarjarasm/asm/ClassVisitor
instanceKlass org/codehaus/groovy/runtime/metaclass/MetaMethodIndex$Header
instanceKlass org/codehaus/groovy/runtime/metaclass/MetaMethodIndex$Entry
instanceKlass org/codehaus/groovy/reflection/CachedClass
instanceKlass org/codehaus/groovy/ast/ASTNode
instanceKlass org/codehaus/groovy/ast/NodeMetaDataHandler
instanceKlass groovy/lang/groovydoc/GroovydocHolder
instanceKlass groovyjarjarasm/asm/Opcodes
instanceKlass org/codehaus/groovy/util/SingleKeyHashMap$Copier
instanceKlass org/codehaus/groovy/runtime/callsite/CallSite
instanceKlass groovy/lang/MetaClassImpl$MethodIndexAction
instanceKlass org/codehaus/groovy/reflection/ParameterTypes
instanceKlass org/codehaus/groovy/util/ComplexKeyHashMap
instanceKlass groovy/lang/MetaClassImpl
instanceKlass groovy/lang/MutableMetaClass
instanceKlass org/gradle/internal/metaobject/BeanDynamicObject$MetaClassAdapter
instanceKlass org/gradle/api/internal/coerce/PropertySetTransformer
instanceKlass org/gradle/api/internal/coerce/MethodArgumentsTransformer
instanceKlass  @bci org/gradle/initialization/DefaultSettings_Decorated getConventionWhileDisabledDeprecationLogger ()Lorg/gradle/api/plugins/Convention; 1 <appendix> member <vmtarget> ; # org/gradle/initialization/DefaultSettings_Decorated$$Lambda+0x000001af8148d8f8
instanceKlass  @bci org/gradle/initialization/DefaultSettings_Decorated $gradleInit ()V 1 <appendix> member <vmtarget> ; # org/gradle/initialization/DefaultSettings_Decorated$$Lambda+0x000001af8148d6d0
instanceKlass  @bci org/gradle/initialization/DefaultToolchainManagement_Decorated $gradleInit ()V 1 <appendix> member <vmtarget> ; # org/gradle/initialization/DefaultToolchainManagement_Decorated$$Lambda+0x000001af8148d4a8
instanceKlass  @bci jdk/internal/reflect/MethodHandleIntegerFieldAccessorImpl setInt (Ljava/lang/Object;I)V 29 <adapter> ; # java/lang/invoke/LambdaForm$MH+0x000001af8148b800
# instanceKlass java/lang/invoke/LambdaForm$DMH+0x000001af8148b400
instanceKlass  @bci org/gradle/internal/instantiation/generator/AsmBackedClassGenerator$ClassBuilderImpl addManagedMethods (Ljava/util/List;Ljava/util/List;)V 116 <appendix> member <vmtarget> ; # org/gradle/internal/instantiation/generator/AsmBackedClassGenerator$ClassBuilderImpl$$Lambda+0x000001af8148c9a0
instanceKlass  @bci org/gradle/internal/instantiation/generator/AsmBackedClassGenerator$ClassBuilderImpl addManagedMethods (Ljava/util/List;Ljava/util/List;)V 93 <adapter> ; # java/lang/invoke/LambdaForm$MH+0x000001af8148b000
# instanceKlass java/lang/invoke/LambdaForm$DMH+0x000001af8148ac00
instanceKlass  @bci org/gradle/internal/instantiation/generator/AsmBackedClassGenerator$ClassBuilderImpl addManagedMethods (Ljava/util/List;Ljava/util/List;)V 93 <appendix> form vmentry <vmtarget> ; # java/lang/invoke/LambdaForm$DMH+0x000001af8148a800
instanceKlass  @bci org/gradle/internal/instantiation/generator/AsmBackedClassGenerator$ClassBuilderImpl addManagedMethods (Ljava/util/List;Ljava/util/List;)V 93 <appendix> member <vmtarget> ; # org/gradle/internal/instantiation/generator/AsmBackedClassGenerator$ClassBuilderImpl$$Lambda+0x000001af81483ce8
instanceKlass  @cpi org/gradle/internal/instantiation/generator/AsmBackedClassGenerator$ClassBuilderImpl 1774 form vmentry <vmtarget> ; # java/lang/invoke/LambdaForm$DMH+0x000001af8148a400
instanceKlass  @bci org/gradle/internal/instantiation/generator/AsmBackedClassGenerator$ClassBuilderImpl addManagedMethods (Ljava/util/List;Ljava/util/List;)V 72 <adapter> ; # java/lang/invoke/LambdaForm$MH+0x000001af8148a000
# instanceKlass java/lang/invoke/LambdaForm$DMH+0x000001af81489c00
instanceKlass  @bci org/gradle/internal/instantiation/generator/AsmBackedClassGenerator$ClassBuilderImpl addManagedMethods (Ljava/util/List;Ljava/util/List;)V 72 <appendix> form vmentry <vmtarget> ; # java/lang/invoke/LambdaForm$DMH+0x000001af81489800
instanceKlass  @bci org/gradle/internal/instantiation/generator/AsmBackedClassGenerator$ClassBuilderImpl addManagedMethods (Ljava/util/List;Ljava/util/List;)V 72 <appendix> member <vmtarget> ; # org/gradle/internal/instantiation/generator/AsmBackedClassGenerator$ClassBuilderImpl$$Lambda+0x000001af81483ac0
instanceKlass  @cpi org/gradle/internal/instantiation/generator/AsmBackedClassGenerator$ClassBuilderImpl 1771 form vmentry <vmtarget> ; # java/lang/invoke/LambdaForm$DMH+0x000001af81489400
instanceKlass  @bci org/gradle/internal/instantiation/generator/AsmBackedClassGenerator$ClassBuilderImpl addManagedMethods (Ljava/util/List;Ljava/util/List;)V 53 <appendix> member <vmtarget> ; # org/gradle/internal/instantiation/generator/AsmBackedClassGenerator$ClassBuilderImpl$$Lambda+0x000001af814833c8
instanceKlass org/gradle/initialization/DefaultToolchainManagement
instanceKlass  @bci org/gradle/internal/management/DefaultDependencyResolutionManagement_Decorated $gradleInit ()V 1 <appendix> member <vmtarget> ; # org/gradle/internal/management/DefaultDependencyResolutionManagement_Decorated$$Lambda+0x000001af8146b6c0
instanceKlass  @bci org/gradle/internal/management/DefaultVersionCatalogBuilderContainer_Decorated $gradleInit ()V 1 <appendix> member <vmtarget> ; # org/gradle/internal/management/DefaultVersionCatalogBuilderContainer_Decorated$$Lambda+0x000001af8146b498
instanceKlass com/google/common/collect/MapMakerInternalMap$StrongKeyDummyValueEntry$Helper
instanceKlass org/gradle/api/internal/DefaultNamedDomainObjectCollection$UnfilteredIndex
instanceKlass  @bci org/gradle/api/internal/DefaultDomainObjectCollection <init> (Ljava/lang/Class;Lorg/gradle/api/internal/collections/ElementSource;Lorg/gradle/api/internal/collections/CollectionEventRegister;)V 32 <appendix> member <vmtarget> ; # org/gradle/api/internal/DefaultDomainObjectCollection$$Lambda+0x000001af814813b8
instanceKlass org/gradle/api/internal/lambdas/SerializableLambdas$SerializableAction
instanceKlass org/gradle/api/internal/collections/DefaultCollectionEventRegister
instanceKlass  @bci org/gradle/api/internal/collections/SortedSetElementSource <init> (Ljava/util/Comparator;)V 12 <appendix> argL0 ; # org/gradle/api/internal/collections/SortedSetElementSource$$Lambda+0x000001af81480cd0
instanceKlass org/gradle/api/Namer$Comparator
instanceKlass org/gradle/api/internal/provider/Collector
instanceKlass org/gradle/api/internal/collections/SortedSetElementSource
instanceKlass org/gradle/api/Named$Namer
# instanceKlass java/lang/invoke/LambdaForm$MH+0x000001af81489000
# instanceKlass java/lang/invoke/LambdaForm$MH+0x000001af81488c00
# instanceKlass java/lang/invoke/LambdaForm$MH+0x000001af81488800
# instanceKlass java/lang/invoke/LambdaForm$MH+0x000001af81488400
# instanceKlass java/lang/invoke/LambdaForm$MH+0x000001af81488000
instanceKlass java/lang/SafeVarargs
instanceKlass com/google/common/reflect/Types$WildcardTypeImpl
instanceKlass sun/reflect/generics/tree/ArrayTypeSignature
instanceKlass sun/reflect/generics/tree/IntSignature
instanceKlass com/google/common/reflect/Types$ClassOwnership$1LocalClass
instanceKlass com/google/common/reflect/Types$ParameterizedTypeImpl
instanceKlass com/google/common/reflect/Types
instanceKlass sun/reflect/misc/ReflectUtil
instanceKlass com/google/common/reflect/TypeResolver$TypeVariableKey
instanceKlass com/google/common/reflect/TypeResolver$TypeTable
instanceKlass com/google/common/reflect/TypeResolver
instanceKlass java/lang/reflect/AnnotatedType
instanceKlass com/google/common/reflect/TypeVisitor
instanceKlass com/google/common/reflect/Invokable
instanceKlass java/lang/invoke/SerializedLambda
instanceKlass org/gradle/api/Namer
instanceKlass org/gradle/api/internal/collections/CollectionFilter
instanceKlass org/gradle/api/reflect/TypeOf
instanceKlass org/gradle/api/NamedDomainObjectCollectionSchema
instanceKlass org/gradle/api/Rule
instanceKlass org/gradle/api/internal/DefaultNamedDomainObjectCollection$Index
instanceKlass org/gradle/api/internal/collections/ElementSource
instanceKlass org/gradle/api/internal/collections/CollectionEventRegister
instanceKlass org/gradle/api/internal/collections/EventSubscriptionVerifier
instanceKlass groovy/lang/Buildable
instanceKlass groovy/lang/Writable
instanceKlass  @bci org/gradle/internal/management/DefaultDependencyResolutionManagement <init> (Lorg/gradle/internal/code/UserCodeApplicationContext;Lorg/gradle/api/internal/artifacts/DependencyManagementServices;Lorg/gradle/api/model/ObjectFactory;Lorg/gradle/api/internal/CollectionCallbackActionDecorator;)V 83 <appendix> member <vmtarget> ; # org/gradle/internal/management/DefaultDependencyResolutionManagement$$Lambda+0x000001af8146b270
instanceKlass org/gradle/api/internal/provider/ValueSanitizers$4
instanceKlass org/gradle/internal/management/DefaultDependencyResolutionManagement$ComponentMetadataRulesRegistar
# instanceKlass java/lang/invoke/LambdaForm$MH+0x000001af81477800
instanceKlass org/gradle/api/initialization/dsl/VersionCatalogBuilder
instanceKlass org/gradle/api/reflect/HasPublicType
instanceKlass org/gradle/api/artifacts/repositories/ArtifactRepository
instanceKlass org/gradle/api/initialization/resolve/MutableVersionCatalogContainer
instanceKlass org/gradle/internal/management/DefaultDependencyResolutionManagement
# instanceKlass java/lang/invoke/LambdaForm$MH+0x000001af81477400
# instanceKlass java/lang/invoke/LambdaForm$MH+0x000001af81477000
# instanceKlass java/lang/invoke/LambdaForm$MH+0x000001af81476c00
# instanceKlass java/lang/invoke/LambdaForm$MH+0x000001af81476800
# instanceKlass java/lang/invoke/LambdaForm$MH+0x000001af81476400
# instanceKlass java/lang/invoke/LambdaForm$MH+0x000001af81476000
# instanceKlass java/lang/invoke/LambdaForm$MH+0x000001af81475c00
instanceKlass org/gradle/api/internal/DefaultCollectionCallbackActionDecorator
instanceKlass java/util/stream/Sink$ChainedInt
instanceKlass java/util/stream/Sink$OfInt
instanceKlass java/util/function/IntConsumer
instanceKlass  @bci java/io/WinNTFileSystem listRoots ()[Ljava/io/File; 38 <appendix> argL0 ; # java/io/WinNTFileSystem$$Lambda+0x000001af81344fc8
instanceKlass  @bci java/io/WinNTFileSystem listRoots ()[Ljava/io/File; 28 <appendix> member <vmtarget> ; # java/io/WinNTFileSystem$$Lambda+0x000001af81344d70
instanceKlass  @bci java/io/WinNTFileSystem listRoots ()[Ljava/io/File; 17 <appendix> member <vmtarget> ; # java/io/WinNTFileSystem$$Lambda+0x000001af81344650
instanceKlass java/util/stream/IntStream
instanceKlass java/util/BitSet$1BitSetSpliterator
instanceKlass java/util/BitSet
instanceKlass org/gradle/vcs/VcsMappings
instanceKlass org/gradle/vcs/internal/services/VersionControlServices$VersionControlSettingsServices
instanceKlass org/gradle/plugin/internal/PluginUseServices$SettingsScopeServices
instanceKlass org/gradle/api/internal/plugins/PluginTarget
instanceKlass org/gradle/internal/service/scopes/SettingsScopeServices
# instanceKlass java/lang/invoke/LambdaForm$MH+0x000001af81475800
# instanceKlass java/lang/invoke/LambdaForm$MH+0x000001af81475400
# instanceKlass java/lang/invoke/LambdaForm$MH+0x000001af81475000
# instanceKlass java/lang/invoke/LambdaForm$MH+0x000001af81474c00
# instanceKlass java/lang/invoke/LambdaForm$MH+0x000001af81474800
# instanceKlass java/lang/invoke/LambdaForm$MH+0x000001af81474400
# instanceKlass java/lang/invoke/LambdaForm$MH+0x000001af81474000
instanceKlass org/gradle/declarative/dsl/model/annotations/Configuring
instanceKlass org/gradle/declarative/dsl/model/annotations/Adding
instanceKlass org/gradle/declarative/dsl/model/annotations/Restricted
instanceKlass org/gradle/initialization/IncludedBuildSpec
instanceKlass org/gradle/initialization/ProjectDescriptorRegistry
instanceKlass org/gradle/vcs/SourceControl
instanceKlass org/gradle/api/file/BuildLayout
instanceKlass org/gradle/initialization/DefaultProjectDescriptor
instanceKlass org/gradle/plugin/management/PluginManagementSpec
instanceKlass org/gradle/api/initialization/ProjectDescriptor
instanceKlass  @bci org/gradle/api/internal/initialization/DefaultScriptHandler_Decorated $gradleInit ()V 1 <appendix> member <vmtarget> ; # org/gradle/api/internal/initialization/DefaultScriptHandler_Decorated$$Lambda+0x000001af8146f988
instanceKlass org/gradle/api/attributes/DocsType
instanceKlass org/gradle/api/internal/artifacts/JavaEcosystemAttributesDescriber
instanceKlass org/gradle/api/internal/artifacts/JavaEcosystemSupport$TargetJvmEnvironmentDisambiguationRules
instanceKlass org/gradle/api/internal/artifacts/JavaEcosystemSupport$TargetJvmEnvironmentCompatibilityRules
instanceKlass org/gradle/api/attributes/java/TargetJvmEnvironment
instanceKlass org/gradle/api/internal/attributes/DefaultOrderedDisambiguationRule
instanceKlass org/gradle/api/internal/attributes/DefaultOrderedCompatibilityRule
instanceKlass org/gradle/api/internal/attributes/AttributeMatchingRules
instanceKlass org/gradle/api/attributes/java/TargetJvmVersion
instanceKlass org/gradle/api/internal/artifacts/JavaEcosystemSupport$BundlingDisambiguationRules
instanceKlass org/gradle/api/internal/artifacts/JavaEcosystemSupport$BundlingCompatibilityRules
instanceKlass org/gradle/api/attributes/Bundling
instanceKlass org/gradle/api/attributes/LibraryElements$Impl
instanceKlass  @bci org/gradle/api/internal/artifacts/JavaEcosystemSupport configureLibraryElements (Lorg/gradle/api/attributes/AttributesSchema;Lorg/gradle/api/model/ObjectFactory;)V 32 <appendix> member <vmtarget> ; # org/gradle/api/internal/artifacts/JavaEcosystemSupport$$Lambda+0x000001af8146dc08
instanceKlass org/gradle/api/internal/artifacts/JavaEcosystemSupport$LibraryElementsDisambiguationRules
instanceKlass org/gradle/api/internal/artifacts/JavaEcosystemSupport$LibraryElementsCompatibilityRules
instanceKlass org/gradle/api/attributes/LibraryElements
instanceKlass org/gradle/api/attributes/Usage$Impl
instanceKlass org/gradle/api/internal/artifacts/JavaEcosystemSupport$1
instanceKlass org/gradle/api/internal/artifacts/JavaEcosystemSupport$UsageDisambiguationRules
instanceKlass org/gradle/api/internal/artifacts/JavaEcosystemSupport$UsageCompatibilityRules
instanceKlass org/gradle/api/attributes/Usage
instanceKlass org/gradle/api/internal/attributes/AttributeDescriber
instanceKlass org/gradle/api/internal/artifacts/JavaEcosystemSupport
instanceKlass org/gradle/api/internal/artifacts/dsl/dependencies/GradlePluginVariantsSupport$TargetGradleVersionDisambiguationRule
instanceKlass org/gradle/api/internal/attributes/DefaultCompatibilityRuleChain$ExceptionHandler
instanceKlass org/gradle/api/internal/artifacts/dsl/dependencies/GradlePluginVariantsSupport$TargetGradleVersionCompatibilityRule
instanceKlass org/gradle/api/attributes/AttributeCompatibilityRule
instanceKlass org/gradle/api/attributes/plugin/GradlePluginApiVersion
instanceKlass org/gradle/api/internal/artifacts/dsl/dependencies/GradlePluginVariantsSupport
instanceKlass org/gradle/api/internal/attributes/DefaultDisambiguationRuleChain$ExceptionHandler
instanceKlass org/gradle/internal/action/DefaultConfigurableRules
instanceKlass org/gradle/internal/action/ConfigurableRules
instanceKlass org/gradle/api/artifacts/CacheableRule
instanceKlass org/gradle/api/internal/DefaultActionConfiguration
instanceKlass org/gradle/internal/action/DefaultConfigurableRule
instanceKlass org/gradle/internal/action/ConfigurableRule
instanceKlass org/gradle/internal/action/InstantiatingAction
instanceKlass  @bci org/gradle/api/internal/artifacts/dsl/dependencies/PlatformSupport configureCategoryDisambiguationRule (Lorg/gradle/api/attributes/AttributesSchema;)V 19 <appendix> member <vmtarget> ; # org/gradle/api/internal/artifacts/dsl/dependencies/PlatformSupport$$Lambda+0x000001af81463db8
instanceKlass org/gradle/api/ActionConfiguration
instanceKlass org/gradle/api/internal/artifacts/dsl/dependencies/PlatformSupport$ComponentCategoryDisambiguationRule
instanceKlass org/gradle/api/attributes/AttributeDisambiguationRule
instanceKlass  @bci org/gradle/api/internal/attributes/DefaultAttributeMatchingStrategy_Decorated $gradleInit ()V 1 <appendix> member <vmtarget> ; # org/gradle/api/internal/attributes/DefaultAttributeMatchingStrategy_Decorated$$Lambda+0x000001af81463948
instanceKlass  @bci org/gradle/api/internal/attributes/DefaultDisambiguationRuleChain_Decorated $gradleInit ()V 1 <appendix> member <vmtarget> ; # org/gradle/api/internal/attributes/DefaultDisambiguationRuleChain_Decorated$$Lambda+0x000001af81463720
instanceKlass  @bci org/gradle/api/internal/attributes/DefaultCompatibilityRuleChain_Decorated $gradleInit ()V 1 <appendix> member <vmtarget> ; # org/gradle/api/internal/attributes/DefaultCompatibilityRuleChain_Decorated$$Lambda+0x000001af81463108
instanceKlass org/gradle/internal/action/InstantiatingAction$ExceptionHandler
instanceKlass org/objectweb/asm/signature/SignatureVisitor
instanceKlass org/gradle/api/internal/attributes/DefaultCompatibilityRuleChain
instanceKlass org/gradle/api/internal/attributes/DefaultDisambiguationRuleChain
instanceKlass org/gradle/api/attributes/CompatibilityRuleChain
instanceKlass org/gradle/api/attributes/DisambiguationRuleChain
instanceKlass  @bci org/gradle/api/internal/attributes/DefaultAttributesSchema_Decorated $gradleInit ()V 1 <appendix> member <vmtarget> ; # org/gradle/api/internal/attributes/DefaultAttributesSchema_Decorated$$Lambda+0x000001af8145bd48
instanceKlass org/gradle/api/internal/attributes/DefaultAttributeMatchingStrategy
instanceKlass org/gradle/api/attributes/AttributeMatchingStrategy
instanceKlass org/gradle/api/internal/attributes/DefaultAttributesSchema
instanceKlass  @bci org/gradle/api/internal/model/NamedObjectInstantiator$2 <init> (Lorg/gradle/api/internal/model/NamedObjectInstantiator;Lorg/objectweb/asm/ClassVisitor;Lorg/gradle/model/internal/asm/AsmClassGenerator;Lorg/objectweb/asm/Type;)V 74 <appendix> member <vmtarget> ; # org/gradle/api/internal/model/NamedObjectInstantiator$2$$Lambda+0x000001af814665f0
instanceKlass  @bci org/gradle/api/internal/model/NamedObjectInstantiator$2 <init> (Lorg/gradle/api/internal/model/NamedObjectInstantiator;Lorg/objectweb/asm/ClassVisitor;Lorg/gradle/model/internal/asm/AsmClassGenerator;Lorg/objectweb/asm/Type;)V 55 <appendix> member <vmtarget> ; # org/gradle/api/internal/model/NamedObjectInstantiator$2$$Lambda+0x000001af81465f00
instanceKlass org/gradle/api/attributes/Category$Impl
instanceKlass  @bci org/gradle/api/internal/model/NamedObjectInstantiator$1 <init> (Lorg/gradle/api/internal/model/NamedObjectInstantiator;Lorg/objectweb/asm/ClassVisitor;Lorg/gradle/model/internal/asm/AsmClassGenerator;Lorg/objectweb/asm/Type;[Ljava/lang/String;Lorg/objectweb/asm/Type;)V 191 <appendix> member <vmtarget> ; # org/gradle/api/internal/model/NamedObjectInstantiator$1$$Lambda+0x000001af814652a8
instanceKlass  @bci org/gradle/api/internal/model/NamedObjectInstantiator$1 <init> (Lorg/gradle/api/internal/model/NamedObjectInstantiator;Lorg/objectweb/asm/ClassVisitor;Lorg/gradle/model/internal/asm/AsmClassGenerator;Lorg/objectweb/asm/Type;[Ljava/lang/String;Lorg/objectweb/asm/Type;)V 176 <appendix> member <vmtarget> ; # org/gradle/api/internal/model/NamedObjectInstantiator$1$$Lambda+0x000001af81464bb8
instanceKlass  @bci org/gradle/api/internal/model/NamedObjectInstantiator$1 <init> (Lorg/gradle/api/internal/model/NamedObjectInstantiator;Lorg/objectweb/asm/ClassVisitor;Lorg/gradle/model/internal/asm/AsmClassGenerator;Lorg/objectweb/asm/Type;[Ljava/lang/String;Lorg/objectweb/asm/Type;)V 161 <appendix> member <vmtarget> ; # org/gradle/api/internal/model/NamedObjectInstantiator$1$$Lambda+0x000001af814644c8
instanceKlass  @bci org/gradle/api/internal/model/NamedObjectInstantiator$1 <init> (Lorg/gradle/api/internal/model/NamedObjectInstantiator;Lorg/objectweb/asm/ClassVisitor;Lorg/gradle/model/internal/asm/AsmClassGenerator;Lorg/objectweb/asm/Type;[Ljava/lang/String;Lorg/objectweb/asm/Type;)V 142 <appendix> member <vmtarget> ; # org/gradle/api/internal/model/NamedObjectInstantiator$1$$Lambda+0x000001af8145fc28
instanceKlass  @bci org/gradle/api/internal/model/NamedObjectInstantiator$1 <init> (Lorg/gradle/api/internal/model/NamedObjectInstantiator;Lorg/objectweb/asm/ClassVisitor;Lorg/gradle/model/internal/asm/AsmClassGenerator;Lorg/objectweb/asm/Type;[Ljava/lang/String;Lorg/objectweb/asm/Type;)V 125 <appendix> member <vmtarget> ; # org/gradle/api/internal/model/NamedObjectInstantiator$1$$Lambda+0x000001af8145f538
instanceKlass  @bci org/gradle/api/internal/model/NamedObjectInstantiator$1 <init> (Lorg/gradle/api/internal/model/NamedObjectInstantiator;Lorg/objectweb/asm/ClassVisitor;Lorg/gradle/model/internal/asm/AsmClassGenerator;Lorg/objectweb/asm/Type;[Ljava/lang/String;Lorg/objectweb/asm/Type;)V 108 <appendix> member <vmtarget> ; # org/gradle/api/internal/model/NamedObjectInstantiator$1$$Lambda+0x000001af8145ee48
instanceKlass  @bci org/gradle/api/internal/model/NamedObjectInstantiator$1 <init> (Lorg/gradle/api/internal/model/NamedObjectInstantiator;Lorg/objectweb/asm/ClassVisitor;Lorg/gradle/model/internal/asm/AsmClassGenerator;Lorg/objectweb/asm/Type;[Ljava/lang/String;Lorg/objectweb/asm/Type;)V 91 <appendix> member <vmtarget> ; # org/gradle/api/internal/model/NamedObjectInstantiator$1$$Lambda+0x000001af8145e758
instanceKlass org/gradle/model/internal/type/ClassTypeWrapper
instanceKlass org/gradle/model/internal/type/TypeWrapper
instanceKlass org/gradle/model/internal/type/ModelType
instanceKlass org/gradle/model/internal/inspect/FormattingValidationProblemCollector
instanceKlass org/gradle/api/attributes/Category
instanceKlass org/gradle/internal/resource/UriTextResource$UriResourceLocation
# instanceKlass java/lang/invoke/LambdaForm$MH+0x000001af81460000
instanceKlass org/gradle/api/internal/initialization/ScriptClassPathResolutionContext
instanceKlass org/gradle/api/internal/initialization/DefaultScriptHandler
instanceKlass org/gradle/api/internal/artifacts/DefaultDependencyManagementServices$DefaultDependencyResolutionServices
instanceKlass org/gradle/api/internal/artifacts/ivyservice/resolveengine/artifact/VisitedArtifactSet
instanceKlass org/gradle/api/internal/artifacts/transform/TransformUpstreamDependenciesResolver
instanceKlass org/gradle/api/artifacts/ResolvedConfiguration
instanceKlass org/gradle/api/internal/artifacts/ivyservice/LenientConfigurationInternal
instanceKlass org/gradle/api/internal/artifacts/ResolverResults$LegacyResolverResults$LegacyVisitedArtifactSet
instanceKlass org/gradle/api/artifacts/LenientConfiguration
instanceKlass org/gradle/api/internal/artifacts/ivyservice/resolveengine/graph/results/VisitedGraphResults
instanceKlass org/gradle/api/internal/artifacts/ivyservice/resolveengine/artifact/DependencyArtifactsVisitor
instanceKlass org/gradle/api/internal/artifacts/ivyservice/resolveengine/oldresult/ResolvedConfigurationBuilder
instanceKlass org/gradle/api/internal/artifacts/ivyservice/resolveengine/graph/DependencyGraphVisitor
instanceKlass org/gradle/api/internal/attributes/AttributeDescriberRegistry
instanceKlass org/gradle/internal/component/model/GraphVariantSelector
instanceKlass org/gradle/internal/component/resolution/failure/ReportableAsProblem
instanceKlass org/gradle/api/internal/artifacts/ivyservice/resolveengine/graph/builder/NodeState
instanceKlass org/gradle/api/internal/artifacts/ivyservice/resolveengine/graph/RootGraphNode
instanceKlass org/gradle/api/internal/artifacts/ivyservice/resolveengine/graph/DependencyGraphNode
instanceKlass org/gradle/api/internal/artifacts/ivyservice/resolveengine/graph/ResolvedGraphVariant
instanceKlass org/gradle/api/internal/artifacts/ivyservice/resolveengine/graph/conflicts/CandidateModule
instanceKlass org/gradle/api/internal/artifacts/ivyservice/resolveengine/graph/builder/DependencyGraphBuilder
instanceKlass org/gradle/api/internal/artifacts/ivyservice/resolveengine/ModuleConflictResolver
instanceKlass org/gradle/api/internal/artifacts/ivyservice/dependencysubstitution/DependencySubstitutionApplicator
instanceKlass org/gradle/api/internal/artifacts/ivyservice/resolveengine/DependencyGraphResolver
instanceKlass org/gradle/api/artifacts/query/ArtifactResolutionQuery
instanceKlass org/gradle/api/internal/artifacts/query/DefaultArtifactResolutionQueryFactory
instanceKlass org/gradle/api/internal/artifacts/DefaultComponentSelectorConverter
instanceKlass org/gradle/api/internal/artifacts/transform/VariantDefinition
instanceKlass org/gradle/api/internal/artifacts/transform/ConsumerProvidedVariantFinder
instanceKlass org/gradle/api/internal/artifacts/ivyservice/projectmodule/ProjectDependencyResolver
instanceKlass org/gradle/internal/resolve/resolver/DependencyToComponentIdResolver
instanceKlass org/gradle/internal/resolve/resolver/ComponentMetaDataResolver
instanceKlass org/gradle/api/internal/artifacts/ivyservice/projectmodule/DefaultLocalComponentRegistry
instanceKlass org/gradle/api/internal/artifacts/ivyservice/projectmodule/LocalComponentRegistry
instanceKlass org/gradle/api/internal/artifacts/ComponentSelectorConverter
instanceKlass org/gradle/api/internal/artifacts/configurations/CachePolicy
instanceKlass org/gradle/api/internal/artifacts/ResolveExceptionMapper
instanceKlass org/gradle/api/internal/artifacts/ivyservice/moduleconverter/DefaultRootComponentMetadataBuilder
instanceKlass org/gradle/api/internal/artifacts/ivyservice/moduleconverter/RootComponentMetadataBuilder
instanceKlass org/gradle/api/internal/artifacts/ivyservice/resolveengine/artifact/ResolvedArtifactSet$TransformSourceVisitor
instanceKlass org/gradle/api/internal/artifacts/transform/DefaultTransformedVariantFactory$VariantKey
instanceKlass org/gradle/api/internal/artifacts/transform/DefaultTransformedVariantFactory
instanceKlass org/gradle/api/internal/artifacts/transform/TransformedVariantFactory
instanceKlass org/gradle/api/artifacts/dsl/ArtifactHandler
instanceKlass org/gradle/api/artifacts/dsl/DependencyHandler
instanceKlass org/gradle/api/internal/artifacts/query/ArtifactResolutionQueryFactory
instanceKlass org/gradle/api/artifacts/dsl/DependencyLockingHandler
instanceKlass org/gradle/api/artifacts/dsl/DependencyConstraintHandler
instanceKlass org/gradle/api/internal/artifacts/configurations/ConfigurationContainerInternal
instanceKlass org/gradle/api/internal/artifacts/configurations/RoleBasedConfigurationContainerInternal
instanceKlass org/gradle/api/internal/artifacts/configurations/ResolutionStrategyFactory
instanceKlass org/gradle/api/internal/artifacts/configurations/DefaultConfigurationFactory
instanceKlass org/gradle/api/internal/artifacts/ivyservice/moduleconverter/DefaultRootComponentMetadataBuilder$Factory
instanceKlass org/gradle/internal/component/resolution/failure/ResolutionFailureHandler
instanceKlass org/gradle/internal/component/resolution/failure/transform/TransformedVariantConverter
instanceKlass org/gradle/api/internal/artifacts/dsl/DefaultComponentMetadataHandler
instanceKlass org/gradle/api/artifacts/dsl/ComponentMetadataHandler
instanceKlass org/gradle/api/internal/artifacts/GlobalDependencyResolutionRules
instanceKlass org/gradle/api/internal/artifacts/type/ArtifactTypeRegistry
instanceKlass org/gradle/api/internal/artifacts/ivyservice/ResolutionExecutor
instanceKlass org/gradle/api/internal/artifacts/RepositoriesSupplier
instanceKlass org/gradle/api/internal/artifacts/ComponentMetadataProcessorFactory
instanceKlass org/gradle/api/internal/artifacts/dsl/ComponentMetadataHandlerInternal
instanceKlass org/gradle/api/internal/artifacts/ComponentModuleMetadataHandlerInternal
instanceKlass org/gradle/api/artifacts/dsl/ComponentModuleMetadataHandler
instanceKlass org/gradle/api/internal/artifacts/dsl/PublishArtifactNotationParserFactory
instanceKlass org/gradle/api/internal/artifacts/repositories/DefaultUrlArtifactRepository$Factory
instanceKlass org/gradle/api/file/ProjectLayout
instanceKlass org/gradle/api/internal/artifacts/dsl/dependencies/UnknownProjectFinder
instanceKlass  @bci org/gradle/api/internal/artifacts/DefaultDependencyManagementServices lambda$newDetachedResolver$2 (Lorg/gradle/api/internal/file/FileResolver;Lorg/gradle/api/internal/file/FileCollectionFactory;Lorg/gradle/api/internal/artifacts/Module;Lorg/gradle/api/internal/DomainObjectContext;Lorg/gradle/internal/service/ServiceRegistration;)V 25 <appendix> member <vmtarget> ; # org/gradle/api/internal/artifacts/DefaultDependencyManagementServices$$Lambda+0x000001af81454a00
instanceKlass org/gradle/internal/component/external/model/VariantDerivationStrategy
instanceKlass org/gradle/api/internal/artifacts/VariantTransformRegistry
instanceKlass org/gradle/api/internal/artifacts/transform/TransformInvocationFactory
instanceKlass org/gradle/api/internal/artifacts/BaseRepositoryFactory
instanceKlass org/gradle/api/internal/artifacts/ivyservice/ivyresolve/parser/MetaDataParser
instanceKlass org/gradle/api/internal/artifacts/dsl/dependencies/DependencyLockingProvider
instanceKlass org/gradle/api/internal/artifacts/ArtifactPublicationServices
instanceKlass org/gradle/api/internal/artifacts/ConfigurationResolver
instanceKlass org/gradle/api/internal/artifacts/transform/TransformRegistrationFactory
instanceKlass org/gradle/api/internal/attributes/AttributesSchemaInternal
instanceKlass org/gradle/api/attributes/AttributesSchema
instanceKlass org/gradle/api/internal/artifacts/transform/MutableTransformWorkspaceServices
instanceKlass org/gradle/internal/file/ReservedFileSystemLocation
instanceKlass org/gradle/api/internal/artifacts/DefaultDependencyManagementServices$DependencyResolutionScopeServices
instanceKlass org/gradle/api/internal/artifacts/DefaultDependencyManagementServices$TransformGradleUserHomeServices
instanceKlass  @bci org/gradle/api/internal/artifacts/DefaultDependencyManagementServices newDetachedResolver (Lorg/gradle/api/internal/file/FileResolver;Lorg/gradle/api/internal/file/FileCollectionFactory;Lorg/gradle/api/internal/DomainObjectContext;Lorg/gradle/api/internal/artifacts/Module;)Lorg/gradle/api/internal/artifacts/DependencyResolutionServices; 15 <appendix> member <vmtarget> ; # org/gradle/api/internal/artifacts/DefaultDependencyManagementServices$$Lambda+0x000001af81442cc8
instanceKlass  @cpi org/gradle/buildinit/plugins/WrapperPlugin 167 form vmentry <vmtarget> ; # java/lang/invoke/LambdaForm$DMH+0x000001af81451400
instanceKlass org/gradle/api/internal/artifacts/DefaultModuleIdentifier
instanceKlass org/gradle/api/internal/artifacts/AnonymousModule
instanceKlass org/gradle/internal/model/CalculatedModelValue
instanceKlass org/gradle/api/internal/initialization/StandaloneDomainObjectContext
instanceKlass org/gradle/initialization/SettingsFactory$SettingsServiceRegistryFactory
# instanceKlass java/lang/invoke/LambdaForm$MH+0x000001af81451000
# instanceKlass java/lang/invoke/LambdaForm$MH+0x000001af81450c00
# instanceKlass java/lang/invoke/LambdaForm$MH+0x000001af81450800
# instanceKlass java/lang/invoke/LambdaForm$MH+0x000001af81450400
# instanceKlass java/lang/invoke/LambdaForm$DMH+0x000001af81450000
instanceKlass org/gradle/internal/resource/ResourceLocation
instanceKlass org/gradle/internal/resource/UriTextResource
instanceKlass org/gradle/groovy/scripts/TextResourceScriptSource
instanceKlass org/gradle/initialization/BuildOperationSettingsProcessor$2$1
instanceKlass org/gradle/initialization/EvaluateSettingsBuildOperationType$Details
instanceKlass org/gradle/initialization/BuildOperationSettingsProcessor$2
instanceKlass  @bci org/gradle/invocation/DefaultGradle getClassLoaderScope ()Lorg/gradle/api/internal/initialization/ClassLoaderScope; 9 <appendix> member <vmtarget> ; # org/gradle/invocation/DefaultGradle$$Lambda+0x000001af8144ae00
instanceKlass org/gradle/initialization/DirectoryInitScriptFinder
instanceKlass org/gradle/initialization/CompositeInitScriptFinder
instanceKlass org/gradle/initialization/InitScriptFinder
instanceKlass org/gradle/initialization/DefaultGradlePropertiesController$Loaded
instanceKlass org/gradle/internal/extensions/stdlib/CastExtensionsKt
instanceKlass kotlin/text/StringsKt__AppendableKt
instanceKlass org/gradle/internal/extensions/stdlib/MapExtensionsKt
instanceKlass org/gradle/internal/cc/impl/services/DefaultEnvironment$DefaultProperties
instanceKlass org/gradle/initialization/Environment$Properties
instanceKlass org/gradle/initialization/DefaultGradleProperties
instanceKlass org/gradle/initialization/DefaultSettingsLoader
instanceKlass org/gradle/initialization/SettingsAttachingSettingsLoader
instanceKlass org/gradle/internal/composite/CommandLineIncludedBuildSettingsLoader
instanceKlass org/gradle/internal/composite/ChildBuildRegisteringSettingsLoader
instanceKlass org/gradle/internal/composite/CompositeBuildSettingsLoader
instanceKlass org/gradle/initialization/InitScriptHandlingSettingsLoader
instanceKlass org/gradle/api/internal/initialization/CacheConfigurationsHandlingSettingsLoader
instanceKlass org/gradle/initialization/GradlePropertiesHandlingSettingsLoader
instanceKlass org/gradle/initialization/BuildOperationFiringSettingsPreparer$LoadBuild$1
instanceKlass org/gradle/initialization/LoadBuildBuildOperationType$Details
instanceKlass org/gradle/initialization/BuildOperationFiringSettingsPreparer$LoadBuild
instanceKlass org/gradle/initialization/BuildOperationFiringSettingsPreparer$2
instanceKlass org/gradle/initialization/BuildIdentifiedProgressDetails
instanceKlass  @bci org/gradle/internal/model/StateTransitionController doTransition (Lorg/gradle/internal/model/StateTransitionController$State;Lorg/gradle/internal/model/StateTransitionController$State;Ljava/lang/Runnable;)V 4 <appendix> member <vmtarget> ; # org/gradle/internal/model/StateTransitionController$$Lambda+0x000001af814452e0
instanceKlass  @bci org/gradle/internal/model/StateTransitionController transitionIfNotPreviously (Lorg/gradle/internal/model/StateTransitionController$State;Lorg/gradle/internal/model/StateTransitionController$State;Ljava/lang/Runnable;)V 8 <appendix> member <vmtarget> ; # org/gradle/internal/model/StateTransitionController$$Lambda+0x000001af814450b8
instanceKlass  @bci org/gradle/initialization/VintageBuildModelController prepareSettings ()V 11 <appendix> member <vmtarget> ; # org/gradle/initialization/VintageBuildModelController$$Lambda+0x000001af81444e90
instanceKlass  @bci org/gradle/internal/model/StateTransitionController notInState (Lorg/gradle/internal/model/StateTransitionController$State;Ljava/util/function/Supplier;)Ljava/lang/Object; 7 <appendix> member <vmtarget> ; # org/gradle/internal/model/StateTransitionController$$Lambda+0x000001af81444c68
instanceKlass  @bci org/gradle/internal/build/DefaultBuildLifecycleController withProjectsConfigured (Ljava/util/function/Function;)Ljava/lang/Object; 9 <appendix> member <vmtarget> ; # org/gradle/internal/build/DefaultBuildLifecycleController$$Lambda+0x000001af81444a40
instanceKlass  @bci org/gradle/internal/build/DefaultBuildToolingModelController locateBuilderForTarget (Ljava/lang/String;Z)Lorg/gradle/tooling/provider/model/internal/ToolingModelScope; 33 <appendix> argL0 ; # org/gradle/internal/build/DefaultBuildToolingModelController$$Lambda+0x000001af81444800
instanceKlass org/gradle/plugins/ide/internal/tooling/idea/IsolatedIdeaModuleInternal
instanceKlass org/gradle/plugins/ide/internal/tooling/model/IsolatedGradleProjectInternal
instanceKlass org/gradle/tooling/model/cpp/CppProject
instanceKlass org/gradle/tooling/model/ProjectModel
instanceKlass org/gradle/tooling/model/dsl/GroovyDslBaseScriptModel
instanceKlass org/gradle/tooling/model/dsl/KotlinDslBaseScriptModel
instanceKlass org/gradle/plugins/ide/internal/tooling/GradleDslBaseScriptModelBuilder
instanceKlass org/gradle/tooling/provider/model/internal/PluginApplyingBuilder
instanceKlass org/gradle/plugins/ide/idea/model/IdeaModule
instanceKlass org/apache/commons/lang/text/StrTokenizer
instanceKlass org/apache/commons/lang/text/StrBuilder
instanceKlass org/gradle/plugins/ide/internal/tooling/IsolatedIdeaModuleInternalBuilder
instanceKlass org/gradle/plugins/ide/internal/tooling/IsolatedGradleProjectInternalBuilder
instanceKlass org/gradle/plugins/ide/internal/tooling/BuildEnvironmentBuilder
instanceKlass org/gradle/tooling/model/GradleModuleVersion
instanceKlass org/gradle/plugins/ide/internal/tooling/PublicationsBuilder
instanceKlass org/gradle/plugins/ide/internal/tooling/model/TaskNameComparator
instanceKlass org/gradle/plugins/ide/internal/tooling/BuildInvocationsBuilder
instanceKlass org/gradle/plugins/ide/internal/tooling/BasicIdeaModelBuilder
instanceKlass org/gradle/plugins/ide/internal/tooling/model/PartialBasicGradleProject
instanceKlass org/gradle/plugins/ide/internal/tooling/GradleBuildBuilder
instanceKlass org/gradle/plugins/ide/internal/configurer/HierarchicalElementAdapter
instanceKlass org/gradle/plugins/ide/internal/configurer/EclipseModelAwareUniqueProjectNameProvider
instanceKlass org/gradle/plugins/ide/eclipse/model/AbstractClasspathEntry
instanceKlass org/gradle/plugins/ide/eclipse/model/ClasspathEntry
instanceKlass org/objectweb/asm/Opcodes
instanceKlass org/objectweb/asm/Context
instanceKlass org/objectweb/asm/ClassReader
instanceKlass com/google/common/io/ByteArrayDataOutput
instanceKlass com/google/common/io/ByteArrayDataInput
instanceKlass com/google/common/io/ByteStreams
instanceKlass org/gradle/plugins/ide/internal/tooling/EclipseModelBuilder
instanceKlass org/gradle/plugins/ide/internal/tooling/RunEclipseTasksBuilder
instanceKlass org/gradle/plugins/ide/internal/tooling/RunBuildDependenciesTaskBuilder
instanceKlass org/gradle/tooling/provider/model/ParameterizedToolingModelBuilder
instanceKlass org/gradle/tooling/model/idea/IdeaCompilerOutput
instanceKlass org/gradle/tooling/model/idea/IdeaLanguageLevel
instanceKlass org/gradle/plugins/ide/internal/tooling/IdeaModelBuilder
instanceKlass org/gradle/plugins/ide/internal/tooling/model/LaunchableGradleTask
instanceKlass org/gradle/tooling/internal/protocol/InternalLaunchable
instanceKlass org/gradle/tooling/internal/gradle/GradleProjectIdentity
instanceKlass org/gradle/tooling/internal/gradle/GradleBuildIdentity
instanceKlass org/gradle/plugins/ide/internal/tooling/GradleProjectBuilder
instanceKlass org/gradle/tooling/internal/protocol/cpp/InternalCppTestSuite
instanceKlass org/gradle/tooling/internal/protocol/cpp/InternalCppLibrary
instanceKlass org/gradle/tooling/internal/protocol/cpp/InternalCppApplication
instanceKlass org/gradle/language/cpp/internal/tooling/DefaultCppComponentModel
instanceKlass org/gradle/language/cpp/CppComponent
instanceKlass org/gradle/language/ComponentWithTargetMachines
instanceKlass org/gradle/language/ComponentWithDependencies
instanceKlass org/gradle/language/ComponentWithBinaries
instanceKlass org/gradle/language/cpp/internal/tooling/CppModelBuilder
instanceKlass org/gradle/declarative/dsl/tooling/builders/DeclarativeSchemaModelBuilder
instanceKlass org/gradle/tooling/provider/model/internal/BuildScopeModelBuilder
instanceKlass  @bci org/gradle/internal/service/scopes/BuildScopeServices createBuildScopedToolingModelBuilders (Ljava/util/List;Lorg/gradle/internal/operations/BuildOperationRunner;Lorg/gradle/api/internal/project/ProjectStateRegistry;Lorg/gradle/internal/code/UserCodeApplicationContext;)Lorg/gradle/tooling/provider/model/internal/DefaultToolingModelBuilderRegistry; 18 <appendix> member <vmtarget> ; # org/gradle/internal/service/scopes/BuildScopeServices$$Lambda+0x000001af81437588
instanceKlass org/gradle/tooling/provider/model/internal/DefaultToolingModelBuilderRegistry$RegistrationImpl
instanceKlass org/gradle/tooling/provider/model/internal/DefaultToolingModelBuilderRegistry$VoidToolingModelBuilder
instanceKlass org/gradle/tooling/provider/model/internal/ToolingModelBuilderLookup$Builder
instanceKlass org/gradle/tooling/provider/model/internal/ToolingModelBuilderLookup$Registration
instanceKlass org/gradle/plugins/ide/internal/tooling/IdeaModelBuilderInternal
instanceKlass org/gradle/plugins/ide/internal/tooling/GradleProjectBuilderInternal
instanceKlass org/gradle/plugins/ide/internal/tooling/ToolingModelServices$BuildScopeToolingServices$1
# instanceKlass java/lang/invoke/LambdaForm$MH+0x000001af81433c00
# instanceKlass java/lang/invoke/LambdaForm$MH+0x000001af81433800
# instanceKlass java/lang/invoke/LambdaForm$MH+0x000001af81433400
# instanceKlass java/lang/invoke/LambdaForm$MH+0x000001af81433000
# instanceKlass java/lang/invoke/LambdaForm$MH+0x000001af81432c00
# instanceKlass java/lang/invoke/LambdaForm$MH+0x000001af81432800
# instanceKlass java/lang/invoke/LambdaForm$MH+0x000001af81432400
instanceKlass org/gradle/tooling/provider/model/internal/DefaultIntermediateToolingModelProvider
instanceKlass org/gradle/tooling/provider/model/internal/ToolingModelProjectDependencyListener
# instanceKlass java/lang/invoke/LambdaForm$MH+0x000001af81432000
# instanceKlass java/lang/invoke/LambdaForm$MH+0x000001af81431c00
# instanceKlass java/lang/invoke/LambdaForm$MH+0x000001af81431800
# instanceKlass java/lang/invoke/LambdaForm$MH+0x000001af81431400
# instanceKlass java/lang/invoke/LambdaForm$MH+0x000001af81431000
instanceKlass org/gradle/api/internal/project/DefaultProjectTaskLister
instanceKlass org/gradle/declarative/dsl/tooling/builders/internal/BuildScopeToolingServices$createIdeBuildScopeToolingModelBuilderRegistryAction$1
# instanceKlass java/lang/invoke/LambdaForm$MH+0x000001af81430c00
instanceKlass org/gradle/plugin/software/internal/DefaultSoftwareTypeRegistry
instanceKlass  @bci com/google/common/collect/CollectCollectors toImmutableMap (Ljava/util/function/Function;Ljava/util/function/Function;)Ljava/util/stream/Collector; 27 <appendix> argL0 ; # com/google/common/collect/CollectCollectors$$Lambda+0x000001af81435eb0
instanceKlass  @bci com/google/common/collect/CollectCollectors toImmutableMap (Ljava/util/function/Function;Ljava/util/function/Function;)Ljava/util/stream/Collector; 22 <appendix> argL0 ; # com/google/common/collect/CollectCollectors$$Lambda+0x000001af81435c68
instanceKlass  @bci com/google/common/collect/CollectCollectors toImmutableMap (Ljava/util/function/Function;Ljava/util/function/Function;)Ljava/util/stream/Collector; 17 <appendix> member <vmtarget> ; # com/google/common/collect/CollectCollectors$$Lambda+0x000001af81435a30
instanceKlass  @bci com/google/common/collect/CollectCollectors toImmutableMap (Ljava/util/function/Function;Ljava/util/function/Function;)Ljava/util/stream/Collector; 10 <appendix> argL0 ; # com/google/common/collect/CollectCollectors$$Lambda+0x000001af81435810
instanceKlass  @bci org/gradle/internal/properties/bean/DefaultPropertyWalker <init> (Lorg/gradle/internal/properties/annotations/TypeMetadataStore;Lorg/gradle/internal/properties/bean/ImplementationResolver;Ljava/util/Collection;)V 26 <appendix> argL0 ; # org/gradle/internal/properties/bean/DefaultPropertyWalker$$Lambda+0x000001af814355d0
instanceKlass  @bci org/gradle/internal/properties/annotations/AbstractTypeMetadataWalker$InstanceTypeMetadataWalker <init> (Lorg/gradle/internal/properties/annotations/TypeMetadataStore;Ljava/lang/Class;)V 3 <appendix> argL0 ; # org/gradle/internal/properties/annotations/AbstractTypeMetadataWalker$InstanceTypeMetadataWalker$$Lambda+0x000001af814353b0
instanceKlass org/gradle/internal/properties/annotations/AbstractTypeMetadataWalker
instanceKlass org/gradle/internal/properties/annotations/TypeMetadataWalker$StaticMetadataWalker
instanceKlass org/gradle/internal/properties/annotations/TypeMetadataWalker$InstanceMetadataWalker
instanceKlass org/gradle/internal/properties/annotations/TypeMetadataWalker
instanceKlass org/gradle/api/internal/tasks/properties/ScriptSourceAwareImplementationResolver
instanceKlass org/gradle/internal/properties/annotations/TypeMetadataWalker$TypeMetadataVisitor
instanceKlass org/gradle/internal/properties/bean/DefaultPropertyWalker
instanceKlass  @bci java/util/function/Predicate isEqual (Ljava/lang/Object;)Ljava/util/function/Predicate; 14 <appendix> member <vmtarget> ; # java/util/function/Predicate$$Lambda+0x000001af81342f38
instanceKlass  @bci org/gradle/internal/properties/annotations/DefaultTypeMetadataStore calculateDisplayName (Ljava/util/Collection;)Ljava/lang/String; 6 <appendix> argL0 ; # org/gradle/internal/properties/annotations/DefaultTypeMetadataStore$$Lambda+0x000001af81434000
instanceKlass  @bci org/gradle/internal/properties/annotations/DefaultTypeMetadataStore <init> (Ljava/util/Collection;Ljava/util/Collection;Ljava/util/Collection;Ljava/util/Collection;Ljava/util/Collection;Lorg/gradle/internal/reflect/annotations/TypeAnnotationMetadataStore;Lorg/gradle/internal/properties/annotations/PropertyTypeResolver;Lorg/gradle/cache/internal/ClassCacheFactory;Lorg/gradle/internal/properties/annotations/MissingPropertyAnnotationHandler;)V 36 <appendix> argL0 ; # org/gradle/internal/properties/annotations/DefaultTypeMetadataStore$$Lambda+0x000001af8142fd08
instanceKlass  @bci org/gradle/internal/properties/annotations/DefaultTypeMetadataStore <init> (Ljava/util/Collection;Ljava/util/Collection;Ljava/util/Collection;Ljava/util/Collection;Ljava/util/Collection;Lorg/gradle/internal/reflect/annotations/TypeAnnotationMetadataStore;Lorg/gradle/internal/properties/annotations/PropertyTypeResolver;Lorg/gradle/cache/internal/ClassCacheFactory;Lorg/gradle/internal/properties/annotations/MissingPropertyAnnotationHandler;)V 14 <appendix> argL0 ; # org/gradle/internal/properties/annotations/DefaultTypeMetadataStore$$Lambda+0x000001af8142faa8
instanceKlass org/gradle/internal/properties/annotations/PropertyMetadata
instanceKlass org/gradle/internal/properties/annotations/FunctionMetadata
instanceKlass org/gradle/internal/properties/annotations/TypeMetadata
instanceKlass org/gradle/internal/properties/annotations/DefaultTypeMetadataStore
instanceKlass org/gradle/api/internal/tasks/properties/DefaultPropertyTypeResolver
instanceKlass org/gradle/internal/properties/annotations/TypeMetadataStore
instanceKlass org/gradle/internal/properties/bean/ImplementationResolver
instanceKlass org/gradle/internal/properties/annotations/PropertyTypeResolver
instanceKlass org/gradle/api/internal/tasks/properties/InspectionSchemeFactory$InspectionSchemeImpl
instanceKlass  @bci org/gradle/internal/properties/annotations/MissingPropertyAnnotationHandler <clinit> ()V 8 <appendix> argL0 ; # org/gradle/internal/properties/annotations/MissingPropertyAnnotationHandler$$Lambda+0x000001af8142e5f0
instanceKlass  @bci org/gradle/internal/properties/annotations/MissingPropertyAnnotationHandler <clinit> ()V 0 <appendix> argL0 ; # org/gradle/internal/properties/annotations/MissingPropertyAnnotationHandler$$Lambda+0x000001af8142e3d0
instanceKlass org/gradle/internal/reflect/annotations/PropertyAnnotationMetadata
instanceKlass org/gradle/internal/properties/annotations/MissingPropertyAnnotationHandler
instanceKlass org/gradle/api/internal/tasks/properties/InspectionScheme
# instanceKlass java/lang/invoke/LambdaForm$MH+0x000001af81430800
# instanceKlass java/lang/invoke/LambdaForm$MH+0x000001af81430400
# instanceKlass java/lang/invoke/LambdaForm$MH+0x000001af81430000
instanceKlass org/apache/commons/lang/builder/HashCodeBuilder
instanceKlass com/google/common/base/Equivalence$Wrapper
instanceKlass org/gradle/internal/reflect/Methods
instanceKlass org/gradle/internal/lazy/FixedLazy
instanceKlass  @bci org/gradle/internal/reflect/annotations/impl/DefaultTypeAnnotationMetadataStore collectIgnoredPackagePrefixes (Ljava/util/Collection;)Lcom/google/common/collect/ImmutableSet; 6 <appendix> argL0 ; # org/gradle/internal/reflect/annotations/impl/DefaultTypeAnnotationMetadataStore$$Lambda+0x000001af8142c4b8
instanceKlass  @bci org/gradle/internal/service/scopes/ExecutionGlobalServices createAnnotationMetadataStore (Lorg/gradle/cache/internal/CrossBuildInMemoryCacheFactory;Lorg/gradle/internal/service/scopes/ExecutionGlobalServices$AnnotationHandlerRegistar;)Lorg/gradle/internal/reflect/annotations/TypeAnnotationMetadataStore; 110 <appendix> argL0 ; # org/gradle/internal/service/scopes/ExecutionGlobalServices$$Lambda+0x000001af8142c268
instanceKlass org/gradle/internal/scripts/ScriptOrigin
instanceKlass org/gradle/api/internal/DomainObjectCollectionInternal
instanceKlass org/gradle/internal/metaobject/PropertyMixIn
instanceKlass org/gradle/internal/metaobject/MethodMixIn
instanceKlass org/gradle/util/internal/ConfigureUtil$WrappedConfigureAction
instanceKlass  @bci java/util/stream/Collectors uniqKeysMapMerger ()Ljava/util/function/BinaryOperator; 0 <appendix> argL0 ; # java/util/stream/Collectors$$Lambda+0x000001af81342cf0
instanceKlass  @bci java/util/stream/Collectors uniqKeysMapAccumulator (Ljava/util/function/Function;Ljava/util/function/Function;)Ljava/util/function/BiConsumer; 2 <appendix> member <vmtarget> ; # java/util/stream/Collectors$$Lambda+0x000001af81342ab8
instanceKlass  @bci java/util/stream/Collectors toMap (Ljava/util/function/Function;Ljava/util/function/Function;)Ljava/util/stream/Collector; 4 <appendix> argL0 ; # java/util/stream/Collectors$$Lambda+0x000001af81342898
instanceKlass  @bci org/gradle/internal/service/scopes/ExecutionGlobalServices createAnnotationMetadataStore (Lorg/gradle/cache/internal/CrossBuildInMemoryCacheFactory;Lorg/gradle/internal/service/scopes/ExecutionGlobalServices$AnnotationHandlerRegistar;)Lorg/gradle/internal/reflect/annotations/TypeAnnotationMetadataStore; 54 <appendix> argL0 ; # org/gradle/internal/service/scopes/ExecutionGlobalServices$$Lambda+0x000001af814297f0
instanceKlass  @bci org/gradle/internal/service/scopes/ExecutionGlobalServices createAnnotationMetadataStore (Lorg/gradle/cache/internal/CrossBuildInMemoryCacheFactory;Lorg/gradle/internal/service/scopes/ExecutionGlobalServices$AnnotationHandlerRegistar;)Lorg/gradle/internal/reflect/annotations/TypeAnnotationMetadataStore; 49 <appendix> argL0 ; # org/gradle/internal/service/scopes/ExecutionGlobalServices$$Lambda+0x000001af814295b0
instanceKlass org/gradle/internal/reflect/annotations/AnnotationCategory$1
instanceKlass org/gradle/api/internal/plugins/software/RegistersSoftwareTypes
instanceKlass org/gradle/internal/reflect/annotations/impl/DefaultTypeAnnotationMetadataStore$1
instanceKlass org/gradle/internal/reflect/validation/TypeValidationContext
instanceKlass org/gradle/internal/reflect/annotations/HasAnnotationMetadata
instanceKlass org/gradle/internal/reflect/annotations/TypeAnnotationMetadata
instanceKlass org/gradle/internal/reflect/annotations/impl/DefaultTypeAnnotationMetadataStore
instanceKlass  @bci org/gradle/internal/service/scopes/ExecutionGlobalServices lambda$createAnnotationRegistry$1 (Ljava/util/List;Lcom/google/common/collect/ImmutableSet$Builder;)V 2 <appendix> member <vmtarget> ; # org/gradle/internal/service/scopes/ExecutionGlobalServices$$Lambda+0x000001af81428498
instanceKlass  @bci org/gradle/internal/service/scopes/ExecutionGlobalServices createAnnotationRegistry (Ljava/util/List;)Lorg/gradle/internal/service/scopes/ExecutionGlobalServices$AnnotationHandlerRegistar; 1 <appendix> member <vmtarget> ; # org/gradle/internal/service/scopes/ExecutionGlobalServices$$Lambda+0x000001af81428270
instanceKlass org/gradle/api/tasks/UntrackedTask
instanceKlass org/gradle/work/DisableCachingByDefault
instanceKlass org/gradle/api/tasks/CacheableTask
instanceKlass org/gradle/api/artifacts/transform/CacheableTransform
instanceKlass org/gradle/internal/properties/annotations/AbstractTypeAnnotationHandler
instanceKlass org/gradle/internal/build/DefaultBuildToolingModelController
instanceKlass  @bci org/gradle/internal/buildtree/DefaultBuildTreeModelCreator$DefaultBuildTreeModelController locateBuilderForBuildTarget (Lorg/gradle/internal/build/BuildState;Ljava/lang/String;Z)Lorg/gradle/tooling/provider/model/internal/ToolingModelScope; 3 <appendix> member <vmtarget> ; # org/gradle/internal/buildtree/DefaultBuildTreeModelCreator$DefaultBuildTreeModelController$$Lambda+0x000001af81427890
instanceKlass  @cpi org/gradle/internal/buildtree/DefaultBuildTreeModelCreator$DefaultBuildTreeModelController 319 form vmentry <vmtarget> ; # java/lang/invoke/LambdaForm$DMH+0x000001af81421000
instanceKlass org/gradle/tooling/provider/model/internal/ToolingModelScope
instanceKlass org/gradle/internal/build/BuildToolingModelController
instanceKlass org/gradle/internal/buildtree/DefaultBuildTreeModelCreator$DefaultBuildTreeModelController$1
instanceKlass org/gradle/internal/buildtree/DefaultBuildTreeModelCreator$DefaultBuildTreeModelController
instanceKlass  @bci org/gradle/internal/model/StateTransitionController lambda$transition$7 (Lorg/gradle/internal/model/StateTransitionController$State;Lorg/gradle/internal/model/StateTransitionController$State;Ljava/util/function/Supplier;)Ljava/lang/Object; 4 <appendix> member <vmtarget> ; # org/gradle/internal/model/StateTransitionController$$Lambda+0x000001af81426db8
instanceKlass  @bci org/gradle/internal/model/StateTransitionController transition (Lorg/gradle/internal/model/StateTransitionController$State;Lorg/gradle/internal/model/StateTransitionController$State;Ljava/util/function/Supplier;)Ljava/lang/Object; 8 <appendix> member <vmtarget> ; # org/gradle/internal/model/StateTransitionController$$Lambda+0x000001af81426b90
instanceKlass  @bci org/gradle/internal/buildtree/DefaultBuildTreeLifecycleController runBuild (Ljava/util/function/Supplier;)Ljava/lang/Object; 12 <appendix> member <vmtarget> ; # org/gradle/internal/buildtree/DefaultBuildTreeLifecycleController$$Lambda+0x000001af81426968
instanceKlass  @bci org/gradle/api/internal/artifacts/ivyservice/resolveengine/graph/builder/ResolveState getModule (Lorg/gradle/api/artifacts/ModuleIdentifier;Z)Lorg/gradle/api/internal/artifacts/ivyservice/resolveengine/graph/builder/ModuleResolveState; 8 <adapter> ; # java/lang/invoke/LambdaForm$MH+0x000001af81420c00
# instanceKlass java/lang/invoke/LambdaForm$DMH+0x000001af81420800
instanceKlass  @bci org/gradle/api/internal/artifacts/ivyservice/resolveengine/graph/builder/ResolveState getModule (Lorg/gradle/api/artifacts/ModuleIdentifier;Z)Lorg/gradle/api/internal/artifacts/ivyservice/resolveengine/graph/builder/ModuleResolveState; 8 <appendix> form vmentry <vmtarget> ; # java/lang/invoke/LambdaForm$DMH+0x000001af81420400
instanceKlass  @bci org/gradle/internal/buildtree/DefaultBuildTreeLifecycleController fromBuildModel (ZLorg/gradle/internal/buildtree/BuildTreeModelAction;)Ljava/lang/Object; 4 <appendix> member <vmtarget> ; # org/gradle/internal/buildtree/DefaultBuildTreeLifecycleController$$Lambda+0x000001af81426740
instanceKlass org/gradle/internal/build/ExecutionResult
instanceKlass org/gradle/internal/buildtree/BuildTreeModelTarget
instanceKlass org/gradle/tooling/internal/provider/runner/BuildModelActionRunner$ModelCreateAction
instanceKlass  @bci org/gradle/internal/buildtree/ProblemReportingBuildActionRunner getRootProjectBuildDirCollectingListener (Lorg/gradle/internal/buildtree/BuildTreeLifecycleController;)Lorg/gradle/internal/buildtree/ProblemReportingBuildActionRunner$RootProjectBuildDirCollectingListener; 14 <appendix> member <vmtarget> ; # org/gradle/internal/buildtree/ProblemReportingBuildActionRunner$$Lambda+0x000001af81425eb0
instanceKlass org/gradle/internal/event/DefaultListenerManager$ExclusiveEventBroadcast$3
instanceKlass  @bci org/gradle/internal/model/StateTransitionController inState (Lorg/gradle/internal/model/StateTransitionController$State;Ljava/util/function/Supplier;)Ljava/lang/Object; 7 <appendix> member <vmtarget> ; # org/gradle/internal/model/StateTransitionController$$Lambda+0x000001af814257b8
instanceKlass  @bci org/gradle/internal/model/StateTransitionController inState (Lorg/gradle/internal/model/StateTransitionController$State;Ljava/lang/Runnable;)V 3 <appendix> member <vmtarget> ; # org/gradle/internal/model/StateTransitionController$$Lambda+0x000001af81425590
instanceKlass  @bci org/gradle/internal/buildtree/DefaultBuildTreeLifecycleController beforeBuild (Ljava/util/function/Consumer;)V 9 <appendix> member <vmtarget> ; # org/gradle/internal/buildtree/DefaultBuildTreeLifecycleController$$Lambda+0x000001af81425368
instanceKlass  @bci org/gradle/launcher/exec/BuildOutcomeReportingBuildActionRunner run (Lorg/gradle/internal/invocation/BuildAction;Lorg/gradle/internal/buildtree/BuildTreeLifecycleController;)Lorg/gradle/internal/buildtree/BuildActionRunner$Result; 53 <appendix> member <vmtarget> ; # org/gradle/launcher/exec/BuildOutcomeReportingBuildActionRunner$$Lambda+0x000001af81425130
instanceKlass org/gradle/internal/logging/format/TersePrettyDurationFormatter
instanceKlass org/gradle/internal/buildevents/BuildResultLogger
instanceKlass org/gradle/util/internal/TreeVisitor
instanceKlass org/gradle/internal/exceptions/FailureResolutionAware$Context
instanceKlass org/gradle/internal/buildevents/BuildExceptionReporter
instanceKlass org/gradle/internal/logging/format/DurationFormatter
instanceKlass org/gradle/internal/buildevents/BuildLogger
instanceKlass org/gradle/api/internal/tasks/execution/statistics/TaskExecutionStatisticsEventAdapter
instanceKlass org/gradle/tooling/internal/provider/FileSystemWatchingBuildActionRunner$1
instanceKlass org/gradle/internal/watch/options/FileSystemWatchingSettingsFinalizedProgressDetails
instanceKlass org/gradle/internal/operations/notify/BuildOperationNotificationBridge$Finished
instanceKlass org/gradle/internal/operations/OperationFinishEvent
instanceKlass org/gradle/internal/watch/vfs/impl/WatchingVirtualFileSystem$1$1
instanceKlass org/gradle/internal/watch/vfs/BuildStartedFileSystemWatchingBuildOperationType$Result
instanceKlass  @bci org/gradle/internal/watch/registry/impl/AbstractFileWatcherUpdater update (Lorg/gradle/internal/snapshot/SnapshotHierarchy;)V 58 <appendix> member <vmtarget> ; # org/gradle/internal/watch/registry/impl/AbstractFileWatcherUpdater$$Lambda+0x000001af8141eb10
instanceKlass  @bci org/gradle/internal/watch/registry/impl/AbstractFileWatcherUpdater hasWatchableContent (Ljava/util/stream/Stream;Lorg/gradle/internal/watch/registry/impl/WatchableHierarchies;)Z 2 <appendix> member <vmtarget> ; # org/gradle/internal/watch/registry/impl/AbstractFileWatcherUpdater$$Lambda+0x000001af8141e8b8
instanceKlass  @bci org/gradle/internal/watch/registry/impl/AbstractFileWatcherUpdater resolveWatchedFiles (Lorg/gradle/internal/watch/registry/impl/WatchableHierarchies;Lorg/gradle/internal/snapshot/SnapshotHierarchy;)Lorg/gradle/internal/file/FileHierarchySet; 29 <appendix> argL0 ; # org/gradle/internal/watch/registry/impl/AbstractFileWatcherUpdater$$Lambda+0x000001af8141e688
instanceKlass  @bci org/gradle/internal/watch/registry/impl/AbstractFileWatcherUpdater resolveWatchedFiles (Lorg/gradle/internal/watch/registry/impl/WatchableHierarchies;Lorg/gradle/internal/snapshot/SnapshotHierarchy;)Lorg/gradle/internal/file/FileHierarchySet; 16 <appendix> member <vmtarget> ; # org/gradle/internal/watch/registry/impl/AbstractFileWatcherUpdater$$Lambda+0x000001af8141e430
instanceKlass  @bci org/gradle/internal/watch/registry/impl/AbstractFileWatcherUpdater resolveWatchedFiles (Lorg/gradle/internal/watch/registry/impl/WatchableHierarchies;Lorg/gradle/internal/snapshot/SnapshotHierarchy;)Lorg/gradle/internal/file/FileHierarchySet; 4 <appendix> argL0 ; # org/gradle/internal/watch/registry/impl/AbstractFileWatcherUpdater$$Lambda+0x000001af8141e1f0
instanceKlass java/util/ArrayDeque$DeqSpliterator
instanceKlass  @bci org/gradle/internal/watch/registry/impl/WatchableHierarchies checkThatNothingExistsInNewWatchableHierarchy (Ljava/lang/String;Lorg/gradle/internal/snapshot/SnapshotHierarchy;)V 24 <appendix> member <vmtarget> ; # org/gradle/internal/watch/registry/impl/WatchableHierarchies$$Lambda+0x000001af8141db78
instanceKlass  @bci org/gradle/internal/watch/registry/impl/WatchableHierarchies checkThatNothingExistsInNewWatchableHierarchy (Ljava/lang/String;Lorg/gradle/internal/snapshot/SnapshotHierarchy;)V 8 <appendix> member <vmtarget> ; # org/gradle/internal/watch/registry/impl/WatchableHierarchies$$Lambda+0x000001af8141d920
instanceKlass  @bci org/gradle/internal/watch/vfs/impl/WatchingVirtualFileSystem startWatching (Lorg/gradle/internal/snapshot/SnapshotHierarchy;Lorg/gradle/internal/watch/registry/WatchMode;Ljava/util/List;)Lorg/gradle/internal/snapshot/SnapshotHierarchy; 85 <appendix> member <vmtarget> ; # org/gradle/internal/watch/vfs/impl/WatchingVirtualFileSystem$$Lambda+0x000001af8141d6e8
instanceKlass  @bci org/gradle/internal/watch/registry/impl/WatchableHierarchies updateUnwatchableFilesOnBuildStart (Lorg/gradle/internal/snapshot/SnapshotHierarchy;Lorg/gradle/internal/watch/registry/impl/WatchableHierarchies$Invalidator;Ljava/util/List;)Lorg/gradle/internal/snapshot/SnapshotHierarchy; 19 <appendix> argL0 ; # org/gradle/internal/watch/registry/impl/WatchableHierarchies$$Lambda+0x000001af8141d4b8
instanceKlass  @bci org/gradle/internal/Combiners nonCombining ()Ljava/util/function/BinaryOperator; 0 <appendix> argL0 ; # org/gradle/internal/Combiners$$Lambda+0x000001af8141d270
instanceKlass org/gradle/internal/Combiners
instanceKlass  @bci org/gradle/internal/watch/registry/impl/WatchableHierarchies removeUnprovenHierarchies (Lorg/gradle/internal/snapshot/SnapshotHierarchy;Lorg/gradle/internal/watch/registry/impl/WatchableHierarchies$Invalidator;Lorg/gradle/internal/watch/registry/WatchMode;)Lorg/gradle/internal/snapshot/SnapshotHierarchy; 13 <appendix> member <vmtarget> ; # org/gradle/internal/watch/registry/impl/WatchableHierarchies$$Lambda+0x000001af8141ce30
instanceKlass  @bci org/gradle/internal/watch/registry/impl/DefaultFileWatcherProbeRegistry unprovenHierarchies ()Ljava/util/stream/Stream; 24 <appendix> argL0 ; # org/gradle/internal/watch/registry/impl/DefaultFileWatcherProbeRegistry$$Lambda+0x000001af8141cbf0
instanceKlass  @bci org/gradle/internal/watch/registry/impl/DefaultFileWatcherProbeRegistry unprovenHierarchies ()Ljava/util/stream/Stream; 14 <appendix> argL0 ; # org/gradle/internal/watch/registry/impl/DefaultFileWatcherProbeRegistry$$Lambda+0x000001af8141c9a0
instanceKlass  @cpi org/gradle/api/internal/catalog/DefaultDependenciesAccessors 738 form vmentry <vmtarget> ; # java/lang/invoke/LambdaForm$DMH+0x000001af81420000
instanceKlass org/gradle/internal/watch/registry/impl/DefaultFileWatcherProbeRegistry$WatchProbe
instanceKlass  @bci org/gradle/internal/watch/registry/impl/HierarchicalFileWatcherUpdater createInvalidator ()Lorg/gradle/internal/watch/registry/impl/WatchableHierarchies$Invalidator; 0 <appendix> argL0 ; # org/gradle/internal/watch/registry/impl/HierarchicalFileWatcherUpdater$$Lambda+0x000001af8141c540
instanceKlass org/gradle/internal/watch/registry/impl/WatchableHierarchies$Invalidator
instanceKlass  @bci org/gradle/internal/watch/registry/impl/DefaultFileWatcherRegistry createAndStartEventConsumerThread (Lorg/gradle/internal/watch/registry/FileWatcherRegistry$ChangeHandler;)Ljava/lang/Thread; 28 <appendix> member <vmtarget> ; # org/gradle/internal/watch/registry/impl/DefaultFileWatcherRegistry$$Lambda+0x000001af8141c118
instanceKlass  @bci org/gradle/internal/watch/registry/impl/DefaultFileWatcherRegistry createAndStartEventConsumerThread (Lorg/gradle/internal/watch/registry/FileWatcherRegistry$ChangeHandler;)Ljava/lang/Thread; 6 <appendix> member <vmtarget> ; # org/gradle/internal/watch/registry/impl/DefaultFileWatcherRegistry$$Lambda+0x000001af8141bef0
instanceKlass org/gradle/internal/watch/registry/impl/DefaultFileWatcherRegistry$MutableFileWatchingStatistics
instanceKlass org/gradle/fileevents/FileWatchEvent$Handler
instanceKlass org/gradle/internal/watch/registry/FileWatcherRegistry$FileWatchingStatistics
instanceKlass org/gradle/internal/watch/registry/impl/DefaultFileWatcherRegistry
instanceKlass  @bci org/gradle/internal/watch/registry/impl/WindowsFileWatcherRegistryFactory createFileWatcherUpdater (Lorg/gradle/fileevents/internal/WindowsFileEventFunctions$WindowsFileWatcher;Lorg/gradle/internal/watch/registry/FileWatcherProbeRegistry;Lorg/gradle/internal/watch/registry/impl/WatchableHierarchies;)Lorg/gradle/internal/watch/registry/FileWatcherUpdater; 11 <appendix> member <vmtarget> ; # org/gradle/internal/watch/registry/impl/WindowsFileWatcherRegistryFactory$$Lambda+0x000001af8141b3b8
instanceKlass org/gradle/internal/watch/registry/impl/AbstractFileWatcherUpdater$MovedDirectoryHandler
instanceKlass  @bci org/gradle/internal/watch/registry/impl/HierarchicalFileWatcherUpdater$FileSystemLocationToWatchValidator <clinit> ()V 0 <appendix> argL0 ; # org/gradle/internal/watch/registry/impl/HierarchicalFileWatcherUpdater$FileSystemLocationToWatchValidator$$Lambda+0x000001af8141af98
instanceKlass org/gradle/internal/watch/registry/impl/HierarchicalFileWatcherUpdater$FileSystemLocationToWatchValidator
instanceKlass org/gradle/internal/watch/registry/impl/AbstractFileWatcherUpdater
instanceKlass org/gradle/internal/file/FileHierarchySet$RootVisitor
instanceKlass org/gradle/internal/watch/registry/impl/WatchableHierarchies
instanceKlass org/gradle/fileevents/internal/AbstractFileEventFunctions$AbstractFileWatcher
instanceKlass org/gradle/fileevents/FileWatchEvent
instanceKlass org/gradle/fileevents/internal/AbstractFileEventFunctions$NativeFileWatcherCallback
instanceKlass  @bci org/gradle/internal/watch/registry/impl/AbstractFileWatcherRegistryFactory createFileWatcherRegistry (Lorg/gradle/internal/watch/registry/FileWatcherRegistry$ChangeHandler;)Lorg/gradle/internal/watch/registry/FileWatcherRegistry; 15 <appendix> argL0 ; # org/gradle/internal/watch/registry/impl/AbstractFileWatcherRegistryFactory$$Lambda+0x000001af81418db8
instanceKlass org/gradle/internal/watch/registry/impl/DefaultFileWatcherProbeRegistry
instanceKlass org/gradle/internal/watch/vfs/impl/WatchingVirtualFileSystem$BroadcastingChangeHandler
instanceKlass org/gradle/internal/watch/vfs/impl/WatchingVirtualFileSystem$InvalidateVfsChangeHandler
instanceKlass org/gradle/internal/watch/vfs/impl/WatchingVirtualFileSystem$CompositeChangeHandler
instanceKlass org/gradle/internal/watch/vfs/impl/WatchingVirtualFileSystem$FilterChangesToOutputsChangesHandler
instanceKlass  @bci org/gradle/internal/watch/vfs/impl/WatchingVirtualFileSystem$1 call (Lorg/gradle/internal/operations/BuildOperationContext;)Lorg/gradle/internal/snapshot/SnapshotHierarchy; 56 <appendix> member <vmtarget> ; # org/gradle/internal/watch/vfs/impl/WatchingVirtualFileSystem$1$$Lambda+0x000001af81418000
instanceKlass  @bci org/gradle/internal/watch/vfs/impl/DefaultWatchableFileSystemDetector detectUnsupportedFileSystems ()Ljava/util/stream/Stream; 24 <appendix> argL0 ; # org/gradle/internal/watch/vfs/impl/DefaultWatchableFileSystemDetector$$Lambda+0x000001af81417b90
instanceKlass  @bci org/gradle/internal/watch/vfs/impl/DefaultWatchableFileSystemDetector detectUnsupportedFileSystems ()Ljava/util/stream/Stream; 14 <appendix> argL0 ; # org/gradle/internal/watch/vfs/impl/DefaultWatchableFileSystemDetector$$Lambda+0x000001af81417940
instanceKlass net/rubygrapefruit/platform/internal/FileSystemList$DefaultCaseSensitivity
instanceKlass net/rubygrapefruit/platform/internal/DefaultFileSystemInfo
instanceKlass net/rubygrapefruit/platform/file/FileSystemInfo
instanceKlass net/rubygrapefruit/platform/internal/jni/PosixFileSystemFunctions
instanceKlass net/rubygrapefruit/platform/file/CaseSensitivity
instanceKlass net/rubygrapefruit/platform/internal/FileSystemList
instanceKlass org/gradle/api/internal/tasks/execution/ExecuteTaskBuildOperationDetails
instanceKlass org/gradle/internal/operations/trace/CustomOperationTraceSerialization
instanceKlass org/gradle/api/internal/tasks/execution/ExecuteTaskBuildOperationType$Details
instanceKlass org/gradle/internal/watch/vfs/BuildStartedFileSystemWatchingBuildOperationType$Details$1
instanceKlass org/gradle/internal/watch/vfs/BuildStartedFileSystemWatchingBuildOperationType$Details
instanceKlass org/gradle/internal/watch/vfs/FileSystemWatchingStatistics
instanceKlass org/gradle/internal/watch/vfs/impl/WatchingVirtualFileSystem$1
instanceKlass  @bci org/gradle/internal/watch/vfs/impl/WatchingVirtualFileSystem afterBuildStarted (Lorg/gradle/internal/watch/registry/WatchMode;Lorg/gradle/internal/watch/vfs/VfsLogging;Lorg/gradle/internal/operations/BuildOperationRunner;)Z 26 <appendix> member <vmtarget> ; # org/gradle/internal/watch/vfs/impl/WatchingVirtualFileSystem$$Lambda+0x000001af814156c0
instanceKlass org/slf4j/helpers/NamedLoggerBase
instanceKlass org/gradle/configuration/internal/DefaultListenerBuildOperationDecorator
instanceKlass com/google/common/util/concurrent/AbstractFuture$Failure
instanceKlass com/google/common/util/concurrent/AbstractFuture$Cancellation
instanceKlass com/google/common/util/concurrent/AbstractFuture$DelegatingToFuture
instanceKlass com/google/common/util/concurrent/Platform
instanceKlass com/google/common/util/concurrent/Uninterruptibles
instanceKlass org/gradle/api/tasks/util/internal/CachingPatternSpecFactory$CachingSpec
instanceKlass org/gradle/api/internal/file/RelativePathSpec
instanceKlass org/gradle/api/internal/file/pattern/AnythingMatcher
instanceKlass org/gradle/api/internal/file/pattern/FixedPatternStep
instanceKlass org/gradle/api/internal/file/pattern/HasSuffixPatternStep
instanceKlass org/gradle/api/internal/file/pattern/HasPrefixPatternStep
instanceKlass org/gradle/api/internal/file/pattern/HasPrefixAndSuffixPatternStep
instanceKlass org/gradle/api/internal/file/pattern/AnyWildcardPatternStep
instanceKlass org/gradle/api/internal/file/pattern/PatternStep
instanceKlass org/gradle/api/internal/file/pattern/PatternStepFactory
instanceKlass org/gradle/api/internal/file/pattern/FixedStepPathMatcher
instanceKlass org/gradle/api/internal/file/pattern/GreedyPathMatcher
instanceKlass org/gradle/api/internal/file/pattern/EndOfPathMatcher
instanceKlass org/gradle/api/internal/file/pattern/PatternMatcher
instanceKlass org/gradle/api/internal/file/pattern/PathMatcher
instanceKlass org/gradle/api/internal/file/pattern/PatternMatcherFactory
instanceKlass com/google/common/base/Stopwatch
instanceKlass com/google/common/util/concurrent/AbstractFuture$Listener
instanceKlass com/google/common/util/concurrent/AbstractFutureState$Waiter
instanceKlass com/google/common/util/concurrent/LazyLogger
instanceKlass com/google/common/util/concurrent/AbstractFutureState$AtomicHelper
instanceKlass com/google/common/util/concurrent/internal/InternalFutureFailureAccess
instanceKlass com/google/common/util/concurrent/AbstractFuture$Trusted
instanceKlass com/google/common/util/concurrent/ListenableFuture
instanceKlass org/gradle/api/tasks/util/internal/CachingPatternSpecFactory$1
instanceKlass org/gradle/api/tasks/util/internal/CachingPatternSpecFactory$SpecKey
instanceKlass  @bci org/gradle/launcher/exec/RootBuildLifecycleBuildActionExecutor execute (Lorg/gradle/internal/invocation/BuildAction;Lorg/gradle/internal/buildtree/BuildTreeContext;)Lorg/gradle/internal/buildtree/BuildActionRunner$Result; 70 <appendix> member <vmtarget> ; # org/gradle/launcher/exec/RootBuildLifecycleBuildActionExecutor$$Lambda+0x000001af8140e400
instanceKlass org/gradle/initialization/buildsrc/BuildSrcDetector
instanceKlass  @bci org/gradle/internal/vfs/impl/AbstractVirtualFileSystem updateRootUnderLock (Ljava/util/function/UnaryOperator;)V 3 <appendix> member <vmtarget> ; # org/gradle/internal/vfs/impl/AbstractVirtualFileSystem$$Lambda+0x000001af8140dfd0
instanceKlass  @bci org/gradle/internal/watch/vfs/impl/WatchingVirtualFileSystem registerWatchableHierarchy (Ljava/io/File;)V 3 <appendix> member <vmtarget> ; # org/gradle/internal/watch/vfs/impl/WatchingVirtualFileSystem$$Lambda+0x000001af8140dd70
instanceKlass java/util/function/UnaryOperator
instanceKlass org/gradle/internal/buildtree/DefaultBuildTreeLifecycleController
instanceKlass org/gradle/internal/buildtree/BuildTreeLifecycleController
instanceKlass org/gradle/internal/cc/impl/VintageBuildTreeWorkController
instanceKlass org/gradle/internal/buildtree/BuildTreeWorkController
instanceKlass org/gradle/internal/buildtree/IntermediateBuildActionRunner
instanceKlass org/gradle/internal/buildtree/BuildTreeModelController
instanceKlass org/gradle/internal/buildtree/DefaultBuildTreeModelCreator
instanceKlass org/gradle/internal/buildtree/BuildTreeModelCreator
instanceKlass org/gradle/internal/buildtree/DefaultBuildTreeWorkPreparer
instanceKlass org/gradle/internal/buildtree/BuildTreeWorkPreparer
instanceKlass org/gradle/internal/buildtree/DefaultBuildTreeFinishExecutor
instanceKlass org/gradle/composite/internal/OperationFiringBuildTreeFinishExecutor$3
instanceKlass org/gradle/composite/internal/OperationFiringBuildTreeFinishExecutor$2
instanceKlass org/gradle/operations/lifecycle/FinishRootBuildTreeBuildOperationType$Result
instanceKlass org/gradle/operations/lifecycle/FinishRootBuildTreeBuildOperationType$Details
instanceKlass org/gradle/composite/internal/OperationFiringBuildTreeFinishExecutor
instanceKlass org/gradle/internal/buildtree/DefaultBuildTreeWorkExecutor
instanceKlass org/gradle/internal/buildtree/BuildOperationFiringBuildTreeWorkExecutor$1
instanceKlass org/gradle/operations/lifecycle/RunRequestedWorkBuildOperationType$Details
instanceKlass org/gradle/internal/buildtree/BuildOperationFiringBuildTreeWorkExecutor
# instanceKlass java/lang/invoke/LambdaForm$MH+0x000001af81409400
# instanceKlass java/lang/invoke/LambdaForm$MH+0x000001af81409000
# instanceKlass java/lang/invoke/LambdaForm$MH+0x000001af81408c00
# instanceKlass java/lang/invoke/LambdaForm$MH+0x000001af81408800
# instanceKlass java/lang/invoke/LambdaForm$MH+0x000001af81408400
# instanceKlass java/lang/invoke/LambdaForm$MH+0x000001af81408000
# instanceKlass java/lang/invoke/LambdaForm$MH+0x000001af81403c00
# instanceKlass java/lang/invoke/LambdaForm$MH+0x000001af81403800
# instanceKlass java/lang/invoke/LambdaForm$MH+0x000001af81403400
# instanceKlass java/lang/invoke/LambdaForm$DMH+0x000001af81403000
instanceKlass org/gradle/internal/cc/impl/models/DefaultToolingModelParameterCarrierFactory
instanceKlass org/gradle/execution/SelectedTaskExecutionAction
instanceKlass org/gradle/execution/DryRunBuildExecutionAction
instanceKlass org/gradle/execution/BuildOperationFiringBuildWorkerExecutor
instanceKlass org/gradle/internal/build/DefaultBuildWorkPreparer
instanceKlass org/gradle/internal/build/BuildOperationFiringBuildWorkPreparer
instanceKlass org/gradle/execution/plan/ToPlannedNodeConverterRegistry$MissingToPlannedNodeConverter
instanceKlass org/gradle/execution/plan/ExecutionPlan
# instanceKlass java/lang/invoke/LambdaForm$MH+0x000001af81402c00
# instanceKlass java/lang/invoke/LambdaForm$MH+0x000001af81402800
# instanceKlass java/lang/invoke/LambdaForm$MH+0x000001af81402400
# instanceKlass java/lang/invoke/LambdaForm$MH+0x000001af81402000
# instanceKlass java/lang/invoke/LambdaForm$MH+0x000001af81401c00
# instanceKlass java/lang/invoke/LambdaForm$MH+0x000001af81401800
# instanceKlass java/lang/invoke/LambdaForm$MH+0x000001af81401400
# instanceKlass java/lang/invoke/LambdaForm$MH+0x000001af81401000
instanceKlass org/gradle/internal/graph/CachingDirectedGraphWalker$GraphWithEmptyEdges
instanceKlass org/gradle/api/internal/tasks/CachingTaskDependencyResolveContext$TaskGraphImpl
instanceKlass org/gradle/internal/graph/DirectedGraphWithEdgeValues
instanceKlass org/gradle/internal/graph/CachingDirectedGraphWalker
instanceKlass org/gradle/internal/graph/DirectedGraph
instanceKlass org/gradle/api/internal/tasks/AbstractTaskDependencyResolveContext
instanceKlass org/gradle/api/internal/tasks/TaskDependencyResolveContext
instanceKlass org/gradle/api/internal/artifacts/transform/ToPlannedTransformStepConverter
instanceKlass org/gradle/internal/taskgraph/CalculateTaskGraphBuildOperationType$TaskIdentity
instanceKlass org/gradle/internal/taskgraph/NodeIdentity
instanceKlass org/gradle/execution/plan/PlannedNodeInternal
instanceKlass org/gradle/internal/taskgraph/CalculateTaskGraphBuildOperationType$PlannedNode
instanceKlass org/gradle/execution/plan/ToPlannedTaskConverter
instanceKlass  @bci org/gradle/execution/plan/TaskNodeFactory <init> (Lorg/gradle/api/internal/GradleInternal;Lorg/gradle/composite/internal/BuildTreeWorkGraphController;Lorg/gradle/execution/plan/NodeValidator;Lorg/gradle/internal/operations/BuildOperationRunner;Lorg/gradle/execution/plan/ExecutionNodeAccessHierarchies;Lorg/gradle/api/problems/internal/InternalProblems;)V 49 <appendix> member <vmtarget> ; # org/gradle/execution/plan/TaskNodeFactory$$Lambda+0x000001af813fbc38
instanceKlass org/gradle/execution/plan/TaskNodeFactory$DefaultTypeOriginInspectorFactory
# instanceKlass java/lang/invoke/LambdaForm$MH+0x000001af81400c00
# instanceKlass java/lang/invoke/LambdaForm$MH+0x000001af81400800
# instanceKlass java/lang/invoke/LambdaForm$MH+0x000001af81400400
# instanceKlass java/lang/invoke/LambdaForm$MH+0x000001af81400000
# instanceKlass java/lang/invoke/LambdaForm$MH+0x000001af813fb400
instanceKlass org/gradle/execution/plan/SingleFileTreeElementMatcher
instanceKlass org/gradle/internal/collect/PersistentList
instanceKlass org/gradle/execution/plan/ValuedVfsHierarchy
instanceKlass org/gradle/execution/plan/ExecutionNodeAccessHierarchy$AbstractNodeAccessVisitor
instanceKlass org/gradle/execution/plan/ValuedVfsHierarchy$ValueVisitor
instanceKlass org/gradle/execution/plan/ExecutionNodeAccessHierarchy
instanceKlass org/gradle/internal/build/BuildModelLifecycleListener
instanceKlass org/gradle/BuildResult
instanceKlass org/gradle/execution/plan/BuildWorkPlan
instanceKlass org/gradle/internal/build/DefaultBuildLifecycleController
instanceKlass org/gradle/internal/model/StateTransitionController$CurrentState
instanceKlass org/gradle/internal/model/StateTransitionController
instanceKlass org/gradle/api/internal/artifacts/DefaultBuildIdentifier
instanceKlass org/gradle/internal/model/StateTransitionController$State
instanceKlass org/gradle/initialization/VintageBuildModelController
instanceKlass org/gradle/initialization/DefaultTaskExecutionPreparer
instanceKlass org/gradle/execution/EntryTaskSelector$Context
instanceKlass org/gradle/execution/TaskNameResolvingBuildTaskScheduler
instanceKlass org/gradle/execution/DefaultTasksBuildTaskScheduler
# instanceKlass java/lang/invoke/LambdaForm$MH+0x000001af813fb000
# instanceKlass java/lang/invoke/LambdaForm$MH+0x000001af813fac00
# instanceKlass java/lang/invoke/LambdaForm$MH+0x000001af813fa800
# instanceKlass java/lang/invoke/LambdaForm$MH+0x000001af813fa400
instanceKlass  @bci org/gradle/execution/selection/DefaultBuildTaskSelector relativeToBuild (Lorg/gradle/internal/build/BuildState;)Lorg/gradle/execution/selection/BuildTaskSelector$BuildSpecificSelector; 2 <appendix> member <vmtarget> ; # org/gradle/execution/selection/DefaultBuildTaskSelector$$Lambda+0x000001af813f6e38
instanceKlass org/gradle/execution/commandline/CommandLineTaskConfigurer
# instanceKlass java/lang/invoke/LambdaForm$MH+0x000001af813fa000
# instanceKlass java/lang/invoke/LambdaForm$MH+0x000001af813f9c00
instanceKlass org/gradle/api/internal/tasks/options/OptionValueNotationParserFactory
